# STRIA conceptual geometry. Units: metres.
v -0.95320482 -1.14906666 0.09978826
v -0.96079868 -1.15821528 0.09917069
v -0.96929894 -1.16491252 0.10413432
v -0.97642796 -1.16736389 0.11334915
v -0.98027553 -1.16491252 0.12434606
v -0.97981069 -1.15821528 0.13417845
v -0.97515801 -1.14906666 0.14021174
v -0.96756415 -1.13991805 0.14082931
v -0.95906389 -1.13322081 0.13586568
v -0.95193487 -1.13076944 0.12665085
v -0.94808730 -1.13322081 0.11565394
v -0.94855214 -1.13991805 0.10582155
v -0.99501892 -1.12246931 0.09700000
v -1.00264740 -1.13107491 0.10008142
v -1.00823183 -1.13737464 0.10850000
v -1.01027587 -1.13968051 0.12000000
v -1.00823183 -1.13737464 0.13150000
v -1.00264740 -1.13107491 0.13991858
v -0.99501892 -1.12246931 0.14300000
v -0.98739044 -1.11386371 0.13991858
v -0.98180600 -1.10756398 0.13150000
v -0.97976196 -1.10525812 0.12000000
v -0.98180600 -1.10756398 0.10850000
v -0.98739044 -1.11386371 0.10008142
v -1.02512304 -1.09504464 0.09700000
v -1.03298231 -1.10343998 0.10008142
v -1.03873570 -1.10958580 0.10850000
v -1.04084159 -1.11183532 0.12000000
v -1.03873570 -1.10958580 0.13150000
v -1.03298231 -1.10343998 0.13991858
v -1.02512304 -1.09504464 0.14300000
v -1.01726376 -1.08664930 0.13991858
v -1.01151037 -1.08050348 0.13150000
v -1.00940448 -1.07825395 0.12000000
v -1.01151037 -1.08050348 0.10850000
v -1.01726376 -1.08664930 0.10008142
v -1.05447159 -1.06681286 0.09700000
v -1.06255587 -1.07499176 0.10008142
v -1.06847397 -1.08097913 0.10850000
v -1.07064015 -1.08317066 0.12000000
v -1.06847397 -1.08097913 0.13150000
v -1.06255587 -1.07499176 0.13991858
v -1.05447159 -1.06681286 0.14300000
v -1.04638730 -1.05863396 0.13991858
v -1.04046920 -1.05264659 0.13150000
v -1.03830302 -1.05045506 0.12000000
v -1.04046920 -1.05264659 0.10850000
v -1.04638730 -1.05863396 0.10008142
v -1.08304293 -1.03779478 0.09700000
v -1.09134626 -1.04575121 0.10008142
v -1.09742472 -1.05157571 0.10850000
v -1.09964959 -1.05370763 0.12000000
v -1.09742472 -1.05157571 0.13150000
v -1.09134626 -1.04575121 0.13991858
v -1.08304293 -1.03779478 0.14300000
v -1.07473960 -1.02983835 0.13991858
v -1.06866115 -1.02401384 0.13150000
v -1.06643627 -1.02188193 0.12000000
v -1.06866115 -1.02401384 0.10850000
v -1.07473960 -1.02983835 0.10008142
v -1.11081602 -1.00801179 0.09700000
v -1.11933228 -1.01573988 0.10008142
v -1.12556661 -1.02139724 0.10850000
v -1.12784853 -1.02346797 0.12000000
v -1.12556661 -1.02139724 0.13150000
v -1.11933228 -1.01573988 0.13991858
v -1.11081602 -1.00801179 0.14300000
v -1.10229976 -1.00028370 0.13991858
v -1.09606543 -0.99462635 0.13150000
v -1.09378351 -0.99255561 0.12000000
v -1.09606543 -0.99462635 0.10850000
v -1.10229976 -1.00028370 0.10008142
v -1.13777038 -0.97748584 0.09700000
v -1.14649328 -0.98497990 0.10008142
v -1.15287889 -0.99046593 0.10850000
v -1.15521619 -0.99247396 0.12000000
v -1.15287889 -0.99046593 0.13150000
v -1.14649328 -0.98497990 0.13991858
v -1.13777038 -0.97748584 0.14300000
v -1.12904747 -0.96999179 0.13991858
v -1.12266186 -0.96450575 0.13150000
v -1.12032456 -0.96249773 0.12000000
v -1.12266186 -0.96450575 0.10850000
v -1.12904747 -0.96999179 0.10008142
v -1.16388613 -0.94623944 0.09700000
v -1.17280926 -0.95349394 0.10008142
v -1.17934144 -0.95880460 0.10850000
v -1.18173239 -0.96074844 0.12000000
v -1.17934144 -0.95880460 0.13150000
v -1.17280926 -0.95349394 0.13991858
v -1.16388613 -0.94623944 0.14300000
v -1.15496301 -0.93898493 0.13991858
v -1.14843082 -0.93367427 0.13150000
v -1.14603988 -0.93173043 0.12000000
v -1.14843082 -0.93367427 0.10850000
v -1.15496301 -0.93898493 0.10008142
v -1.18914404 -0.91429560 0.09700000
v -1.19826081 -0.92130520 0.10008142
v -1.20493475 -0.92643658 0.10850000
v -1.20737759 -0.92831480 0.12000000
v -1.20493475 -0.92643658 0.13150000
v -1.19826081 -0.92130520 0.13991858
v -1.18914404 -0.91429560 0.14300000
v -1.18002727 -0.90728600 0.13991858
v -1.17335333 -0.90215462 0.13150000
v -1.17091050 -0.90027640 0.12000000
v -1.17335333 -0.90215462 0.10850000
v -1.18002727 -0.90728600 0.10008142
v -1.21352549 -0.88167788 0.09700000
v -1.22282919 -0.88843741 0.10008142
v -1.22963996 -0.89338573 0.10850000
v -1.23213288 -0.89519694 0.12000000
v -1.22963996 -0.89338573 0.13150000
v -1.22282919 -0.88843741 0.13991858
v -1.21352549 -0.88167788 0.14300000
v -1.20422180 -0.87491835 0.13991858
v -1.19741102 -0.86997003 0.13150000
v -1.19491810 -0.86815882 0.12000000
v -1.19741102 -0.86997003 0.10850000
v -1.20422180 -0.87491835 0.10008142
v -1.23701251 -0.84841031 0.09700000
v -1.24649627 -0.85491479 0.10008142
v -1.25343886 -0.85967640 0.10850000
v -1.25598003 -0.86141927 0.12000000
v -1.25343886 -0.85967640 0.13150000
v -1.24649627 -0.85491479 0.13991858
v -1.23701251 -0.84841031 0.14300000
v -1.22752874 -0.84190583 0.13991858
v -1.22058615 -0.83714423 0.13150000
v -1.21804498 -0.83540136 0.12000000
v -1.22058615 -0.83714423 0.10850000
v -1.22752874 -0.84190583 0.10008142
v -1.25958778 -0.81451742 0.09700000
v -1.26924462 -0.82076206 0.10008142
v -1.27631391 -0.82533345 0.10850000
v -1.27890146 -0.82700669 0.12000000
v -1.27631391 -0.82533345 0.13150000
v -1.26924462 -0.82076206 0.13991858
v -1.25958778 -0.81451742 0.14300000
v -1.24993094 -0.80827279 0.13991858
v -1.24286164 -0.80370140 0.13150000
v -1.24027410 -0.80202816 0.12000000
v -1.24286164 -0.80370140 0.10850000
v -1.24993094 -0.80827279 0.10008142
v -1.28123466 -0.78002419 0.09700000
v -1.29105746 -0.78600438 0.10008142
v -1.29824825 -0.79038218 0.10850000
v -1.30088026 -0.79198456 0.12000000
v -1.29824825 -0.79038218 0.13150000
v -1.29105746 -0.78600438 0.13991858
v -1.28123466 -0.78002419 0.14300000
v -1.27141186 -0.77404401 0.13991858
v -1.26422108 -0.76966621 0.13150000
v -1.26158906 -0.76806382 0.12000000
v -1.26422108 -0.76966621 0.10850000
v -1.27141186 -0.77404401 0.10008142
v -1.30193721 -0.74495604 0.09700000
v -1.31191873 -0.75066737 0.10008142
v -1.31922571 -0.75484835 0.10850000
v -1.32190025 -0.75637870 0.12000000
v -1.31922571 -0.75484835 0.13150000
v -1.31191873 -0.75066737 0.13991858
v -1.30193721 -0.74495604 0.14300000
v -1.29195569 -0.73924471 0.13991858
v -1.28464871 -0.73506373 0.13150000
v -1.28197417 -0.73353338 0.12000000
v -1.28464871 -0.73506373 0.10850000
v -1.29195569 -0.73924471 0.10008142
v -1.32168016 -0.70933882 0.09700000
v -1.33181304 -0.71477708 0.10008142
v -1.33923082 -0.71875817 0.10850000
v -1.34194592 -0.72021534 0.12000000
v -1.33923082 -0.71875817 0.13150000
v -1.33181304 -0.71477708 0.13991858
v -1.32168016 -0.70933882 0.14300000
v -1.31154728 -0.70390055 0.13991858
v -1.30412949 -0.69991947 0.13150000
v -1.30141440 -0.69846229 0.12000000
v -1.30412949 -0.69991947 0.10850000
v -1.31154728 -0.70390055 0.10008142
v -1.34044896 -0.67319877 0.09700000
v -1.35072574 -0.67835996 0.10008142
v -1.35824886 -0.68213821 0.10850000
v -1.36100251 -0.68352115 0.12000000
v -1.35824886 -0.68213821 0.13150000
v -1.35072574 -0.67835996 0.13991858
v -1.34044896 -0.67319877 0.14300000
v -1.33017219 -0.66803758 0.13991858
v -1.32264906 -0.66425933 0.13150000
v -1.31989541 -0.66287639 0.12000000
v -1.32264906 -0.66425933 0.10850000
v -1.33017219 -0.66803758 0.10008142
v -1.35822978 -0.63656254 0.09700000
v -1.36864287 -0.64144285 0.10008142
v -1.37626579 -0.64501549 0.10850000
v -1.37905597 -0.64632317 0.12000000
v -1.37626579 -0.64501549 0.13150000
v -1.36864287 -0.64144285 0.13991858
v -1.35822978 -0.63656254 0.14300000
v -1.34781668 -0.63168223 0.13991858
v -1.34019377 -0.62810959 0.13150000
v -1.33740359 -0.62680192 0.12000000
v -1.34019377 -0.62810959 0.10850000
v -1.34781668 -0.63168223 0.10008142
v -1.37500951 -0.59945713 0.09700000
v -1.38555125 -0.60405297 0.10008142
v -1.39326834 -0.60741736 0.10850000
v -1.39609299 -0.60864881 0.12000000
v -1.39326834 -0.60741736 0.13150000
v -1.38555125 -0.60405297 0.13991858
v -1.37500951 -0.59945713 0.14300000
v -1.36446777 -0.59486129 0.13991858
v -1.35675068 -0.59149691 0.13150000
v -1.35392603 -0.59026546 0.12000000
v -1.35675068 -0.59149691 0.10850000
v -1.36446777 -0.59486129 0.10008142
v -1.39077578 -0.56190989 0.09700000
v -1.40143840 -0.56621787 0.10008142
v -1.40924397 -0.56937152 0.10850000
v -1.41210101 -0.57052584 0.12000000
v -1.40924397 -0.56937152 0.13150000
v -1.40143840 -0.56621787 0.13991858
v -1.39077578 -0.56190989 0.14300000
v -1.38011317 -0.55760191 0.13991858
v -1.37230759 -0.55444826 0.13150000
v -1.36945055 -0.55329394 0.12000000
v -1.37230759 -0.55444826 0.10850000
v -1.38011317 -0.55760191 0.10008142
v -1.40551698 -0.52394849 0.09700000
v -1.41629261 -0.52796543 0.10008142
v -1.42418092 -0.53090603 0.10850000
v -1.42706824 -0.53198237 0.12000000
v -1.42418092 -0.53090603 0.13150000
v -1.41629261 -0.52796543 0.13991858
v -1.40551698 -0.52394849 0.14300000
v -1.39474135 -0.51993155 0.13991858
v -1.38685304 -0.51699095 0.13150000
v -1.38396572 -0.51591461 0.12000000
v -1.38685304 -0.51699095 0.10850000
v -1.39474135 -0.51993155 0.10008142
v -1.41922224 -0.48560091 0.09700000
v -1.43010294 -0.48932385 0.10008142
v -1.43806817 -0.49204923 0.10850000
v -1.44098364 -0.49304679 0.12000000
v -1.43806817 -0.49204923 0.13150000
v -1.43010294 -0.48932385 0.13991858
v -1.41922224 -0.48560091 0.14300000
v -1.40834153 -0.48187797 0.13991858
v -1.40037630 -0.47915259 0.13150000
v -1.39746083 -0.47815503 0.12000000
v -1.40037630 -0.47915259 0.10850000
v -1.40834153 -0.48187797 0.10008142
v -1.43188145 -0.44689542 0.09700000
v -1.44285921 -0.45032162 0.10008142
v -1.45089548 -0.45282977 0.10850000
v -1.45383696 -0.45374782 0.12000000
v -1.45089548 -0.45282977 0.13150000
v -1.44285921 -0.45032162 0.13991858
v -1.43188145 -0.44689542 0.14300000
v -1.42090369 -0.44346922 0.13991858
v -1.41286741 -0.44096107 0.13150000
v -1.40992593 -0.44004303 0.12000000
v -1.41286741 -0.44096107 0.10850000
v -1.42090369 -0.44346922 0.10008142
v -1.44348529 -0.40786054 0.09700000
v -1.45455201 -0.41098747 0.10008142
v -1.46265341 -0.41327655 0.10850000
v -1.46561873 -0.41411441 0.12000000
v -1.46265341 -0.41327655 0.13150000
v -1.45455201 -0.41098747 0.13991858
v -1.44348529 -0.40786054 0.14300000
v -1.43241857 -0.40473361 0.13991858
v -1.42431717 -0.40244454 0.13150000
v -1.42135185 -0.40160668 0.12000000
v -1.42431717 -0.40244454 0.10850000
v -1.43241857 -0.40473361 0.10008142
v -1.45402520 -0.36852505 0.09700000
v -1.46517273 -0.37135041 0.10008142
v -1.47333328 -0.37341872 0.10850000
v -1.47632025 -0.37417577 0.12000000
v -1.47333328 -0.37341872 0.13150000
v -1.46517273 -0.37135041 0.13991858
v -1.45402520 -0.36852505 0.14300000
v -1.44287767 -0.36569969 0.13991858
v -1.43471712 -0.36363139 0.13150000
v -1.43173015 -0.36287433 0.12000000
v -1.43471712 -0.36363139 0.10850000
v -1.44287767 -0.36569969 0.10008142
v -1.46349342 -0.32891794 0.09700000
v -1.47471354 -0.33143964 0.10008142
v -1.48292723 -0.33328566 0.10850000
v -1.48593365 -0.33396134 0.12000000
v -1.48292723 -0.33328566 0.13150000
v -1.47471354 -0.33143964 0.13991858
v -1.46349342 -0.32891794 0.14300000
v -1.45227330 -0.32639623 0.13991858
v -1.44405961 -0.32455022 0.13150000
v -1.44105319 -0.32387453 0.12000000
v -1.44405961 -0.32455022 0.10850000
v -1.45227330 -0.32639623 0.10008142
v -1.47188297 -0.28906839 0.09700000
v -1.48316740 -0.29128458 0.10008142
v -1.49142818 -0.29290695 0.10850000
v -1.49445184 -0.29350077 0.12000000
v -1.49142818 -0.29290695 0.13150000
v -1.48316740 -0.29128458 0.13991858
v -1.47188297 -0.28906839 0.14300000
v -1.46059853 -0.28685220 0.13991858
v -1.45233775 -0.28522984 0.13150000
v -1.44931409 -0.28463601 0.12000000
v -1.45233775 -0.28522984 0.10850000
v -1.46059853 -0.28685220 0.10008142
v -1.47918765 -0.24900579 0.09700000
v -1.49052809 -0.25091483 0.10008142
v -1.49882987 -0.25231235 0.10850000
v -1.50186853 -0.25282388 0.12000000
v -1.49882987 -0.25231235 0.13150000
v -1.49052809 -0.25091483 0.13991858
v -1.47918765 -0.24900579 0.14300000
v -1.46784722 -0.24709674 0.13991858
v -1.45954544 -0.24569922 0.13150000
v -1.45650678 -0.24518770 0.12000000
v -1.45954544 -0.24569922 0.10850000
v -1.46784722 -0.24709674 0.10008142
v -1.48540210 -0.20875965 0.09700000
v -1.49679019 -0.21036014 0.10008142
v -1.50512684 -0.21153178 0.10850000
v -1.50817827 -0.21196063 0.12000000
v -1.50512684 -0.21153178 0.13150000
v -1.49679019 -0.21036014 0.13991858
v -1.48540210 -0.20875965 0.14300000
v -1.47401402 -0.20715916 0.13991858
v -1.46567737 -0.20598752 0.13150000
v -1.46262594 -0.20555867 0.12000000
v -1.46567737 -0.20598752 0.10850000
v -1.47401402 -0.20715916 0.10008142
v -1.49052173 -0.16835965 0.09700000
v -1.50194906 -0.16965041 0.10008142
v -1.51031445 -0.17059531 0.10850000
v -1.51337640 -0.17094116 0.12000000
v -1.51031445 -0.17059531 0.13150000
v -1.50194906 -0.16965041 0.13991858
v -1.49052173 -0.16835965 0.14300000
v -1.47909440 -0.16706889 0.13991858
v -1.47072901 -0.16612399 0.13150000
v -1.46766706 -0.16577813 0.12000000
v -1.47072901 -0.16612399 0.10850000
v -1.47909440 -0.16706889 0.10008142
v -1.49454276 -0.12783556 0.09700000
v -1.50600092 -0.12881563 0.10008142
v -1.51438888 -0.12953309 0.10850000
v -1.51745909 -0.12979570 0.12000000
v -1.51438888 -0.12953309 0.13150000
v -1.50600092 -0.12881563 0.13991858
v -1.49454276 -0.12783556 0.14300000
v -1.48308460 -0.12685548 0.13991858
v -1.47469665 -0.12613802 0.13150000
v -1.47162644 -0.12587541 0.12000000
v -1.47469665 -0.12613802 0.10850000
v -1.48308460 -0.12685548 0.10008142
v -1.49746224 -0.08721724 0.09700000
v -1.50894278 -0.08788591 0.10008142
v -1.51734712 -0.08837541 0.10850000
v -1.52042333 -0.08855457 0.12000000
v -1.51734712 -0.08837541 0.13150000
v -1.50894278 -0.08788591 0.13991858
v -1.49746224 -0.08721724 0.14300000
v -1.48598169 -0.08654858 0.13991858
v -1.47757735 -0.08605908 0.13150000
v -1.47450115 -0.08587991 0.12000000
v -1.47757735 -0.08605908 0.10850000
v -1.48598169 -0.08654858 0.10008142
v -1.49927800 -0.04653465 0.09700000
v -1.51077247 -0.04689141 0.10008142
v -1.51918700 -0.04715258 0.10850000
v -1.52226693 -0.04724818 0.12000000
v -1.51918700 -0.04715258 0.13150000
v -1.51077247 -0.04689141 0.13991858
v -1.49927800 -0.04653465 0.14300000
v -1.48778354 -0.04617788 0.13991858
v -1.47936900 -0.04591671 0.13150000
v -1.47628907 -0.04582111 0.12000000
v -1.47936900 -0.04591671 0.10850000
v -1.48778354 -0.04617788 0.10008142
v -1.49998872 -0.00581775 0.09700000
v -1.51148863 -0.00586235 0.10008142
v -1.51990715 -0.00589500 0.10850000
v -1.52298854 -0.00590696 0.12000000
v -1.51990715 -0.00589500 0.13150000
v -1.51148863 -0.00586235 0.13991858
v -1.49998872 -0.00581775 0.14300000
v -1.48848880 -0.00577315 0.13991858
v -1.48007028 -0.00574050 0.13150000
v -1.47698889 -0.00572854 0.12000000
v -1.48007028 -0.00574050 0.10850000
v -1.48848880 -0.00577315 0.10008142
v -1.49959386 0.03490343 0.09700000
v -1.51109075 0.03517103 0.10008142
v -1.51950705 0.03536692 0.10850000
v -1.52258763 0.03543862 0.12000000
v -1.51950705 0.03536692 0.13150000
v -1.51109075 0.03517103 0.13991858
v -1.49959386 0.03490343 0.14300000
v -1.48809698 0.03463584 0.13991858
v -1.47968067 0.03443995 0.13150000
v -1.47660009 0.03436825 0.12000000
v -1.47968067 0.03443995 0.10850000
v -1.48809698 0.03463584 0.10008142
v -1.49809372 0.07559889 0.09700000
v -1.50957911 0.07617848 0.10008142
v -1.51798700 0.07660277 0.10850000
v -1.52106449 0.07675808 0.12000000
v -1.51798700 0.07660277 0.13150000
v -1.50957911 0.07617848 0.13991858
v -1.49809372 0.07559889 0.14300000
v -1.48660834 0.07501930 0.13991858
v -1.47820045 0.07459501 0.13150000
v -1.47512295 0.07443971 0.12000000
v -1.47820045 0.07459501 0.10850000
v -1.48660834 0.07501930 0.10008142
v -1.49548941 0.11623863 0.09700000
v -1.50695483 0.11712979 0.10008142
v -1.51534810 0.11778217 0.10850000
v -1.51842025 0.11802096 0.12000000
v -1.51534810 0.11778217 0.13150000
v -1.50695483 0.11712979 0.13991858
v -1.49548941 0.11623863 0.14300000
v -1.48402399 0.11534747 0.13991858
v -1.47563072 0.11469509 0.13150000
v -1.47255857 0.11445631 0.12000000
v -1.47563072 0.11469509 0.10850000
v -1.48402399 0.11534747 0.10008142
v -1.49178284 0.15679269 0.09700000
v -1.50321984 0.15799477 0.10008142
v -1.51159231 0.15887475 0.10850000
v -1.51465685 0.15919685 0.12000000
v -1.51159231 0.15887475 0.13150000
v -1.50321984 0.15799477 0.13991858
v -1.49178284 0.15679269 0.14300000
v -1.48034584 0.15559062 0.13991858
v -1.47197337 0.15471064 0.13150000
v -1.46890884 0.15438854 0.12000000
v -1.47197337 0.15471064 0.10850000
v -1.48034584 0.15559062 0.10008142
v -1.48697675 0.19723119 0.09700000
v -1.49837691 0.19874330 0.10008142
v -1.50672240 0.19985024 0.10850000
v -1.50977706 0.20025541 0.12000000
v -1.50672240 0.19985024 0.13150000
v -1.49837691 0.19874330 0.13991858
v -1.48697675 0.19723119 0.14300000
v -1.47557660 0.19571909 0.13991858
v -1.46723110 0.19461215 0.13150000
v -1.46417644 0.19420698 0.12000000
v -1.46723110 0.19461215 0.10850000
v -1.47557660 0.19571909 0.10008142
v -1.48107468 0.23752432 0.09700000
v -1.49242958 0.23934534 0.10008142
v -1.50074195 0.24067842 0.10850000
v -1.50378449 0.24116636 0.12000000
v -1.50074195 0.24067842 0.13150000
v -1.49242958 0.23934534 0.13991858
v -1.48107468 0.23752432 0.14300000
v -1.46971977 0.23570330 0.13991858
v -1.46140740 0.23437022 0.13150000
v -1.45836486 0.23388228 0.12000000
v -1.46140740 0.23437022 0.10850000
v -1.46971977 0.23570330 0.10008142
v -1.47408097 0.27764238 0.09700000
v -1.48538226 0.27977098 0.10008142
v -1.49365537 0.28132921 0.10850000
v -1.49668354 0.28189957 0.12000000
v -1.49365537 0.28132921 0.13150000
v -1.48538226 0.27977098 0.13991858
v -1.47408097 0.27764238 0.14300000
v -1.46277968 0.27551379 0.13991858
v -1.45450657 0.27395556 0.13150000
v -1.45147840 0.27338520 0.12000000
v -1.45450657 0.27395556 0.10850000
v -1.46277968 0.27551379 0.10008142
v -1.46600079 0.31755581 0.09700000
v -1.47724013 0.31999040 0.10008142
v -1.48546789 0.32177265 0.10850000
v -1.48847947 0.32242500 0.12000000
v -1.48546789 0.32177265 0.13150000
v -1.47724013 0.31999040 0.13991858
v -1.46600079 0.31755581 0.14300000
v -1.45476145 0.31512121 0.13991858
v -1.44653368 0.31333897 0.13150000
v -1.44352211 0.31268662 0.12000000
v -1.44653368 0.31333897 0.10850000
v -1.45476145 0.31512121 0.10008142
v -1.45684008 0.35723518 0.09700000
v -1.46800919 0.35997398 0.10008142
v -1.47618554 0.36197892 0.10850000
v -1.47917830 0.36271278 0.12000000
v -1.47618554 0.36197892 0.13150000
v -1.46800919 0.35997398 0.13991858
v -1.45684008 0.35723518 0.14300000
v -1.44567098 0.35449637 0.13991858
v -1.43749462 0.35249143 0.13150000
v -1.43450187 0.35175757 0.12000000
v -1.43749462 0.35249143 0.10850000
v -1.44567098 0.35449637 0.10008142
v -1.44660561 0.39665124 0.09700000
v -1.45769625 0.39969224 0.10008142
v -1.46581517 0.40191840 0.10850000
v -1.46878690 0.40273323 0.12000000
v -1.46581517 0.40191840 0.13150000
v -1.45769625 0.39969224 0.13991858
v -1.44660561 0.39665124 0.14300000
v -1.43551497 0.39361025 0.13991858
v -1.42739605 0.39138409 0.13150000
v -1.42442432 0.39056926 0.12000000
v -1.42739605 0.39138409 0.10850000
v -1.43551497 0.39361025 0.10008142
v -1.43530491 0.43577496 0.09700000
v -1.44630892 0.43911590 0.10008142
v -1.45436441 0.44156164 0.10850000
v -1.45731292 0.44245684 0.12000000
v -1.45436441 0.44156164 0.13150000
v -1.44630892 0.43911590 0.13991858
v -1.43530491 0.43577496 0.14300000
v -1.42430091 0.43243402 0.13991858
v -1.41624542 0.42998828 0.13150000
v -1.41329690 0.42909307 0.12000000
v -1.41624542 0.42998828 0.10850000
v -1.42430091 0.43243402 0.10008142
v -1.42294631 0.47457748 0.14300000
v -1.41203706 0.47093905 0.13991858
v -1.40405093 0.46827554 0.13150000
v -1.40112780 0.46730063 0.12000000
v -1.40405093 0.46827554 0.10850000
v -1.41203706 0.47093905 0.10008142
v -1.42294631 0.47457748 0.09700000
v -1.43385557 0.47821591 0.10008142
v -1.44184170 0.48087942 0.10850000
v -1.44476483 0.48185433 0.12000000
v -1.44184170 0.48087942 0.13150000
v -1.43385557 0.47821591 0.13991858
v -1.40953893 0.51303021 0.14300000
v -1.39873247 0.50909698 0.13991858
v -1.39082158 0.50621766 0.13150000
v -1.38792600 0.50516375 0.12000000
v -1.39082158 0.50621766 0.10850000
v -1.39873247 0.50909698 0.10008142
v -1.40953893 0.51303021 0.09700000
v -1.42034540 0.51696345 0.10008142
v -1.42825628 0.51984277 0.10850000
v -1.43115186 0.52089668 0.12000000
v -1.42825628 0.51984277 0.13150000
v -1.42034540 0.51696345 0.13991858
v -1.39509264 0.55110482 0.14300000
v -1.38439693 0.54687968 0.13991858
v -1.37656713 0.54378667 0.13150000
v -1.37370122 0.54265455 0.12000000
v -1.37656713 0.54378667 0.10850000
v -1.38439693 0.54687968 0.10008142
v -1.39509264 0.55110482 0.09700000
v -1.40578835 0.55532996 0.10008142
v -1.41361816 0.55842297 0.10850000
v -1.41648406 0.55955509 0.12000000
v -1.41361816 0.55842297 0.13150000
v -1.40578835 0.55532996 0.13991858
v -1.37961809 0.58877323 0.14300000
v -1.36904102 0.58425930 0.13991858
v -1.36129807 0.58095488 0.13150000
v -1.35846395 0.57974537 0.12000000
v -1.36129807 0.58095488 0.10850000
v -1.36904102 0.58425930 0.10008142
v -1.37961809 0.58877323 0.09700000
v -1.39019517 0.59328716 0.10008142
v -1.39793812 0.59659158 0.10850000
v -1.40077224 0.59780109 0.12000000
v -1.39793812 0.59659158 0.13150000
v -1.39019517 0.59328716 0.13991858
v -1.36312669 0.62600768 0.14300000
v -1.35267606 0.62120829 0.13991858
v -1.34502566 0.61769489 0.13150000
v -1.34222542 0.61640890 0.12000000
v -1.34502566 0.61769489 0.10850000
v -1.35267606 0.62120829 0.10008142
v -1.36312669 0.62600768 0.09700000
v -1.37357733 0.63080707 0.10008142
v -1.38122773 0.63432047 0.10850000
v -1.38402797 0.63560647 0.12000000
v -1.38122773 0.63432047 0.13150000
v -1.37357733 0.63080707 0.13991858
v -1.34563060 0.66278073 0.14300000
v -1.33531409 0.65769941 0.13991858
v -1.32776189 0.65397963 0.13150000
v -1.32499759 0.65261810 0.12000000
v -1.32776189 0.65397963 0.10850000
v -1.33531409 0.65769941 0.10008142
v -1.34563060 0.66278073 0.09700000
v -1.35594710 0.66786205 0.10008142
v -1.36349930 0.67158184 0.10850000
v -1.36626360 0.67294337 0.12000000
v -1.36349930 0.67158184 0.13150000
v -1.35594710 0.66786205 0.13991858
v -1.32714270 0.69906528 0.14300000
v -1.31696794 0.69370578 0.13991858
v -1.30951949 0.68978235 0.13150000
v -1.30679317 0.68834628 0.12000000
v -1.30951949 0.68978235 0.10850000
v -1.31696794 0.69370578 0.10008142
v -1.32714270 0.69906528 0.09700000
v -1.33731746 0.70442478 0.10008142
v -1.34476590 0.70834821 0.10850000
v -1.34749222 0.70978428 0.12000000
v -1.34476590 0.70834821 0.13150000
v -1.33731746 0.70442478 0.13991858
v -1.30767662 0.73483458 0.14300000
v -1.29765110 0.72920085 0.13991858
v -1.29031191 0.72507667 0.13150000
v -1.28762558 0.72356711 0.12000000
v -1.29031191 0.72507667 0.10850000
v -1.29765110 0.72920085 0.10008142
v -1.30767662 0.73483458 0.09700000
v -1.31770214 0.74046831 0.10008142
v -1.32504133 0.74459249 0.10850000
v -1.32772766 0.74610204 0.12000000
v -1.32504133 0.74459249 0.13150000
v -1.31770214 0.74046831 0.13991858
v -1.28724672 0.77006226 0.14300000
v -1.27737783 0.76415845 0.13991858
v -1.27015330 0.75983656 0.13150000
v -1.26750893 0.75825464 0.12000000
v -1.27015330 0.75983656 0.10850000
v -1.27737783 0.76415845 0.10008142
v -1.28724672 0.77006226 0.09700000
v -1.29711561 0.77596607 0.10008142
v -1.30434014 0.78028796 0.10850000
v -1.30698450 0.78186988 0.12000000
v -1.30434014 0.78028796 0.13150000
v -1.29711561 0.77596607 0.13991858
v -1.26586804 0.80472237 0.14300000
v -1.25616306 0.79855283 0.13991858
v -1.24905851 0.79403642 0.13150000
v -1.24645807 0.79238329 0.12000000
v -1.24905851 0.79403642 0.10850000
v -1.25616306 0.79855283 0.10008142
v -1.26586804 0.80472237 0.09700000
v -1.27557303 0.81089191 0.10008142
v -1.28267758 0.81540832 0.10850000
v -1.28527802 0.81706145 0.12000000
v -1.28267758 0.81540832 0.13150000
v -1.27557303 0.81089191 0.13991858
v -1.24355636 0.83878936 0.14300000
v -1.23402243 0.83235864 0.13991858
v -1.22704310 0.82765102 0.13150000
v -1.22448849 0.82592792 0.12000000
v -1.22704310 0.82765102 0.10850000
v -1.23402243 0.83235864 0.10008142
v -1.24355636 0.83878936 0.09700000
v -1.25309029 0.84522007 0.10008142
v -1.26006961 0.84992769 0.10850000
v -1.26262422 0.85165079 0.12000000
v -1.26006961 0.84992769 0.13150000
v -1.25309029 0.84522007 0.13991858
v -1.22032811 0.87223811 0.14300000
v -1.21097226 0.86555095 0.13991858
v -1.20412330 0.86065561 0.13150000
v -1.20161641 0.85886379 0.12000000
v -1.20412330 0.86065561 0.10850000
v -1.21097226 0.86555095 0.10008142
v -1.22032811 0.87223811 0.09700000
v -1.22968395 0.87892527 0.10008142
v -1.23653291 0.88382061 0.10850000
v -1.23903980 0.88561242 0.12000000
v -1.23653291 0.88382061 0.13150000
v -1.22968395 0.87892527 0.13991858
v -1.19620040 0.90504397 0.14300000
v -1.18702953 0.89810530 0.13991858
v -1.18031599 0.89302584 0.13150000
v -1.17785867 0.89116663 0.12000000
v -1.18031599 0.89302584 0.10850000
v -1.18702953 0.89810530 0.10008142
v -1.19620040 0.90504397 0.09700000
v -1.20537127 0.91198264 0.10008142
v -1.21208482 0.91706210 0.10850000
v -1.21454214 0.91892131 0.12000000
v -1.21208482 0.91706210 0.13150000
v -1.20537127 0.91198264 0.13991858
v -1.17119104 0.93718277 0.14300000
v -1.16221191 0.92999770 0.13991858
v -1.15563873 0.92473787 0.13150000
v -1.15323278 0.92281264 0.12000000
v -1.15563873 0.92473787 0.10850000
v -1.16221191 0.92999770 0.10008142
v -1.17119104 0.93718277 0.09700000
v -1.18017017 0.94436784 0.10008142
v -1.18674335 0.94962767 0.10850000
v -1.18914930 0.95155291 0.12000000
v -1.18674335 0.94962767 0.13150000
v -1.18017017 0.94436784 0.13991858
v -1.14531844 0.96863082 0.14300000
v -1.13653767 0.96120465 0.13991858
v -1.13010970 0.95576831 0.13150000
v -1.12775690 0.95377848 0.12000000
v -1.13010970 0.95576831 0.10850000
v -1.13653767 0.96120465 0.10008142
v -1.14531844 0.96863082 0.09700000
v -1.15409922 0.97605699 0.10008142
v -1.16052719 0.98149332 0.10850000
v -1.16287999 0.98348316 0.12000000
v -1.16052719 0.98149332 0.13150000
v -1.15409922 0.97605699 0.13991858
v -1.11860169 0.99936493 0.14300000
v -1.11002574 0.99170313 0.13991858
v -1.10374771 0.98609431 0.13150000
v -1.10144980 0.98404133 0.12000000
v -1.10374771 0.98609431 0.10850000
v -1.11002574 0.99170313 0.10008142
v -1.11860169 0.99936493 0.09700000
v -1.12717763 1.00702673 0.10008142
v -1.13345566 1.01263555 0.10850000
v -1.13575358 1.01468853 0.12000000
v -1.13345566 1.01263555 0.13150000
v -1.12717763 1.00702673 0.13991858
v -1.09106046 1.02936246 0.14300000
v -1.08269567 1.02147068 0.13991858
v -1.07657221 1.01569349 0.13150000
v -1.07433087 1.01357890 0.12000000
v -1.07657221 1.01569349 0.10850000
v -1.08269567 1.02147068 0.10008142
v -1.09106046 1.02936246 0.09700000
v -1.09942526 1.03725424 0.10008142
v -1.10554872 1.04303142 0.10850000
v -1.10779006 1.04514601 0.12000000
v -1.10554872 1.04303142 0.13150000
v -1.09942526 1.03725424 0.13991858
v -1.06271507 1.05860129 0.14300000
v -1.05456758 1.05048535 0.13991858
v -1.04860321 1.04454406 0.13150000
v -1.04642010 1.04236940 0.12000000
v -1.04860321 1.04454406 0.10850000
v -1.05456758 1.05048535 0.10008142
v -1.06271507 1.05860129 0.09700000
v -1.07086255 1.06671723 0.10008142
v -1.07682692 1.07265851 0.10850000
v -1.07901003 1.07483317 0.12000000
v -1.07682692 1.07265851 0.13150000
v -1.07086255 1.06671723 0.13991858
v -1.03358639 1.08705987 0.14300000
v -1.02566223 1.07872575 0.13991858
v -1.01986134 1.07262474 0.13150000
v -1.01773807 1.07039162 0.12000000
v -1.01986134 1.07262474 0.10850000
v -1.02566223 1.07872575 0.10008142
v -1.03358639 1.08705987 0.09700000
v -1.04151055 1.09539400 0.10008142
v -1.04731144 1.10149500 0.10850000
v -1.04943472 1.10372813 0.12000000
v -1.04731144 1.10149500 0.13150000
v -1.04151055 1.09539400 0.13991858
v -1.00369591 1.11471724 0.14300000
v -0.99600091 1.10617107 0.13991858
v -0.99036778 1.09991485 0.13150000
v -0.98830591 1.09762491 0.12000000
v -0.99036778 1.09991485 0.10850000
v -0.99600091 1.10617107 0.10008142
v -1.00369591 1.11471724 0.09700000
v -1.01139091 1.12326340 0.10008142
v -1.01702404 1.12951963 0.10850000
v -1.01908591 1.13180957 0.12000000
v -1.01702404 1.12951963 0.13150000
v -1.01139091 1.12326340 0.13991858
v -0.97306565 1.14155300 0.14300000
v -0.96560548 1.13280109 0.13991858
v -0.96014426 1.12639425 0.13150000
v -0.95814531 1.12404918 0.12000000
v -0.96014426 1.12639425 0.10850000
v -0.96560548 1.13280109 0.10008142
v -0.97306565 1.14155300 0.09700000
v -0.98052582 1.15030490 0.10008142
v -0.98598704 1.15671174 0.10850000
v -0.98798599 1.15905681 0.12000000
v -0.98598704 1.15671174 0.13150000
v -0.98052582 1.15030490 0.13991858
v -0.94171819 1.16754737 0.14300000
v -0.93449835 1.15859617 0.13991858
v -0.92921306 1.15204344 0.13150000
v -0.92727851 1.14964497 0.12000000
v -0.92921306 1.15204344 0.10850000
v -0.93449835 1.15859617 0.10008142
v -0.94171819 1.16754737 0.09700000
v -0.94893803 1.17649856 0.10008142
v -0.95422332 1.18305129 0.10850000
v -0.95615787 1.18544976 0.12000000
v -0.95422332 1.18305129 0.13150000
v -0.94893803 1.17649856 0.13991858
v -0.90967663 1.19268119 0.14300000
v -0.90270244 1.18353731 0.13991858
v -0.89759698 1.17684351 0.13150000
v -0.89572825 1.17439342 0.12000000
v -0.89759698 1.17684351 0.10850000
v -0.90270244 1.18353731 0.10008142
v -0.90967663 1.19268119 0.09700000
v -0.91665082 1.20182508 0.10008142
v -0.92175628 1.20851888 0.10850000
v -0.92362500 1.21096897 0.12000000
v -0.92175628 1.20851888 0.13150000
v -0.91665082 1.20182508 0.13991858
v -0.87696459 1.21693595 0.14300000
v -0.87024119 1.20760611 0.13991858
v -0.86531933 1.20077619 0.13150000
v -0.86351780 1.19827627 0.12000000
v -0.86531933 1.20077619 0.10850000
v -0.87024119 1.20760611 0.10008142
v -0.87696459 1.21693595 0.09700000
v -0.88368798 1.22626579 0.10008142
v -0.88860985 1.23309571 0.10850000
v -0.89041138 1.23559564 0.12000000
v -0.88860985 1.23309571 0.13150000
v -0.88368798 1.22626579 0.13991858
v -0.84360618 1.24029376 0.14300000
v -0.83713853 1.23078484 0.13991858
v -0.83240389 1.22382383 0.13150000
v -0.83067088 1.22127592 0.12000000
v -0.83240389 1.22382383 0.10850000
v -0.83713853 1.23078484 0.10008142
v -0.84360618 1.24029376 0.09700000
v -0.85007383 1.24980268 0.10008142
v -0.85480847 1.25676369 0.10850000
v -0.85654147 1.25931160 0.12000000
v -0.85480847 1.25676369 0.13150000
v -0.85007383 1.24980268 0.13991858
v -0.80962599 1.26273741 0.14300000
v -0.80341885 1.25305642 0.13991858
v -0.79887492 1.24596945 0.13150000
v -0.79721172 1.24337543 0.12000000
v -0.79887492 1.24596945 0.10850000
v -0.80341885 1.25305642 0.10008142
v -0.80962599 1.26273741 0.09700000
v -0.81583312 1.27241839 0.10008142
v -0.82037706 1.27950537 0.10850000
v -0.82204025 1.28209938 0.12000000
v -0.82037706 1.27950537 0.13150000
v -0.81583312 1.27241839 0.13991858
v -0.77504906 1.28425035 0.14300000
v -0.76910701 1.27440443 0.13991858
v -0.76475714 1.26719672 0.13150000
v -0.76316497 1.26455851 0.12000000
v -0.76475714 1.26719672 0.10850000
v -0.76910701 1.27440443 0.10008142
v -0.77504906 1.28425035 0.09700000
v -0.78099110 1.29409627 0.10008142
v -0.78534098 1.30130398 0.10850000
v -0.78693314 1.30394219 0.12000000
v -0.78534098 1.30130398 0.13150000
v -0.78099110 1.29409627 0.13991858
v -0.73990087 1.30481673 0.14300000
v -0.73422830 1.29481313 0.13991858
v -0.73007569 1.28748999 0.13150000
v -0.72855573 1.28480954 0.12000000
v -0.73007569 1.28748999 0.10850000
v -0.73422830 1.29481313 0.10008142
v -0.73990087 1.30481673 0.09700000
v -0.74557345 1.31482032 0.10008142
v -0.74972606 1.32214346 0.10850000
v -0.75124602 1.32482392 0.12000000
v -0.74972606 1.32214346 0.13150000
v -0.74557345 1.31482032 0.13991858
v -0.70420734 1.32442139 0.14300000
v -0.69880842 1.31426749 0.13991858
v -0.69485614 1.30683432 0.13150000
v -0.69340950 1.30411359 0.12000000
v -0.69485614 1.30683432 0.10850000
v -0.69880842 1.31426749 0.10008142
v -0.70420734 1.32442139 0.09700000
v -0.70960627 1.33457529 0.10008142
v -0.71355855 1.34200846 0.10850000
v -0.71500519 1.34472918 0.12000000
v -0.71355855 1.34200846 0.13150000
v -0.70960627 1.33457529 0.13991858
v -0.66799478 1.34304988 0.14300000
v -0.66287348 1.33275316 0.13991858
v -0.65912444 1.32521544 0.13150000
v -0.65775219 1.32245645 0.12000000
v -0.65912444 1.32521544 0.10850000
v -0.66287348 1.33275316 0.10008142
v -0.66799478 1.34304988 0.09700000
v -0.67311607 1.35334660 0.10008142
v -0.67686512 1.36088431 0.10850000
v -0.67823736 1.36364331 0.12000000
v -0.67686512 1.36088431 0.13150000
v -0.67311607 1.35334660 0.13991858
v -0.63128986 1.36068847 0.14300000
v -0.62644997 1.35025653 0.13991858
v -0.62290693 1.34261981 0.13150000
v -0.62161008 1.33982458 0.12000000
v -0.62290693 1.34261981 0.10850000
v -0.62644997 1.35025653 0.10008142
v -0.63128986 1.36068847 0.09700000
v -0.63612975 1.37112042 0.10008142
v -0.63967279 1.37875713 0.10850000
v -0.64096964 1.38155236 0.12000000
v -0.63967279 1.37875713 0.13150000
v -0.63612975 1.37112042 0.13991858
v -0.59411965 1.37732416 0.14300000
v -0.58956473 1.36676468 0.13991858
v -0.58623030 1.35903460 0.13150000
v -0.58500981 1.35620519 0.12000000
v -0.58623030 1.35903460 0.10850000
v -0.58956473 1.36676468 0.10008142
v -0.59411965 1.37732416 0.09700000
v -0.59867457 1.38788365 0.10008142
v -0.60200900 1.39561373 0.10850000
v -0.60322948 1.39844313 0.12000000
v -0.60200900 1.39561373 0.13150000
v -0.59867457 1.38788365 0.13991858
v -0.55651154 1.39294469 0.14300000
v -0.55224495 1.38226545 0.13991858
v -0.54912159 1.37444770 0.13150000
v -0.54797836 1.37158620 0.12000000
v -0.54912159 1.37444770 0.10850000
v -0.55224495 1.38226545 0.10008142
v -0.55651154 1.39294469 0.09700000
v -0.56077813 1.40362393 0.10008142
v -0.56390149 1.41144168 0.10850000
v -0.56504472 1.41430317 0.12000000
v -0.56390149 1.41144168 0.13150000
v -0.56077813 1.40362393 0.13991858
v -0.51849325 1.40753854 0.14300000
v -0.51451814 1.39674741 0.13991858
v -0.51160815 1.38884776 0.13150000
v -0.51054302 1.38595628 0.12000000
v -0.51160815 1.38884776 0.10850000
v -0.51451814 1.39674741 0.10008142
v -0.51849325 1.40753854 0.09700000
v -0.52246837 1.41832967 0.10008142
v -0.52537835 1.42622933 0.10850000
v -0.52644348 1.42912080 0.12000000
v -0.52537835 1.42622933 0.13150000
v -0.52246837 1.41832967 0.13991858
v -0.48009281 1.42109496 0.14300000
v -0.47641210 1.41019990 0.13991858
v -0.47371763 1.40222416 0.13150000
v -0.47273138 1.39930484 0.12000000
v -0.47371763 1.40222416 0.10850000
v -0.47641210 1.41019990 0.10008142
v -0.48009281 1.42109496 0.09700000
v -0.48377352 1.43199003 0.10008142
v -0.48646799 1.43996576 0.10850000
v -0.48745423 1.44288509 0.12000000
v -0.48646799 1.43996576 0.13150000
v -0.48377352 1.43199003 0.13991858
v -0.44133851 1.43360396 0.14300000
v -0.43795491 1.42261300 0.13991858
v -0.43547795 1.41456705 0.13150000
v -0.43457132 1.41162203 0.12000000
v -0.43547795 1.41456705 0.10850000
v -0.43795491 1.42261300 0.10008142
v -0.44133851 1.43360396 0.09700000
v -0.44472210 1.44459493 0.10008142
v -0.44719907 1.45264087 0.10850000
v -0.44810570 1.45558589 0.12000000
v -0.44719907 1.45264087 0.13150000
v -0.44472210 1.44459493 0.13991858
v -0.40225892 1.44505632 0.14300000
v -0.39917493 1.43397755 0.13991858
v -0.39691730 1.42586733 0.13150000
v -0.39609095 1.42289879 0.12000000
v -0.39691730 1.42586733 0.10850000
v -0.39917493 1.43397755 0.10008142
v -0.40225892 1.44505632 0.09700000
v -0.40534290 1.45613508 0.10008142
v -0.40760054 1.46424530 0.10850000
v -0.40842689 1.46721385 0.12000000
v -0.40760054 1.46424530 0.13150000
v -0.40534290 1.45613508 0.13991858
v -0.36288284 1.45544359 0.14300000
v -0.36010074 1.44428519 0.13991858
v -0.35806410 1.43611667 0.13150000
v -0.35731864 1.43312679 0.12000000
v -0.35806410 1.43611667 0.10850000
v -0.36010074 1.44428519 0.10008142
v -0.36288284 1.45544359 0.09700000
v -0.36566495 1.46660199 0.10008142
v -0.36770159 1.47477051 0.10850000
v -0.36844705 1.47776039 0.12000000
v -0.36770159 1.47477051 0.13150000
v -0.36566495 1.46660199 0.13991858
v -0.32323930 1.46475812 0.14300000
v -0.32076114 1.45352831 0.13991858
v -0.31894699 1.44530752 0.13150000
v -0.31828297 1.44229850 0.12000000
v -0.31894699 1.44530752 0.10850000
v -0.32076114 1.45352831 0.10008142
v -0.32323930 1.46475812 0.09700000
v -0.32571747 1.47598793 0.10008142
v -0.32753162 1.48420873 0.10850000
v -0.32819564 1.48721775 0.12000000
v -0.32753162 1.48420873 0.13150000
v -0.32571747 1.47598793 0.13991858
v -0.28335752 1.47299305 0.14300000
v -0.28118511 1.46170010 0.13991858
v -0.27959480 1.45343309 0.13150000
v -0.27901270 1.45040715 0.12000000
v -0.27959480 1.45343309 0.10850000
v -0.28118511 1.46170010 0.10008142
v -0.28335752 1.47299305 0.09700000
v -0.28552993 1.48428599 0.10008142
v -0.28712024 1.49255300 0.10850000
v -0.28770233 1.49557894 0.12000000
v -0.28712024 1.49255300 0.13150000
v -0.28552993 1.48428599 0.13991858
v -0.24326688 1.48014230 0.14300000
v -0.24140184 1.46879454 0.13991858
v -0.24003653 1.46048741 0.13150000
v -0.23953679 1.45744678 0.12000000
v -0.24003653 1.46048741 0.10850000
v -0.24140184 1.46879454 0.10008142
v -0.24326688 1.48014230 0.09700000
v -0.24513193 1.49149006 0.10008142
v -0.24649724 1.49979719 0.10850000
v -0.24699698 1.50283781 0.12000000
v -0.24649724 1.49979719 0.13150000
v -0.24513193 1.49149006 0.13991858
v -0.20299695 1.48620061 0.14300000
v -0.20144064 1.47480640 0.13991858
v -0.20030134 1.46646526 0.13150000
v -0.19988433 1.46341220 0.12000000
v -0.20030134 1.46646526 0.10850000
v -0.20144064 1.47480640 0.10008142
v -0.20299695 1.48620061 0.09700000
v -0.20455326 1.49759481 0.10008142
v -0.20569256 1.50593595 0.10850000
v -0.20610957 1.50898901 0.12000000
v -0.20569256 1.50593595 0.13150000
v -0.20455326 1.49759481 0.13991858
v -0.16257739 1.49116350 0.14300000
v -0.16133097 1.47973125 0.13991858
v -0.16041852 1.47136226 0.13150000
v -0.16008454 1.46829900 0.12000000
v -0.16041852 1.47136226 0.10850000
v -0.16133097 1.47973125 0.10008142
v -0.16257739 1.49116350 0.09700000
v -0.16382382 1.50259576 0.10008142
v -0.16473627 1.51096475 0.10850000
v -0.16507025 1.51402801 0.12000000
v -0.16473627 1.51096475 0.13150000
v -0.16382382 1.50259576 0.13991858
v -0.12203801 1.49502733 0.14300000
v -0.12110239 1.48356546 0.13991858
v -0.12041746 1.47517478 0.13150000
v -0.12016676 1.47210358 0.12000000
v -0.12041746 1.47517478 0.10850000
v -0.12110239 1.48356546 0.10008142
v -0.12203801 1.49502733 0.09700000
v -0.12297364 1.50648921 0.10008142
v -0.12365856 1.51487988 0.10850000
v -0.12390926 1.51795108 0.12000000
v -0.12365856 1.51487988 0.13150000
v -0.12297364 1.50648921 0.13991858
v -0.08140868 1.49778925 0.14300000
v -0.08078455 1.48630620 0.13991858
v -0.08032765 1.47790002 0.13150000
v -0.08016041 1.47482314 0.12000000
v -0.08032765 1.47790002 0.10850000
v -0.08078455 1.48630620 0.10008142
v -0.08140868 1.49778925 0.09700000
v -0.08203281 1.50927230 0.10008142
v -0.08248971 1.51767847 0.10850000
v -0.08265695 1.52075535 0.12000000
v -0.08248971 1.51767847 0.13150000
v -0.08203281 1.50927230 0.13991858
v -0.04071935 1.49944721 0.14300000
v -0.04040716 1.48795145 0.13991858
v -0.04017863 1.47953597 0.13150000
v -0.04009498 1.47645569 0.12000000
v -0.04017863 1.47953597 0.10850000
v -0.04040716 1.48795145 0.10008142
v -0.04071935 1.49944721 0.09700000
v -0.04103153 1.51094297 0.10008142
v -0.04126006 1.51935845 0.10850000
v -0.04134371 1.52243873 0.12000000
v -0.04126006 1.51935845 0.13150000
v -0.04103153 1.51094297 0.13991858
v 0.00000000 1.50000000 0.14300000
v 0.00000000 1.48850000 0.13991858
v 0.00000000 1.48008142 0.13150000
v 0.00000000 1.47700000 0.12000000
v 0.00000000 1.48008142 0.10850000
v 0.00000000 1.48850000 0.10008142
v 0.00000000 1.50000000 0.09700000
v 0.00000000 1.51150000 0.10008142
v 0.00000000 1.51991858 0.10850000
v 0.00000000 1.52300000 0.12000000
v 0.00000000 1.51991858 0.13150000
v 0.00000000 1.51150000 0.13991858
v 0.04071935 1.49944721 0.14300000
v 0.04040716 1.48795145 0.13991858
v 0.04017863 1.47953597 0.13150000
v 0.04009498 1.47645569 0.12000000
v 0.04017863 1.47953597 0.10850000
v 0.04040716 1.48795145 0.10008142
v 0.04071935 1.49944721 0.09700000
v 0.04103153 1.51094297 0.10008142
v 0.04126006 1.51935845 0.10850000
v 0.04134371 1.52243873 0.12000000
v 0.04126006 1.51935845 0.13150000
v 0.04103153 1.51094297 0.13991858
v 0.08140868 1.49778925 0.14300000
v 0.08078455 1.48630620 0.13991858
v 0.08032765 1.47790002 0.13150000
v 0.08016041 1.47482314 0.12000000
v 0.08032765 1.47790002 0.10850000
v 0.08078455 1.48630620 0.10008142
v 0.08140868 1.49778925 0.09700000
v 0.08203281 1.50927230 0.10008142
v 0.08248971 1.51767847 0.10850000
v 0.08265695 1.52075535 0.12000000
v 0.08248971 1.51767847 0.13150000
v 0.08203281 1.50927230 0.13991858
v 0.12203801 1.49502733 0.14300000
v 0.12110239 1.48356546 0.13991858
v 0.12041746 1.47517478 0.13150000
v 0.12016676 1.47210358 0.12000000
v 0.12041746 1.47517478 0.10850000
v 0.12110239 1.48356546 0.10008142
v 0.12203801 1.49502733 0.09700000
v 0.12297364 1.50648921 0.10008142
v 0.12365856 1.51487988 0.10850000
v 0.12390926 1.51795108 0.12000000
v 0.12365856 1.51487988 0.13150000
v 0.12297364 1.50648921 0.13991858
v 0.16257739 1.49116350 0.14300000
v 0.16133097 1.47973125 0.13991858
v 0.16041852 1.47136226 0.13150000
v 0.16008454 1.46829900 0.12000000
v 0.16041852 1.47136226 0.10850000
v 0.16133097 1.47973125 0.10008142
v 0.16257739 1.49116350 0.09700000
v 0.16382382 1.50259576 0.10008142
v 0.16473627 1.51096475 0.10850000
v 0.16507025 1.51402801 0.12000000
v 0.16473627 1.51096475 0.13150000
v 0.16382382 1.50259576 0.13991858
v 0.20299695 1.48620061 0.14300000
v 0.20144064 1.47480640 0.13991858
v 0.20030134 1.46646526 0.13150000
v 0.19988433 1.46341220 0.12000000
v 0.20030134 1.46646526 0.10850000
v 0.20144064 1.47480640 0.10008142
v 0.20299695 1.48620061 0.09700000
v 0.20455326 1.49759481 0.10008142
v 0.20569256 1.50593595 0.10850000
v 0.20610957 1.50898901 0.12000000
v 0.20569256 1.50593595 0.13150000
v 0.20455326 1.49759481 0.13991858
v 0.24326688 1.48014230 0.14300000
v 0.24140184 1.46879454 0.13991858
v 0.24003653 1.46048741 0.13150000
v 0.23953679 1.45744678 0.12000000
v 0.24003653 1.46048741 0.10850000
v 0.24140184 1.46879454 0.10008142
v 0.24326688 1.48014230 0.09700000
v 0.24513193 1.49149006 0.10008142
v 0.24649724 1.49979719 0.10850000
v 0.24699698 1.50283781 0.12000000
v 0.24649724 1.49979719 0.13150000
v 0.24513193 1.49149006 0.13991858
v 0.28335752 1.47299305 0.14300000
v 0.28118511 1.46170010 0.13991858
v 0.27959480 1.45343309 0.13150000
v 0.27901270 1.45040715 0.12000000
v 0.27959480 1.45343309 0.10850000
v 0.28118511 1.46170010 0.10008142
v 0.28335752 1.47299305 0.09700000
v 0.28552993 1.48428599 0.10008142
v 0.28712024 1.49255300 0.10850000
v 0.28770233 1.49557894 0.12000000
v 0.28712024 1.49255300 0.13150000
v 0.28552993 1.48428599 0.13991858
v 0.32323930 1.46475812 0.14300000
v 0.32076114 1.45352831 0.13991858
v 0.31894699 1.44530752 0.13150000
v 0.31828297 1.44229850 0.12000000
v 0.31894699 1.44530752 0.10850000
v 0.32076114 1.45352831 0.10008142
v 0.32323930 1.46475812 0.09700000
v 0.32571747 1.47598793 0.10008142
v 0.32753162 1.48420873 0.10850000
v 0.32819564 1.48721775 0.12000000
v 0.32753162 1.48420873 0.13150000
v 0.32571747 1.47598793 0.13991858
v 0.36288284 1.45544359 0.14300000
v 0.36010074 1.44428519 0.13991858
v 0.35806410 1.43611667 0.13150000
v 0.35731864 1.43312679 0.12000000
v 0.35806410 1.43611667 0.10850000
v 0.36010074 1.44428519 0.10008142
v 0.36288284 1.45544359 0.09700000
v 0.36566495 1.46660199 0.10008142
v 0.36770159 1.47477051 0.10850000
v 0.36844705 1.47776039 0.12000000
v 0.36770159 1.47477051 0.13150000
v 0.36566495 1.46660199 0.13991858
v 0.40225892 1.44505632 0.14300000
v 0.39917493 1.43397755 0.13991858
v 0.39691730 1.42586733 0.13150000
v 0.39609095 1.42289879 0.12000000
v 0.39691730 1.42586733 0.10850000
v 0.39917493 1.43397755 0.10008142
v 0.40225892 1.44505632 0.09700000
v 0.40534290 1.45613508 0.10008142
v 0.40760054 1.46424530 0.10850000
v 0.40842689 1.46721385 0.12000000
v 0.40760054 1.46424530 0.13150000
v 0.40534290 1.45613508 0.13991858
v 0.44133851 1.43360396 0.14300000
v 0.43795491 1.42261300 0.13991858
v 0.43547795 1.41456705 0.13150000
v 0.43457132 1.41162203 0.12000000
v 0.43547795 1.41456705 0.10850000
v 0.43795491 1.42261300 0.10008142
v 0.44133851 1.43360396 0.09700000
v 0.44472210 1.44459493 0.10008142
v 0.44719907 1.45264087 0.10850000
v 0.44810570 1.45558589 0.12000000
v 0.44719907 1.45264087 0.13150000
v 0.44472210 1.44459493 0.13991858
v 0.48009281 1.42109496 0.14300000
v 0.47641210 1.41019990 0.13991858
v 0.47371763 1.40222416 0.13150000
v 0.47273138 1.39930484 0.12000000
v 0.47371763 1.40222416 0.10850000
v 0.47641210 1.41019990 0.10008142
v 0.48009281 1.42109496 0.09700000
v 0.48377352 1.43199003 0.10008142
v 0.48646799 1.43996576 0.10850000
v 0.48745423 1.44288509 0.12000000
v 0.48646799 1.43996576 0.13150000
v 0.48377352 1.43199003 0.13991858
v 0.51849325 1.40753854 0.14300000
v 0.51451814 1.39674741 0.13991858
v 0.51160815 1.38884776 0.13150000
v 0.51054302 1.38595628 0.12000000
v 0.51160815 1.38884776 0.10850000
v 0.51451814 1.39674741 0.10008142
v 0.51849325 1.40753854 0.09700000
v 0.52246837 1.41832967 0.10008142
v 0.52537835 1.42622933 0.10850000
v 0.52644348 1.42912080 0.12000000
v 0.52537835 1.42622933 0.13150000
v 0.52246837 1.41832967 0.13991858
v 0.55651154 1.39294469 0.14300000
v 0.55224495 1.38226545 0.13991858
v 0.54912159 1.37444770 0.13150000
v 0.54797836 1.37158620 0.12000000
v 0.54912159 1.37444770 0.10850000
v 0.55224495 1.38226545 0.10008142
v 0.55651154 1.39294469 0.09700000
v 0.56077813 1.40362393 0.10008142
v 0.56390149 1.41144168 0.10850000
v 0.56504472 1.41430317 0.12000000
v 0.56390149 1.41144168 0.13150000
v 0.56077813 1.40362393 0.13991858
v 0.59411965 1.37732416 0.14300000
v 0.58956473 1.36676468 0.13991858
v 0.58623030 1.35903460 0.13150000
v 0.58500981 1.35620519 0.12000000
v 0.58623030 1.35903460 0.10850000
v 0.58956473 1.36676468 0.10008142
v 0.59411965 1.37732416 0.09700000
v 0.59867457 1.38788365 0.10008142
v 0.60200900 1.39561373 0.10850000
v 0.60322948 1.39844313 0.12000000
v 0.60200900 1.39561373 0.13150000
v 0.59867457 1.38788365 0.13991858
v 0.63128986 1.36068847 0.14300000
v 0.62644997 1.35025653 0.13991858
v 0.62290693 1.34261981 0.13150000
v 0.62161008 1.33982458 0.12000000
v 0.62290693 1.34261981 0.10850000
v 0.62644997 1.35025653 0.10008142
v 0.63128986 1.36068847 0.09700000
v 0.63612975 1.37112042 0.10008142
v 0.63967279 1.37875713 0.10850000
v 0.64096964 1.38155236 0.12000000
v 0.63967279 1.37875713 0.13150000
v 0.63612975 1.37112042 0.13991858
v 0.66799478 1.34304988 0.14300000
v 0.66287348 1.33275316 0.13991858
v 0.65912444 1.32521544 0.13150000
v 0.65775219 1.32245645 0.12000000
v 0.65912444 1.32521544 0.10850000
v 0.66287348 1.33275316 0.10008142
v 0.66799478 1.34304988 0.09700000
v 0.67311607 1.35334660 0.10008142
v 0.67686512 1.36088431 0.10850000
v 0.67823736 1.36364331 0.12000000
v 0.67686512 1.36088431 0.13150000
v 0.67311607 1.35334660 0.13991858
v 0.70420734 1.32442139 0.14300000
v 0.69880842 1.31426749 0.13991858
v 0.69485614 1.30683432 0.13150000
v 0.69340950 1.30411359 0.12000000
v 0.69485614 1.30683432 0.10850000
v 0.69880842 1.31426749 0.10008142
v 0.70420734 1.32442139 0.09700000
v 0.70960627 1.33457529 0.10008142
v 0.71355855 1.34200846 0.10850000
v 0.71500519 1.34472918 0.12000000
v 0.71355855 1.34200846 0.13150000
v 0.70960627 1.33457529 0.13991858
v 0.73990087 1.30481673 0.14300000
v 0.73422830 1.29481313 0.13991858
v 0.73007569 1.28748999 0.13150000
v 0.72855573 1.28480954 0.12000000
v 0.73007569 1.28748999 0.10850000
v 0.73422830 1.29481313 0.10008142
v 0.73990087 1.30481673 0.09700000
v 0.74557345 1.31482032 0.10008142
v 0.74972606 1.32214346 0.10850000
v 0.75124602 1.32482392 0.12000000
v 0.74972606 1.32214346 0.13150000
v 0.74557345 1.31482032 0.13991858
v 0.77504906 1.28425035 0.14300000
v 0.76910701 1.27440443 0.13991858
v 0.76475714 1.26719672 0.13150000
v 0.76316497 1.26455851 0.12000000
v 0.76475714 1.26719672 0.10850000
v 0.76910701 1.27440443 0.10008142
v 0.77504906 1.28425035 0.09700000
v 0.78099110 1.29409627 0.10008142
v 0.78534098 1.30130398 0.10850000
v 0.78693314 1.30394219 0.12000000
v 0.78534098 1.30130398 0.13150000
v 0.78099110 1.29409627 0.13991858
v 0.80962599 1.26273741 0.14300000
v 0.80341885 1.25305642 0.13991858
v 0.79887492 1.24596945 0.13150000
v 0.79721172 1.24337543 0.12000000
v 0.79887492 1.24596945 0.10850000
v 0.80341885 1.25305642 0.10008142
v 0.80962599 1.26273741 0.09700000
v 0.81583312 1.27241839 0.10008142
v 0.82037706 1.27950537 0.10850000
v 0.82204025 1.28209938 0.12000000
v 0.82037706 1.27950537 0.13150000
v 0.81583312 1.27241839 0.13991858
v 0.84360618 1.24029376 0.14300000
v 0.83713853 1.23078484 0.13991858
v 0.83240389 1.22382383 0.13150000
v 0.83067088 1.22127592 0.12000000
v 0.83240389 1.22382383 0.10850000
v 0.83713853 1.23078484 0.10008142
v 0.84360618 1.24029376 0.09700000
v 0.85007383 1.24980268 0.10008142
v 0.85480847 1.25676369 0.10850000
v 0.85654147 1.25931160 0.12000000
v 0.85480847 1.25676369 0.13150000
v 0.85007383 1.24980268 0.13991858
v 0.87696459 1.21693595 0.14300000
v 0.87024119 1.20760611 0.13991858
v 0.86531933 1.20077619 0.13150000
v 0.86351780 1.19827627 0.12000000
v 0.86531933 1.20077619 0.10850000
v 0.87024119 1.20760611 0.10008142
v 0.87696459 1.21693595 0.09700000
v 0.88368798 1.22626579 0.10008142
v 0.88860985 1.23309571 0.10850000
v 0.89041138 1.23559564 0.12000000
v 0.88860985 1.23309571 0.13150000
v 0.88368798 1.22626579 0.13991858
v 0.90967663 1.19268119 0.14300000
v 0.90270244 1.18353731 0.13991858
v 0.89759698 1.17684351 0.13150000
v 0.89572825 1.17439342 0.12000000
v 0.89759698 1.17684351 0.10850000
v 0.90270244 1.18353731 0.10008142
v 0.90967663 1.19268119 0.09700000
v 0.91665082 1.20182508 0.10008142
v 0.92175628 1.20851888 0.10850000
v 0.92362500 1.21096897 0.12000000
v 0.92175628 1.20851888 0.13150000
v 0.91665082 1.20182508 0.13991858
v 0.94171819 1.16754737 0.14300000
v 0.93449835 1.15859617 0.13991858
v 0.92921306 1.15204344 0.13150000
v 0.92727851 1.14964497 0.12000000
v 0.92921306 1.15204344 0.10850000
v 0.93449835 1.15859617 0.10008142
v 0.94171819 1.16754737 0.09700000
v 0.94893803 1.17649856 0.10008142
v 0.95422332 1.18305129 0.10850000
v 0.95615787 1.18544976 0.12000000
v 0.95422332 1.18305129 0.13150000
v 0.94893803 1.17649856 0.13991858
v 0.97306565 1.14155300 0.14300000
v 0.96560548 1.13280109 0.13991858
v 0.96014426 1.12639425 0.13150000
v 0.95814531 1.12404918 0.12000000
v 0.96014426 1.12639425 0.10850000
v 0.96560548 1.13280109 0.10008142
v 0.97306565 1.14155300 0.09700000
v 0.98052582 1.15030490 0.10008142
v 0.98598704 1.15671174 0.10850000
v 0.98798599 1.15905681 0.12000000
v 0.98598704 1.15671174 0.13150000
v 0.98052582 1.15030490 0.13991858
v 1.00369591 1.11471724 0.14300000
v 0.99600091 1.10617107 0.13991858
v 0.99036778 1.09991485 0.13150000
v 0.98830591 1.09762491 0.12000000
v 0.99036778 1.09991485 0.10850000
v 0.99600091 1.10617107 0.10008142
v 1.00369591 1.11471724 0.09700000
v 1.01139091 1.12326340 0.10008142
v 1.01702404 1.12951963 0.10850000
v 1.01908591 1.13180957 0.12000000
v 1.01702404 1.12951963 0.13150000
v 1.01139091 1.12326340 0.13991858
v 1.03358639 1.08705987 0.14300000
v 1.02566223 1.07872575 0.13991858
v 1.01986134 1.07262474 0.13150000
v 1.01773807 1.07039162 0.12000000
v 1.01986134 1.07262474 0.10850000
v 1.02566223 1.07872575 0.10008142
v 1.03358639 1.08705987 0.09700000
v 1.04151055 1.09539400 0.10008142
v 1.04731144 1.10149500 0.10850000
v 1.04943472 1.10372813 0.12000000
v 1.04731144 1.10149500 0.13150000
v 1.04151055 1.09539400 0.13991858
v 1.06271507 1.05860129 0.14300000
v 1.05456758 1.05048535 0.13991858
v 1.04860321 1.04454406 0.13150000
v 1.04642010 1.04236940 0.12000000
v 1.04860321 1.04454406 0.10850000
v 1.05456758 1.05048535 0.10008142
v 1.06271507 1.05860129 0.09700000
v 1.07086255 1.06671723 0.10008142
v 1.07682692 1.07265851 0.10850000
v 1.07901003 1.07483317 0.12000000
v 1.07682692 1.07265851 0.13150000
v 1.07086255 1.06671723 0.13991858
v 1.09106046 1.02936246 0.14300000
v 1.08269567 1.02147068 0.13991858
v 1.07657221 1.01569349 0.13150000
v 1.07433087 1.01357890 0.12000000
v 1.07657221 1.01569349 0.10850000
v 1.08269567 1.02147068 0.10008142
v 1.09106046 1.02936246 0.09700000
v 1.09942526 1.03725424 0.10008142
v 1.10554872 1.04303142 0.10850000
v 1.10779006 1.04514601 0.12000000
v 1.10554872 1.04303142 0.13150000
v 1.09942526 1.03725424 0.13991858
v 1.11860169 0.99936493 0.14300000
v 1.11002574 0.99170313 0.13991858
v 1.10374771 0.98609431 0.13150000
v 1.10144980 0.98404133 0.12000000
v 1.10374771 0.98609431 0.10850000
v 1.11002574 0.99170313 0.10008142
v 1.11860169 0.99936493 0.09700000
v 1.12717763 1.00702673 0.10008142
v 1.13345566 1.01263555 0.10850000
v 1.13575358 1.01468853 0.12000000
v 1.13345566 1.01263555 0.13150000
v 1.12717763 1.00702673 0.13991858
v 1.14531844 0.96863082 0.14300000
v 1.13653767 0.96120465 0.13991858
v 1.13010970 0.95576831 0.13150000
v 1.12775690 0.95377848 0.12000000
v 1.13010970 0.95576831 0.10850000
v 1.13653767 0.96120465 0.10008142
v 1.14531844 0.96863082 0.09700000
v 1.15409922 0.97605699 0.10008142
v 1.16052719 0.98149332 0.10850000
v 1.16287999 0.98348316 0.12000000
v 1.16052719 0.98149332 0.13150000
v 1.15409922 0.97605699 0.13991858
v 1.17119104 0.93718277 0.14300000
v 1.16221191 0.92999770 0.13991858
v 1.15563873 0.92473787 0.13150000
v 1.15323278 0.92281264 0.12000000
v 1.15563873 0.92473787 0.10850000
v 1.16221191 0.92999770 0.10008142
v 1.17119104 0.93718277 0.09700000
v 1.18017017 0.94436784 0.10008142
v 1.18674335 0.94962767 0.10850000
v 1.18914930 0.95155291 0.12000000
v 1.18674335 0.94962767 0.13150000
v 1.18017017 0.94436784 0.13991858
v 1.19620040 0.90504397 0.14300000
v 1.18702953 0.89810530 0.13991858
v 1.18031599 0.89302584 0.13150000
v 1.17785867 0.89116663 0.12000000
v 1.18031599 0.89302584 0.10850000
v 1.18702953 0.89810530 0.10008142
v 1.19620040 0.90504397 0.09700000
v 1.20537127 0.91198264 0.10008142
v 1.21208482 0.91706210 0.10850000
v 1.21454214 0.91892131 0.12000000
v 1.21208482 0.91706210 0.13150000
v 1.20537127 0.91198264 0.13991858
v 1.22032811 0.87223811 0.14300000
v 1.21097226 0.86555095 0.13991858
v 1.20412330 0.86065561 0.13150000
v 1.20161641 0.85886379 0.12000000
v 1.20412330 0.86065561 0.10850000
v 1.21097226 0.86555095 0.10008142
v 1.22032811 0.87223811 0.09700000
v 1.22968395 0.87892527 0.10008142
v 1.23653291 0.88382061 0.10850000
v 1.23903980 0.88561242 0.12000000
v 1.23653291 0.88382061 0.13150000
v 1.22968395 0.87892527 0.13991858
v 1.24355636 0.83878936 0.14300000
v 1.23402243 0.83235864 0.13991858
v 1.22704310 0.82765102 0.13150000
v 1.22448849 0.82592792 0.12000000
v 1.22704310 0.82765102 0.10850000
v 1.23402243 0.83235864 0.10008142
v 1.24355636 0.83878936 0.09700000
v 1.25309029 0.84522007 0.10008142
v 1.26006961 0.84992769 0.10850000
v 1.26262422 0.85165079 0.12000000
v 1.26006961 0.84992769 0.13150000
v 1.25309029 0.84522007 0.13991858
v 1.26586804 0.80472237 0.14300000
v 1.25616306 0.79855283 0.13991858
v 1.24905851 0.79403642 0.13150000
v 1.24645807 0.79238329 0.12000000
v 1.24905851 0.79403642 0.10850000
v 1.25616306 0.79855283 0.10008142
v 1.26586804 0.80472237 0.09700000
v 1.27557303 0.81089191 0.10008142
v 1.28267758 0.81540832 0.10850000
v 1.28527802 0.81706145 0.12000000
v 1.28267758 0.81540832 0.13150000
v 1.27557303 0.81089191 0.13991858
v 1.28724672 0.77006226 0.14300000
v 1.27737783 0.76415845 0.13991858
v 1.27015330 0.75983656 0.13150000
v 1.26750893 0.75825464 0.12000000
v 1.27015330 0.75983656 0.10850000
v 1.27737783 0.76415845 0.10008142
v 1.28724672 0.77006226 0.09700000
v 1.29711561 0.77596607 0.10008142
v 1.30434014 0.78028796 0.10850000
v 1.30698450 0.78186988 0.12000000
v 1.30434014 0.78028796 0.13150000
v 1.29711561 0.77596607 0.13991858
v 1.30767662 0.73483458 0.14300000
v 1.29765110 0.72920085 0.13991858
v 1.29031191 0.72507667 0.13150000
v 1.28762558 0.72356711 0.12000000
v 1.29031191 0.72507667 0.10850000
v 1.29765110 0.72920085 0.10008142
v 1.30767662 0.73483458 0.09700000
v 1.31770214 0.74046831 0.10008142
v 1.32504133 0.74459249 0.10850000
v 1.32772766 0.74610204 0.12000000
v 1.32504133 0.74459249 0.13150000
v 1.31770214 0.74046831 0.13991858
v 1.32714270 0.69906528 0.14300000
v 1.31696794 0.69370578 0.13991858
v 1.30951949 0.68978235 0.13150000
v 1.30679317 0.68834628 0.12000000
v 1.30951949 0.68978235 0.10850000
v 1.31696794 0.69370578 0.10008142
v 1.32714270 0.69906528 0.09700000
v 1.33731746 0.70442478 0.10008142
v 1.34476590 0.70834821 0.10850000
v 1.34749222 0.70978428 0.12000000
v 1.34476590 0.70834821 0.13150000
v 1.33731746 0.70442478 0.13991858
v 1.34563060 0.66278073 0.14300000
v 1.33531409 0.65769941 0.13991858
v 1.32776189 0.65397963 0.13150000
v 1.32499759 0.65261810 0.12000000
v 1.32776189 0.65397963 0.10850000
v 1.33531409 0.65769941 0.10008142
v 1.34563060 0.66278073 0.09700000
v 1.35594710 0.66786205 0.10008142
v 1.36349930 0.67158184 0.10850000
v 1.36626360 0.67294337 0.12000000
v 1.36349930 0.67158184 0.13150000
v 1.35594710 0.66786205 0.13991858
v 1.36312669 0.62600768 0.14300000
v 1.35267606 0.62120829 0.13991858
v 1.34502566 0.61769489 0.13150000
v 1.34222542 0.61640890 0.12000000
v 1.34502566 0.61769489 0.10850000
v 1.35267606 0.62120829 0.10008142
v 1.36312669 0.62600768 0.09700000
v 1.37357733 0.63080707 0.10008142
v 1.38122773 0.63432047 0.10850000
v 1.38402797 0.63560647 0.12000000
v 1.38122773 0.63432047 0.13150000
v 1.37357733 0.63080707 0.13991858
v 1.37961809 0.58877323 0.14300000
v 1.36904102 0.58425930 0.13991858
v 1.36129807 0.58095488 0.13150000
v 1.35846395 0.57974537 0.12000000
v 1.36129807 0.58095488 0.10850000
v 1.36904102 0.58425930 0.10008142
v 1.37961809 0.58877323 0.09700000
v 1.39019517 0.59328716 0.10008142
v 1.39793812 0.59659158 0.10850000
v 1.40077224 0.59780109 0.12000000
v 1.39793812 0.59659158 0.13150000
v 1.39019517 0.59328716 0.13991858
v 1.39509264 0.55110482 0.14300000
v 1.38439693 0.54687968 0.13991858
v 1.37656713 0.54378667 0.13150000
v 1.37370122 0.54265455 0.12000000
v 1.37656713 0.54378667 0.10850000
v 1.38439693 0.54687968 0.10008142
v 1.39509264 0.55110482 0.09700000
v 1.40578835 0.55532996 0.10008142
v 1.41361816 0.55842297 0.10850000
v 1.41648406 0.55955509 0.12000000
v 1.41361816 0.55842297 0.13150000
v 1.40578835 0.55532996 0.13991858
v 1.40953893 0.51303021 0.14300000
v 1.39873247 0.50909698 0.13991858
v 1.39082158 0.50621766 0.13150000
v 1.38792600 0.50516375 0.12000000
v 1.39082158 0.50621766 0.10850000
v 1.39873247 0.50909698 0.10008142
v 1.40953893 0.51303021 0.09700000
v 1.42034540 0.51696345 0.10008142
v 1.42825628 0.51984277 0.10850000
v 1.43115186 0.52089668 0.12000000
v 1.42825628 0.51984277 0.13150000
v 1.42034540 0.51696345 0.13991858
v 1.42294631 0.47457748 0.14300000
v 1.41203706 0.47093905 0.13991858
v 1.40405093 0.46827554 0.13150000
v 1.40112780 0.46730063 0.12000000
v 1.40405093 0.46827554 0.10850000
v 1.41203706 0.47093905 0.10008142
v 1.42294631 0.47457748 0.09700000
v 1.43385557 0.47821591 0.10008142
v 1.44184170 0.48087942 0.10850000
v 1.44476483 0.48185433 0.12000000
v 1.44184170 0.48087942 0.13150000
v 1.43385557 0.47821591 0.13991858
v 1.43530491 0.43577496 0.14300000
v 1.42430091 0.43243402 0.13991858
v 1.41624542 0.42998828 0.13150000
v 1.41329690 0.42909307 0.12000000
v 1.41624542 0.42998828 0.10850000
v 1.42430091 0.43243402 0.10008142
v 1.43530491 0.43577496 0.09700000
v 1.44630892 0.43911590 0.10008142
v 1.45436441 0.44156164 0.10850000
v 1.45731292 0.44245684 0.12000000
v 1.45436441 0.44156164 0.13150000
v 1.44630892 0.43911590 0.13991858
v 1.44660561 0.39665124 0.14300000
v 1.43551497 0.39361025 0.13991858
v 1.42739605 0.39138409 0.13150000
v 1.42442432 0.39056926 0.12000000
v 1.42739605 0.39138409 0.10850000
v 1.43551497 0.39361025 0.10008142
v 1.44660561 0.39665124 0.09700000
v 1.45769625 0.39969224 0.10008142
v 1.46581517 0.40191840 0.10850000
v 1.46878690 0.40273323 0.12000000
v 1.46581517 0.40191840 0.13150000
v 1.45769625 0.39969224 0.13991858
v 1.45684008 0.35723518 0.14300000
v 1.44567098 0.35449637 0.13991858
v 1.43749462 0.35249143 0.13150000
v 1.43450187 0.35175757 0.12000000
v 1.43749462 0.35249143 0.10850000
v 1.44567098 0.35449637 0.10008142
v 1.45684008 0.35723518 0.09700000
v 1.46800919 0.35997398 0.10008142
v 1.47618554 0.36197892 0.10850000
v 1.47917830 0.36271278 0.12000000
v 1.47618554 0.36197892 0.13150000
v 1.46800919 0.35997398 0.13991858
v 1.46600079 0.31755581 0.14300000
v 1.45476145 0.31512121 0.13991858
v 1.44653368 0.31333897 0.13150000
v 1.44352211 0.31268662 0.12000000
v 1.44653368 0.31333897 0.10850000
v 1.45476145 0.31512121 0.10008142
v 1.46600079 0.31755581 0.09700000
v 1.47724013 0.31999040 0.10008142
v 1.48546789 0.32177265 0.10850000
v 1.48847947 0.32242500 0.12000000
v 1.48546789 0.32177265 0.13150000
v 1.47724013 0.31999040 0.13991858
v 1.47408097 0.27764238 0.14300000
v 1.46277968 0.27551379 0.13991858
v 1.45450657 0.27395556 0.13150000
v 1.45147840 0.27338520 0.12000000
v 1.45450657 0.27395556 0.10850000
v 1.46277968 0.27551379 0.10008142
v 1.47408097 0.27764238 0.09700000
v 1.48538226 0.27977098 0.10008142
v 1.49365537 0.28132921 0.10850000
v 1.49668354 0.28189957 0.12000000
v 1.49365537 0.28132921 0.13150000
v 1.48538226 0.27977098 0.13991858
v 1.48107468 0.23752432 0.14300000
v 1.46971977 0.23570330 0.13991858
v 1.46140740 0.23437022 0.13150000
v 1.45836486 0.23388228 0.12000000
v 1.46140740 0.23437022 0.10850000
v 1.46971977 0.23570330 0.10008142
v 1.48107468 0.23752432 0.09700000
v 1.49242958 0.23934534 0.10008142
v 1.50074195 0.24067842 0.10850000
v 1.50378449 0.24116636 0.12000000
v 1.50074195 0.24067842 0.13150000
v 1.49242958 0.23934534 0.13991858
v 1.48697675 0.19723119 0.14300000
v 1.47557660 0.19571909 0.13991858
v 1.46723110 0.19461215 0.13150000
v 1.46417644 0.19420698 0.12000000
v 1.46723110 0.19461215 0.10850000
v 1.47557660 0.19571909 0.10008142
v 1.48697675 0.19723119 0.09700000
v 1.49837691 0.19874330 0.10008142
v 1.50672240 0.19985024 0.10850000
v 1.50977706 0.20025541 0.12000000
v 1.50672240 0.19985024 0.13150000
v 1.49837691 0.19874330 0.13991858
v 1.49178284 0.15679269 0.14300000
v 1.48034584 0.15559062 0.13991858
v 1.47197337 0.15471064 0.13150000
v 1.46890884 0.15438854 0.12000000
v 1.47197337 0.15471064 0.10850000
v 1.48034584 0.15559062 0.10008142
v 1.49178284 0.15679269 0.09700000
v 1.50321984 0.15799477 0.10008142
v 1.51159231 0.15887475 0.10850000
v 1.51465685 0.15919685 0.12000000
v 1.51159231 0.15887475 0.13150000
v 1.50321984 0.15799477 0.13991858
v 1.49548941 0.11623863 0.14300000
v 1.48402399 0.11534747 0.13991858
v 1.47563072 0.11469509 0.13150000
v 1.47255857 0.11445631 0.12000000
v 1.47563072 0.11469509 0.10850000
v 1.48402399 0.11534747 0.10008142
v 1.49548941 0.11623863 0.09700000
v 1.50695483 0.11712979 0.10008142
v 1.51534810 0.11778217 0.10850000
v 1.51842025 0.11802096 0.12000000
v 1.51534810 0.11778217 0.13150000
v 1.50695483 0.11712979 0.13991858
v 1.49809372 0.07559889 0.14300000
v 1.48660834 0.07501930 0.13991858
v 1.47820045 0.07459501 0.13150000
v 1.47512295 0.07443971 0.12000000
v 1.47820045 0.07459501 0.10850000
v 1.48660834 0.07501930 0.10008142
v 1.49809372 0.07559889 0.09700000
v 1.50957911 0.07617848 0.10008142
v 1.51798700 0.07660277 0.10850000
v 1.52106449 0.07675808 0.12000000
v 1.51798700 0.07660277 0.13150000
v 1.50957911 0.07617848 0.13991858
v 1.49959386 0.03490343 0.14300000
v 1.48809698 0.03463584 0.13991858
v 1.47968067 0.03443995 0.13150000
v 1.47660009 0.03436825 0.12000000
v 1.47968067 0.03443995 0.10850000
v 1.48809698 0.03463584 0.10008142
v 1.49959386 0.03490343 0.09700000
v 1.51109075 0.03517103 0.10008142
v 1.51950705 0.03536692 0.10850000
v 1.52258763 0.03543862 0.12000000
v 1.51950705 0.03536692 0.13150000
v 1.51109075 0.03517103 0.13991858
v 1.49998872 -0.00581775 0.14300000
v 1.48848880 -0.00577315 0.13991858
v 1.48007028 -0.00574050 0.13150000
v 1.47698889 -0.00572854 0.12000000
v 1.48007028 -0.00574050 0.10850000
v 1.48848880 -0.00577315 0.10008142
v 1.49998872 -0.00581775 0.09700000
v 1.51148863 -0.00586235 0.10008142
v 1.51990715 -0.00589500 0.10850000
v 1.52298854 -0.00590696 0.12000000
v 1.51990715 -0.00589500 0.13150000
v 1.51148863 -0.00586235 0.13991858
v 1.49927800 -0.04653465 0.14300000
v 1.48778354 -0.04617788 0.13991858
v 1.47936900 -0.04591671 0.13150000
v 1.47628907 -0.04582111 0.12000000
v 1.47936900 -0.04591671 0.10850000
v 1.48778354 -0.04617788 0.10008142
v 1.49927800 -0.04653465 0.09700000
v 1.51077247 -0.04689141 0.10008142
v 1.51918700 -0.04715258 0.10850000
v 1.52226693 -0.04724818 0.12000000
v 1.51918700 -0.04715258 0.13150000
v 1.51077247 -0.04689141 0.13991858
v 1.49746224 -0.08721724 0.14300000
v 1.48598169 -0.08654858 0.13991858
v 1.47757735 -0.08605908 0.13150000
v 1.47450115 -0.08587991 0.12000000
v 1.47757735 -0.08605908 0.10850000
v 1.48598169 -0.08654858 0.10008142
v 1.49746224 -0.08721724 0.09700000
v 1.50894278 -0.08788591 0.10008142
v 1.51734712 -0.08837541 0.10850000
v 1.52042333 -0.08855457 0.12000000
v 1.51734712 -0.08837541 0.13150000
v 1.50894278 -0.08788591 0.13991858
v 1.49454276 -0.12783556 0.14300000
v 1.48308460 -0.12685548 0.13991858
v 1.47469665 -0.12613802 0.13150000
v 1.47162644 -0.12587541 0.12000000
v 1.47469665 -0.12613802 0.10850000
v 1.48308460 -0.12685548 0.10008142
v 1.49454276 -0.12783556 0.09700000
v 1.50600092 -0.12881563 0.10008142
v 1.51438888 -0.12953309 0.10850000
v 1.51745909 -0.12979570 0.12000000
v 1.51438888 -0.12953309 0.13150000
v 1.50600092 -0.12881563 0.13991858
v 1.49052173 -0.16835965 0.14300000
v 1.47909440 -0.16706889 0.13991858
v 1.47072901 -0.16612399 0.13150000
v 1.46766706 -0.16577813 0.12000000
v 1.47072901 -0.16612399 0.10850000
v 1.47909440 -0.16706889 0.10008142
v 1.49052173 -0.16835965 0.09700000
v 1.50194906 -0.16965041 0.10008142
v 1.51031445 -0.17059531 0.10850000
v 1.51337640 -0.17094116 0.12000000
v 1.51031445 -0.17059531 0.13150000
v 1.50194906 -0.16965041 0.13991858
v 1.48540210 -0.20875965 0.14300000
v 1.47401402 -0.20715916 0.13991858
v 1.46567737 -0.20598752 0.13150000
v 1.46262594 -0.20555867 0.12000000
v 1.46567737 -0.20598752 0.10850000
v 1.47401402 -0.20715916 0.10008142
v 1.48540210 -0.20875965 0.09700000
v 1.49679019 -0.21036014 0.10008142
v 1.50512684 -0.21153178 0.10850000
v 1.50817827 -0.21196063 0.12000000
v 1.50512684 -0.21153178 0.13150000
v 1.49679019 -0.21036014 0.13991858
v 1.47918765 -0.24900579 0.14300000
v 1.46784722 -0.24709674 0.13991858
v 1.45954544 -0.24569922 0.13150000
v 1.45650678 -0.24518770 0.12000000
v 1.45954544 -0.24569922 0.10850000
v 1.46784722 -0.24709674 0.10008142
v 1.47918765 -0.24900579 0.09700000
v 1.49052809 -0.25091483 0.10008142
v 1.49882987 -0.25231235 0.10850000
v 1.50186853 -0.25282388 0.12000000
v 1.49882987 -0.25231235 0.13150000
v 1.49052809 -0.25091483 0.13991858
v 1.47188297 -0.28906839 0.14300000
v 1.46059853 -0.28685220 0.13991858
v 1.45233775 -0.28522984 0.13150000
v 1.44931409 -0.28463601 0.12000000
v 1.45233775 -0.28522984 0.10850000
v 1.46059853 -0.28685220 0.10008142
v 1.47188297 -0.28906839 0.09700000
v 1.48316740 -0.29128458 0.10008142
v 1.49142818 -0.29290695 0.10850000
v 1.49445184 -0.29350077 0.12000000
v 1.49142818 -0.29290695 0.13150000
v 1.48316740 -0.29128458 0.13991858
v 1.46349342 -0.32891794 0.14300000
v 1.45227330 -0.32639623 0.13991858
v 1.44405961 -0.32455022 0.13150000
v 1.44105319 -0.32387453 0.12000000
v 1.44405961 -0.32455022 0.10850000
v 1.45227330 -0.32639623 0.10008142
v 1.46349342 -0.32891794 0.09700000
v 1.47471354 -0.33143964 0.10008142
v 1.48292723 -0.33328566 0.10850000
v 1.48593365 -0.33396134 0.12000000
v 1.48292723 -0.33328566 0.13150000
v 1.47471354 -0.33143964 0.13991858
v 1.45402520 -0.36852505 0.14300000
v 1.44287767 -0.36569969 0.13991858
v 1.43471712 -0.36363139 0.13150000
v 1.43173015 -0.36287433 0.12000000
v 1.43471712 -0.36363139 0.10850000
v 1.44287767 -0.36569969 0.10008142
v 1.45402520 -0.36852505 0.09700000
v 1.46517273 -0.37135041 0.10008142
v 1.47333328 -0.37341872 0.10850000
v 1.47632025 -0.37417577 0.12000000
v 1.47333328 -0.37341872 0.13150000
v 1.46517273 -0.37135041 0.13991858
v 1.44348529 -0.40786054 0.14300000
v 1.43241857 -0.40473361 0.13991858
v 1.42431717 -0.40244454 0.13150000
v 1.42135185 -0.40160668 0.12000000
v 1.42431717 -0.40244454 0.10850000
v 1.43241857 -0.40473361 0.10008142
v 1.44348529 -0.40786054 0.09700000
v 1.45455201 -0.41098747 0.10008142
v 1.46265341 -0.41327655 0.10850000
v 1.46561873 -0.41411441 0.12000000
v 1.46265341 -0.41327655 0.13150000
v 1.45455201 -0.41098747 0.13991858
v 1.43188145 -0.44689542 0.14300000
v 1.42090369 -0.44346922 0.13991858
v 1.41286741 -0.44096107 0.13150000
v 1.40992593 -0.44004303 0.12000000
v 1.41286741 -0.44096107 0.10850000
v 1.42090369 -0.44346922 0.10008142
v 1.43188145 -0.44689542 0.09700000
v 1.44285921 -0.45032162 0.10008142
v 1.45089548 -0.45282977 0.10850000
v 1.45383696 -0.45374782 0.12000000
v 1.45089548 -0.45282977 0.13150000
v 1.44285921 -0.45032162 0.13991858
v 1.41922224 -0.48560091 0.09700000
v 1.43010294 -0.48932385 0.10008142
v 1.43806817 -0.49204923 0.10850000
v 1.44098364 -0.49304679 0.12000000
v 1.43806817 -0.49204923 0.13150000
v 1.43010294 -0.48932385 0.13991858
v 1.41922224 -0.48560091 0.14300000
v 1.40834153 -0.48187797 0.13991858
v 1.40037630 -0.47915259 0.13150000
v 1.39746083 -0.47815503 0.12000000
v 1.40037630 -0.47915259 0.10850000
v 1.40834153 -0.48187797 0.10008142
v 1.40551698 -0.52394849 0.09700000
v 1.41629261 -0.52796543 0.10008142
v 1.42418092 -0.53090603 0.10850000
v 1.42706824 -0.53198237 0.12000000
v 1.42418092 -0.53090603 0.13150000
v 1.41629261 -0.52796543 0.13991858
v 1.40551698 -0.52394849 0.14300000
v 1.39474135 -0.51993155 0.13991858
v 1.38685304 -0.51699095 0.13150000
v 1.38396572 -0.51591461 0.12000000
v 1.38685304 -0.51699095 0.10850000
v 1.39474135 -0.51993155 0.10008142
v 1.39077578 -0.56190989 0.09700000
v 1.40143840 -0.56621787 0.10008142
v 1.40924397 -0.56937152 0.10850000
v 1.41210101 -0.57052584 0.12000000
v 1.40924397 -0.56937152 0.13150000
v 1.40143840 -0.56621787 0.13991858
v 1.39077578 -0.56190989 0.14300000
v 1.38011317 -0.55760191 0.13991858
v 1.37230759 -0.55444826 0.13150000
v 1.36945055 -0.55329394 0.12000000
v 1.37230759 -0.55444826 0.10850000
v 1.38011317 -0.55760191 0.10008142
v 1.37500951 -0.59945713 0.09700000
v 1.38555125 -0.60405297 0.10008142
v 1.39326834 -0.60741736 0.10850000
v 1.39609299 -0.60864881 0.12000000
v 1.39326834 -0.60741736 0.13150000
v 1.38555125 -0.60405297 0.13991858
v 1.37500951 -0.59945713 0.14300000
v 1.36446777 -0.59486129 0.13991858
v 1.35675068 -0.59149691 0.13150000
v 1.35392603 -0.59026546 0.12000000
v 1.35675068 -0.59149691 0.10850000
v 1.36446777 -0.59486129 0.10008142
v 1.35822978 -0.63656254 0.09700000
v 1.36864287 -0.64144285 0.10008142
v 1.37626579 -0.64501549 0.10850000
v 1.37905597 -0.64632317 0.12000000
v 1.37626579 -0.64501549 0.13150000
v 1.36864287 -0.64144285 0.13991858
v 1.35822978 -0.63656254 0.14300000
v 1.34781668 -0.63168223 0.13991858
v 1.34019377 -0.62810959 0.13150000
v 1.33740359 -0.62680192 0.12000000
v 1.34019377 -0.62810959 0.10850000
v 1.34781668 -0.63168223 0.10008142
v 1.34044896 -0.67319877 0.09700000
v 1.35072574 -0.67835996 0.10008142
v 1.35824886 -0.68213821 0.10850000
v 1.36100251 -0.68352115 0.12000000
v 1.35824886 -0.68213821 0.13150000
v 1.35072574 -0.67835996 0.13991858
v 1.34044896 -0.67319877 0.14300000
v 1.33017219 -0.66803758 0.13991858
v 1.32264906 -0.66425933 0.13150000
v 1.31989541 -0.66287639 0.12000000
v 1.32264906 -0.66425933 0.10850000
v 1.33017219 -0.66803758 0.10008142
v 1.32168016 -0.70933882 0.09700000
v 1.33181304 -0.71477708 0.10008142
v 1.33923082 -0.71875817 0.10850000
v 1.34194592 -0.72021534 0.12000000
v 1.33923082 -0.71875817 0.13150000
v 1.33181304 -0.71477708 0.13991858
v 1.32168016 -0.70933882 0.14300000
v 1.31154728 -0.70390055 0.13991858
v 1.30412949 -0.69991947 0.13150000
v 1.30141440 -0.69846229 0.12000000
v 1.30412949 -0.69991947 0.10850000
v 1.31154728 -0.70390055 0.10008142
v 1.30193721 -0.74495604 0.09700000
v 1.31191873 -0.75066737 0.10008142
v 1.31922571 -0.75484835 0.10850000
v 1.32190025 -0.75637870 0.12000000
v 1.31922571 -0.75484835 0.13150000
v 1.31191873 -0.75066737 0.13991858
v 1.30193721 -0.74495604 0.14300000
v 1.29195569 -0.73924471 0.13991858
v 1.28464871 -0.73506373 0.13150000
v 1.28197417 -0.73353338 0.12000000
v 1.28464871 -0.73506373 0.10850000
v 1.29195569 -0.73924471 0.10008142
v 1.28123466 -0.78002419 0.09700000
v 1.29105746 -0.78600438 0.10008142
v 1.29824825 -0.79038218 0.10850000
v 1.30088026 -0.79198456 0.12000000
v 1.29824825 -0.79038218 0.13150000
v 1.29105746 -0.78600438 0.13991858
v 1.28123466 -0.78002419 0.14300000
v 1.27141186 -0.77404401 0.13991858
v 1.26422108 -0.76966621 0.13150000
v 1.26158906 -0.76806382 0.12000000
v 1.26422108 -0.76966621 0.10850000
v 1.27141186 -0.77404401 0.10008142
v 1.25958778 -0.81451742 0.09700000
v 1.26924462 -0.82076206 0.10008142
v 1.27631391 -0.82533345 0.10850000
v 1.27890146 -0.82700669 0.12000000
v 1.27631391 -0.82533345 0.13150000
v 1.26924462 -0.82076206 0.13991858
v 1.25958778 -0.81451742 0.14300000
v 1.24993094 -0.80827279 0.13991858
v 1.24286164 -0.80370140 0.13150000
v 1.24027410 -0.80202816 0.12000000
v 1.24286164 -0.80370140 0.10850000
v 1.24993094 -0.80827279 0.10008142
v 1.23701251 -0.84841031 0.09700000
v 1.24649627 -0.85491479 0.10008142
v 1.25343886 -0.85967640 0.10850000
v 1.25598003 -0.86141927 0.12000000
v 1.25343886 -0.85967640 0.13150000
v 1.24649627 -0.85491479 0.13991858
v 1.23701251 -0.84841031 0.14300000
v 1.22752874 -0.84190583 0.13991858
v 1.22058615 -0.83714423 0.13150000
v 1.21804498 -0.83540136 0.12000000
v 1.22058615 -0.83714423 0.10850000
v 1.22752874 -0.84190583 0.10008142
v 1.21352549 -0.88167788 0.09700000
v 1.22282919 -0.88843741 0.10008142
v 1.22963996 -0.89338573 0.10850000
v 1.23213288 -0.89519694 0.12000000
v 1.22963996 -0.89338573 0.13150000
v 1.22282919 -0.88843741 0.13991858
v 1.21352549 -0.88167788 0.14300000
v 1.20422180 -0.87491835 0.13991858
v 1.19741102 -0.86997003 0.13150000
v 1.19491810 -0.86815882 0.12000000
v 1.19741102 -0.86997003 0.10850000
v 1.20422180 -0.87491835 0.10008142
v 1.18914404 -0.91429560 0.09700000
v 1.19826081 -0.92130520 0.10008142
v 1.20493475 -0.92643658 0.10850000
v 1.20737759 -0.92831480 0.12000000
v 1.20493475 -0.92643658 0.13150000
v 1.19826081 -0.92130520 0.13991858
v 1.18914404 -0.91429560 0.14300000
v 1.18002727 -0.90728600 0.13991858
v 1.17335333 -0.90215462 0.13150000
v 1.17091050 -0.90027640 0.12000000
v 1.17335333 -0.90215462 0.10850000
v 1.18002727 -0.90728600 0.10008142
v 1.16388613 -0.94623944 0.09700000
v 1.17280926 -0.95349394 0.10008142
v 1.17934144 -0.95880460 0.10850000
v 1.18173239 -0.96074844 0.12000000
v 1.17934144 -0.95880460 0.13150000
v 1.17280926 -0.95349394 0.13991858
v 1.16388613 -0.94623944 0.14300000
v 1.15496301 -0.93898493 0.13991858
v 1.14843082 -0.93367427 0.13150000
v 1.14603988 -0.93173043 0.12000000
v 1.14843082 -0.93367427 0.10850000
v 1.15496301 -0.93898493 0.10008142
v 1.13777038 -0.97748584 0.09700000
v 1.14649328 -0.98497990 0.10008142
v 1.15287889 -0.99046593 0.10850000
v 1.15521619 -0.99247396 0.12000000
v 1.15287889 -0.99046593 0.13150000
v 1.14649328 -0.98497990 0.13991858
v 1.13777038 -0.97748584 0.14300000
v 1.12904747 -0.96999179 0.13991858
v 1.12266186 -0.96450575 0.13150000
v 1.12032456 -0.96249773 0.12000000
v 1.12266186 -0.96450575 0.10850000
v 1.12904747 -0.96999179 0.10008142
v 1.11081602 -1.00801179 0.09700000
v 1.11933228 -1.01573988 0.10008142
v 1.12556661 -1.02139724 0.10850000
v 1.12784853 -1.02346797 0.12000000
v 1.12556661 -1.02139724 0.13150000
v 1.11933228 -1.01573988 0.13991858
v 1.11081602 -1.00801179 0.14300000
v 1.10229976 -1.00028370 0.13991858
v 1.09606543 -0.99462635 0.13150000
v 1.09378351 -0.99255561 0.12000000
v 1.09606543 -0.99462635 0.10850000
v 1.10229976 -1.00028370 0.10008142
v 1.08304293 -1.03779478 0.09700000
v 1.09134626 -1.04575121 0.10008142
v 1.09742472 -1.05157571 0.10850000
v 1.09964959 -1.05370763 0.12000000
v 1.09742472 -1.05157571 0.13150000
v 1.09134626 -1.04575121 0.13991858
v 1.08304293 -1.03779478 0.14300000
v 1.07473960 -1.02983835 0.13991858
v 1.06866115 -1.02401384 0.13150000
v 1.06643627 -1.02188193 0.12000000
v 1.06866115 -1.02401384 0.10850000
v 1.07473960 -1.02983835 0.10008142
v 1.05447159 -1.06681286 0.09700000
v 1.06255587 -1.07499176 0.10008142
v 1.06847397 -1.08097913 0.10850000
v 1.07064015 -1.08317066 0.12000000
v 1.06847397 -1.08097913 0.13150000
v 1.06255587 -1.07499176 0.13991858
v 1.05447159 -1.06681286 0.14300000
v 1.04638730 -1.05863396 0.13991858
v 1.04046920 -1.05264659 0.13150000
v 1.03830302 -1.05045506 0.12000000
v 1.04046920 -1.05264659 0.10850000
v 1.04638730 -1.05863396 0.10008142
v 1.02512304 -1.09504464 0.09700000
v 1.03298231 -1.10343998 0.10008142
v 1.03873570 -1.10958580 0.10850000
v 1.04084159 -1.11183532 0.12000000
v 1.03873570 -1.10958580 0.13150000
v 1.03298231 -1.10343998 0.13991858
v 1.02512304 -1.09504464 0.14300000
v 1.01726376 -1.08664930 0.13991858
v 1.01151037 -1.08050348 0.13150000
v 1.00940448 -1.07825395 0.12000000
v 1.01151037 -1.08050348 0.10850000
v 1.01726376 -1.08664930 0.10008142
v 0.99501892 -1.12246931 0.09700000
v 1.00264740 -1.13107491 0.10008142
v 1.00823183 -1.13737464 0.10850000
v 1.01027587 -1.13968051 0.12000000
v 1.00823183 -1.13737464 0.13150000
v 1.00264740 -1.13107491 0.13991858
v 0.99501892 -1.12246931 0.14300000
v 0.98739044 -1.11386371 0.13991858
v 0.98180600 -1.10756398 0.13150000
v 0.97976196 -1.10525812 0.12000000
v 0.98180600 -1.10756398 0.10850000
v 0.98739044 -1.11386371 0.10008142
v 0.95542111 -1.14906666 0.09873366
v 0.96321297 -1.15806761 0.09885656
v 0.97126432 -1.16465676 0.10464482
v 0.97741781 -1.16706855 0.11454749
v 0.98002462 -1.16465676 0.12591116
v 0.97838626 -1.15806761 0.13569093
v 0.97294172 -1.14906666 0.14126634
v 0.96514986 -1.14006572 0.14114344
v 0.95709851 -1.13347657 0.13535518
v 0.95094502 -1.13106478 0.12545251
v 0.94833821 -1.13347657 0.11408884
v 0.94997657 -1.14006572 0.10430907
v 0.93787732 -1.15262688 0.12799267
v 0.94157922 -1.16381668 0.12631056
v 0.95020459 -1.17200818 0.12680791
v 0.96144228 -1.17500648 0.12935147
v 0.97228116 -1.17200818 0.13325969
v 0.97981695 -1.16381668 0.13748536
v 0.98203045 -1.15262688 0.14089622
v 0.97832855 -1.14143708 0.14257833
v 0.96970318 -1.13324558 0.14208097
v 0.95846549 -1.13024728 0.13953742
v 0.94762661 -1.13324558 0.13562920
v 0.94009082 -1.14143708 0.13140353
v 0.93365716 -1.15620247 0.14245441
v 0.93736095 -1.16738954 0.14075838
v 0.94598907 -1.17557904 0.14124091
v 0.95722960 -1.17857661 0.14377271
v 0.96807067 -1.17557904 0.14767539
v 0.97560742 -1.16738954 0.15190323
v 0.97782038 -1.15620247 0.15532337
v 0.97411659 -1.14501540 0.15701940
v 0.96548848 -1.13682589 0.15653687
v 0.95424794 -1.13382833 0.15400506
v 0.94340687 -1.13682589 0.15010239
v 0.93587012 -1.14501540 0.14587455
v 0.92944927 -1.15979366 0.15691575
v 0.93315500 -1.17097796 0.15520573
v 0.94178585 -1.17916543 0.15567349
v 0.95302919 -1.18216225 0.15819370
v 0.96387238 -1.17916543 0.16209107
v 0.97140999 -1.17097796 0.16632131
v 0.97362232 -1.15979366 0.16975091
v 0.96991659 -1.14860936 0.17146094
v 0.96128574 -1.14042189 0.17099318
v 0.95004239 -1.13742507 0.16847297
v 0.93919921 -1.14042189 0.16457560
v 0.93166160 -1.14860936 0.16034536
v 0.92525335 -1.16340069 0.17137670
v 0.92896107 -1.17458216 0.16965261
v 0.93759467 -1.18276757 0.17010565
v 0.94884077 -1.18576364 0.17261443
v 0.95968599 -1.18276757 0.17650673
v 0.96722435 -1.17458216 0.18073960
v 0.96943598 -1.16340069 0.18417886
v 0.96572825 -1.15221921 0.18590295
v 0.95709465 -1.14403381 0.18544991
v 0.94584855 -1.14103774 0.18294113
v 0.93500334 -1.14403381 0.17904883
v 0.92746497 -1.15221921 0.17481596
v 0.92106911 -1.16702378 0.18583725
v 0.92477888 -1.17820239 0.18409902
v 0.93341523 -1.18638570 0.18453739
v 0.94466404 -1.18938099 0.18703491
v 0.95551120 -1.18638570 0.19092236
v 0.96305024 -1.17820239 0.19515811
v 0.96526106 -1.16702378 0.19860719
v 0.96155128 -1.15584518 0.20034543
v 0.95291494 -1.14766187 0.19990705
v 0.94166613 -1.14466657 0.19740953
v 0.93081896 -1.14766187 0.19352208
v 0.92327993 -1.15584518 0.18928633
v 0.91689626 -1.17066317 0.20029740
v 0.92060814 -1.18183886 0.19854496
v 0.92924723 -1.19002003 0.19896872
v 0.94049871 -1.19301455 0.20145514
v 0.95134774 -1.19002003 0.20533799
v 0.95888734 -1.18183886 0.20957685
v 0.96109728 -1.17066317 0.21303594
v 0.95738540 -1.15948748 0.21478838
v 0.94874631 -1.15130630 0.21436461
v 0.93749483 -1.14831179 0.21187819
v 0.92664580 -1.15130630 0.20799534
v 0.91910620 -1.15948748 0.20375648
v 0.91273452 -1.17431907 0.21475714
v 0.91644855 -1.18549180 0.21299042
v 0.92509040 -1.19367080 0.21339964
v 0.93634449 -1.19666452 0.21587513
v 0.94719531 -1.19367080 0.21975361
v 0.95473538 -1.18549180 0.22399582
v 0.95694434 -1.17431907 0.22746508
v 0.95323032 -1.16314634 0.22923180
v 0.94458847 -1.15496734 0.22882258
v 0.93333437 -1.15197361 0.22634709
v 0.92248356 -1.15496734 0.22246861
v 0.91494349 -1.16314634 0.21822640
v 0.90858359 -1.17799171 0.22921648
v 0.91229982 -1.18916142 0.22743542
v 0.92094443 -1.19733823 0.22783014
v 0.93220110 -1.20033114 0.23029489
v 0.94305361 -1.19733823 0.23416923
v 0.95059405 -1.18916142 0.23841503
v 0.95280196 -1.17799171 0.24189464
v 0.94908573 -1.16682199 0.24367569
v 0.94044112 -1.15864519 0.24328097
v 0.92918445 -1.15565227 0.24081622
v 0.91833194 -1.15864519 0.23694189
v 0.91079150 -1.16682199 0.23269608
v 0.90444317 -1.18168130 0.24367540
v 0.90816165 -1.19284796 0.24187994
v 0.91680902 -1.20102253 0.24226024
v 0.92806822 -1.20401462 0.24471441
v 0.93892235 -1.20102253 0.24858485
v 0.94646306 -1.19284796 0.25283447
v 0.94866983 -1.18168130 0.25632460
v 0.94495134 -1.17051464 0.25812006
v 0.93630397 -1.16234008 0.25773976
v 0.92504477 -1.15934798 0.25528559
v 0.91419064 -1.16234008 0.25141515
v 0.90664993 -1.17051464 0.24716553
v 0.90031295 -1.18538807 0.25813390
v 0.90403375 -1.19655163 0.25632399
v 0.91268389 -1.20472392 0.25668994
v 0.92394557 -1.20771518 0.25913370
v 0.93480123 -1.20472392 0.26300048
v 0.94234212 -1.19655163 0.26725416
v 0.94454765 -1.18538807 0.27075498
v 0.94082686 -1.17422451 0.27256490
v 0.93217672 -1.16605222 0.27219895
v 0.92091504 -1.16306096 0.26975519
v 0.91005937 -1.16605222 0.26588841
v 0.90251849 -1.17422451 0.26163473
v 0.89619266 -1.18911223 0.27259199
v 0.89991581 -1.20027263 0.27076756
v 0.90856872 -1.20844262 0.27111923
v 0.91983284 -1.21143304 0.27355277
v 0.93068996 -1.20844262 0.27741612
v 0.93823092 -1.20027263 0.28167410
v 0.94043513 -1.18911223 0.28518579
v 0.93671197 -1.17795182 0.28701022
v 0.92805907 -1.16978184 0.28665855
v 0.91679495 -1.16679142 0.28422501
v 0.90593783 -1.16978184 0.28036165
v 0.89839687 -1.17795182 0.27610368
v 0.89208197 -1.19285399 0.28704966
v 0.89580754 -1.20401119 0.28521066
v 0.90446323 -1.21217884 0.28554812
v 0.91572974 -1.21516840 0.28797162
v 0.92658822 -1.21217884 0.29183179
v 0.93412916 -1.20401119 0.29609430
v 0.93633196 -1.19285399 0.29961701
v 0.93260639 -1.18169678 0.30145601
v 0.92395071 -1.17352913 0.30111855
v 0.91268420 -1.17053957 0.29869504
v 0.90182571 -1.17352913 0.29483487
v 0.89428478 -1.18169678 0.29057237
v 0.88798059 -1.19661355 0.30150690
v 0.89170863 -1.20776752 0.29965328
v 0.90036710 -1.21593279 0.29997661
v 0.91163595 -1.21892148 0.30239026
v 0.92249572 -1.21593279 0.30624749
v 0.93003654 -1.20776752 0.31051476
v 0.93223785 -1.19661355 0.31404865
v 0.92850981 -1.18545959 0.31590228
v 0.91985135 -1.17729432 0.31557895
v 0.90858249 -1.17430562 0.31316530
v 0.89772272 -1.17729432 0.30930807
v 0.89018190 -1.18545959 0.30504080
v 0.88388822 -1.20039114 0.31596372
v 0.88761878 -1.21154181 0.31409543
v 0.89628003 -1.21970467 0.31440471
v 0.90755119 -1.22269249 0.31680868
v 0.91841216 -1.21970467 0.32066321
v 0.92595275 -1.21154181 0.32493548
v 0.92815248 -1.20039114 0.32848073
v 0.92442192 -1.18924046 0.33034902
v 0.91576067 -1.18107760 0.33003974
v 0.90448951 -1.17808979 0.32763576
v 0.89362854 -1.18107760 0.32378123
v 0.88608795 -1.18924046 0.31950897
v 0.87980454 -1.20418695 0.33042010
v 0.88353768 -1.21533428 0.32853710
v 0.89220172 -1.22349470 0.32883241
v 0.90347513 -1.22648162 0.33122690
v 0.91433722 -1.22349470 0.33507898
v 0.92187749 -1.21533428 0.33935647
v 0.92407554 -1.20418695 0.34291323
v 0.92034241 -1.19303961 0.34479624
v 0.91167837 -1.18487919 0.34450093
v 0.90040496 -1.18189227 0.34210643
v 0.88954287 -1.18487919 0.33825436
v 0.88200260 -1.19303961 0.33397686
v 0.87572925 -1.20800118 0.34487605
v 0.87946502 -1.21914513 0.34297829
v 0.88813185 -1.22730307 0.34325972
v 0.89940747 -1.23028908 0.34564492
v 0.91027059 -1.22730307 0.34949478
v 0.91781045 -1.21914513 0.35377774
v 0.92000674 -1.20800118 0.35734617
v 0.91627098 -1.19685722 0.35924393
v 0.90760415 -1.18869928 0.35896250
v 0.89632852 -1.18571327 0.35657730
v 0.88546540 -1.18869928 0.35272744
v 0.87792555 -1.19685722 0.34844448
v 0.87166204 -1.21183403 0.35933156
v 0.87540049 -1.22297456 0.35741901
v 0.88407012 -1.23112999 0.35768664
v 0.89534791 -1.23411508 0.36006274
v 0.90621198 -1.23112999 0.36391064
v 0.91375132 -1.22297456 0.36819929
v 0.91594576 -1.21183403 0.37177955
v 0.91220731 -1.20069351 0.37369210
v 0.90353768 -1.19253808 0.37342447
v 0.89225989 -1.18955299 0.37104837
v 0.88139582 -1.19253808 0.36720047
v 0.87385648 -1.20069351 0.36291182
v 0.86760260 -1.21568571 0.37378663
v 0.87134379 -1.22682276 0.37185926
v 0.88001622 -1.23497564 0.37211318
v 0.89129613 -1.23795981 0.37448038
v 0.90216106 -1.23497564 0.37832655
v 0.90969978 -1.22682276 0.38262112
v 0.91189228 -1.21568571 0.38621337
v 0.90815109 -1.20454866 0.38814074
v 0.89947866 -1.19639578 0.38788682
v 0.88819875 -1.19341162 0.38551962
v 0.87733381 -1.19639578 0.38167345
v 0.86979510 -1.20454866 0.37737888
v 0.86355060 -1.21955640 0.38824126
v 0.86729459 -1.23068993 0.38629902
v 0.87596983 -1.23884024 0.38653934
v 0.88725181 -1.24182346 0.38889782
v 0.89811753 -1.23884024 0.39274252
v 0.90565552 -1.23068993 0.39704325
v 0.90784600 -1.21955640 0.40064763
v 0.90410201 -1.20842288 0.40258987
v 0.89542677 -1.20027257 0.40234955
v 0.88414479 -1.19728935 0.39999107
v 0.87327907 -1.20027257 0.39614637
v 0.86574107 -1.20842288 0.39184564
v 0.85950574 -1.22344631 0.40269545
v 0.86325258 -1.23457627 0.40073831
v 0.87193064 -1.24272396 0.40096511
v 0.88321465 -1.24570622 0.40331509
v 0.89408106 -1.24272396 0.40715856
v 0.90161824 -1.23457627 0.41146567
v 0.90380659 -1.22344631 0.41508233
v 0.90005976 -1.21231635 0.41703947
v 0.89138170 -1.20416866 0.41681266
v 0.88009769 -1.20118639 0.41446269
v 0.86923127 -1.20416866 0.41061922
v 0.86169410 -1.21231635 0.40631211
v 0.85546771 -1.22735561 0.41714918
v 0.85921745 -1.23848196 0.41517712
v 0.86789833 -1.24662701 0.41539051
v 0.87918433 -1.24960830 0.41773218
v 0.89005135 -1.24662701 0.42157466
v 0.89758761 -1.23848196 0.42588839
v 0.89977375 -1.22735561 0.42951748
v 0.89602401 -1.21622927 0.43148954
v 0.88734312 -1.20808422 0.43127615
v 0.87605713 -1.20510292 0.42893449
v 0.86519010 -1.20808422 0.42509200
v 0.85765385 -1.21622927 0.42077828
v 0.85143617 -1.23128450 0.43160247
v 0.85518888 -1.24240719 0.42961546
v 0.86387259 -1.25054956 0.42981554
v 0.87516052 -1.25352987 0.43214909
v 0.88602808 -1.25054956 0.43599085
v 0.89356330 -1.24240719 0.44031141
v 0.89574715 -1.23128450 0.44395309
v 0.89199444 -1.22016181 0.44594010
v 0.88331073 -1.21201944 0.44574002
v 0.87202280 -1.20903913 0.44340646
v 0.86115524 -1.21201944 0.43956471
v 0.85362002 -1.22016181 0.43524414
v 0.84741082 -1.23523316 0.44605530
v 0.85116654 -1.24635214 0.44405332
v 0.85985309 -1.25449180 0.44424019
v 0.87114292 -1.25747113 0.44656584
v 0.88201092 -1.25449180 0.45040712
v 0.88954502 -1.24635214 0.45473475
v 0.89172647 -1.23523316 0.45838915
v 0.88797074 -1.22411418 0.46039112
v 0.87928419 -1.21597452 0.46020425
v 0.86799437 -1.21299520 0.45787860
v 0.85712637 -1.21597452 0.45403733
v 0.84959227 -1.22411418 0.44970970
v 0.84339133 -1.23920178 0.46050767
v 0.84715013 -1.25031701 0.45849070
v 0.85583952 -1.25845393 0.45866448
v 0.86713119 -1.26143224 0.46098243
v 0.87799955 -1.25845393 0.46482347
v 0.88553242 -1.25031701 0.46915840
v 0.88771139 -1.23920178 0.47282566
v 0.88395259 -1.22808654 0.47484263
v 0.87526320 -1.21994963 0.47466885
v 0.86397152 -1.21697131 0.47235090
v 0.85310317 -1.21994963 0.46850986
v 0.84557030 -1.22808654 0.46417494
v 0.83937738 -1.24319053 0.47495959
v 0.84313931 -1.25430196 0.47292761
v 0.85183155 -1.26243610 0.47308840
v 0.86312502 -1.26541340 0.47539887
v 0.87399365 -1.26243610 0.47923993
v 0.88152519 -1.25430196 0.48358237
v 0.88370158 -1.24319053 0.48726264
v 0.87993965 -1.23207909 0.48929461
v 0.87124741 -1.22394495 0.48913382
v 0.85995393 -1.22096765 0.48682335
v 0.84908531 -1.22394495 0.48298230
v 0.84155376 -1.23207909 0.47863986
v 0.83536864 -1.24719958 0.48941104
v 0.83913376 -1.25830719 0.48736405
v 0.84782886 -1.26643851 0.48751196
v 0.85912409 -1.26941479 0.48981515
v 0.86999290 -1.26643851 0.49365648
v 0.87752301 -1.25830719 0.49800666
v 0.87969673 -1.24719958 0.50170007
v 0.87593161 -1.23609198 0.50374706
v 0.86723651 -1.22796066 0.50359915
v 0.85594128 -1.22498438 0.50129596
v 0.84507246 -1.22796066 0.49745463
v 0.83754235 -1.23609198 0.49310445
v 0.83136478 -1.25122913 0.50386203
v 0.83513316 -1.26233285 0.50180000
v 0.84383112 -1.27046133 0.50193516
v 0.85512806 -1.27343657 0.50423129
v 0.86599698 -1.27046133 0.50807314
v 0.87352555 -1.26233285 0.51243128
v 0.87569650 -1.25122913 0.51613797
v 0.87192813 -1.24012541 0.51820000
v 0.86323016 -1.23199693 0.51806484
v 0.85193322 -1.22902169 0.51576871
v 0.84106431 -1.23199693 0.51192686
v 0.83353573 -1.24012541 0.50756872
v 0.82736549 -1.25527933 0.51831255
v 0.83113717 -1.26637912 0.51623549
v 0.83983801 -1.27450473 0.51635801
v 0.85113662 -1.27747891 0.51864729
v 0.86200555 -1.27450473 0.52248991
v 0.86953248 -1.26637912 0.52685624
v 0.87170057 -1.25527933 0.53057634
v 0.86792889 -1.24417954 0.53265340
v 0.85922805 -1.23605393 0.53253088
v 0.84792944 -1.23307975 0.53024160
v 0.83706051 -1.23605393 0.52639898
v 0.82953358 -1.24417954 0.52203265
v 0.82337042 -1.25935036 0.53276260
v 0.82714547 -1.27044618 0.53067050
v 0.83584919 -1.27856889 0.53078050
v 0.84714942 -1.28154200 0.53306315
v 0.85801828 -1.27856889 0.53690679
v 0.86554346 -1.27044618 0.54128154
v 0.86770861 -1.25935036 0.54501518
v 0.86393356 -1.24825454 0.54710728
v 0.85522984 -1.24013184 0.54699727
v 0.84392961 -1.23715872 0.54471463
v 0.83306075 -1.24013184 0.54087099
v 0.82553556 -1.24825454 0.53649624
v 0.81937926 -1.26344238 0.54721218
v 0.82315773 -1.27453419 0.54510503
v 0.83186434 -1.28265396 0.54520265
v 0.84316615 -1.28562600 0.54747888
v 0.85403485 -1.28265396 0.55132380
v 0.86155818 -1.27453419 0.55570718
v 0.86372028 -1.26344238 0.55945449
v 0.85994180 -1.25235058 0.56156163
v 0.85123519 -1.24423081 0.56146402
v 0.83993338 -1.24125877 0.55918779
v 0.82906468 -1.24423081 0.55534286
v 0.82154135 -1.25235058 0.55095949
v 0.81539166 -1.26755557 0.56166129
v 0.81917362 -1.27864331 0.55953909
v 0.82788313 -1.28676011 0.55962445
v 0.83918647 -1.28973106 0.56189448
v 0.85005492 -1.28676011 0.56574094
v 0.85757630 -1.27864331 0.57013317
v 0.85973525 -1.26755557 0.57389427
v 0.85595329 -1.25646782 0.57601646
v 0.84724378 -1.24835102 0.57593111
v 0.83594044 -1.24538007 0.57366107
v 0.82507199 -1.24835102 0.56981461
v 0.81755061 -1.25646782 0.56542239
v 0.81140729 -1.27169007 0.57610992
v 0.81519281 -1.28277372 0.57397268
v 0.82390522 -1.29088751 0.57404591
v 0.83521005 -1.29385736 0.57630997
v 0.84607817 -1.29088751 0.58015821
v 0.85359748 -1.28277372 0.58455951
v 0.85575319 -1.27169007 0.58833453
v 0.85196768 -1.26060642 0.59047176
v 0.84325527 -1.25249263 0.59039854
v 0.83195044 -1.24952277 0.58813447
v 0.82108232 -1.25249263 0.58428623
v 0.81356301 -1.26060642 0.57988494
v 0.80742583 -1.27584605 0.59055807
v 0.81121495 -1.28692555 0.58840580
v 0.81993028 -1.29503631 0.58846703
v 0.83123655 -1.29800506 0.59072534
v 0.84210425 -1.29503631 0.59457563
v 0.84962140 -1.28692555 0.59898621
v 0.85177377 -1.27584605 0.60277527
v 0.84798465 -1.26476654 0.60492753
v 0.83926932 -1.25665578 0.60486630
v 0.82796305 -1.25368704 0.60260799
v 0.81709535 -1.25665578 0.59875770
v 0.80957820 -1.26476654 0.59434713
v 0.80344693 -1.28002366 0.60500574
v 0.80723972 -1.29109898 0.60283845
v 0.81595797 -1.29920668 0.60288781
v 0.82726564 -1.30217430 0.60514061
v 0.83813283 -1.29920668 0.60899319
v 0.84564770 -1.29109898 0.61341327
v 0.84779664 -1.28002366 0.61721649
v 0.84400385 -1.26894834 0.61938377
v 0.83528560 -1.26084065 0.61933441
v 0.82397793 -1.25787303 0.61708162
v 0.81311074 -1.26084065 0.61322903
v 0.80559587 -1.26894834 0.60880895
v 0.79947025 -1.28422307 0.61945292
v 0.80326677 -1.29529416 0.61727063
v 0.81198796 -1.30339876 0.61730827
v 0.82329698 -1.30636525 0.61955577
v 0.83416358 -1.30339876 0.62341090
v 0.84167606 -1.29529416 0.62784069
v 0.84382148 -1.28422307 0.63165819
v 0.84002495 -1.27315198 0.63384049
v 0.83130376 -1.26504737 0.63380284
v 0.81999475 -1.26208088 0.63155535
v 0.80912815 -1.26504737 0.62770021
v 0.80161566 -1.27315198 0.62327042
v 0.79549545 -1.28844441 0.63389962
v 0.79929578 -1.29951124 0.63170233
v 0.80801991 -1.30761271 0.63172840
v 0.81933023 -1.31057806 0.63397083
v 0.83019615 -1.30761271 0.63782877
v 0.83770614 -1.29951124 0.64226849
v 0.83984792 -1.28844441 0.64610038
v 0.83604760 -1.27737759 0.64829767
v 0.82732347 -1.26927611 0.64827160
v 0.81601315 -1.26631077 0.64602917
v 0.80514723 -1.26927611 0.64217123
v 0.79763723 -1.27737759 0.63773151
v 0.79152221 -1.29268785 0.64834584
v 0.79532639 -1.30375036 0.64613357
v 0.80405348 -1.31184868 0.64614820
v 0.81536506 -1.31481287 0.64838580
v 0.82623020 -1.31184868 0.65224680
v 0.83373760 -1.30375036 0.65669667
v 0.83587565 -1.29268785 0.66054305
v 0.83207147 -1.28162533 0.66275532
v 0.82334438 -1.27352701 0.66274069
v 0.81203280 -1.27056282 0.66050309
v 0.80116766 -1.27352701 0.65664208
v 0.79366026 -1.28162533 0.65219222
v 0.78755016 -1.29695352 0.66279156
v 0.79135827 -1.30801168 0.66056435
v 0.80008832 -1.31610681 0.66056768
v 0.81140112 -1.31906984 0.66280068
v 0.82226540 -1.31610681 0.66666501
v 0.82977009 -1.30801168 0.67112522
v 0.83190431 -1.29695352 0.67498621
v 0.82809620 -1.28589535 0.67721343
v 0.81936615 -1.27780022 0.67721010
v 0.80805335 -1.27483719 0.67497710
v 0.79718907 -1.27780022 0.67111277
v 0.78968439 -1.28589535 0.66665256
v 0.78357898 -1.30124156 0.67723680
v 0.78739107 -1.31229533 0.67499465
v 0.79612410 -1.32038725 0.67498685
v 0.80743807 -1.32334910 0.67721548
v 0.81830139 -1.32038725 0.68108338
v 0.82580327 -1.31229533 0.68555416
v 0.82793356 -1.30124156 0.68942987
v 0.82412147 -1.29018779 0.69167202
v 0.81538843 -1.28209587 0.69167982
v 0.80407447 -1.27913402 0.68945119
v 0.79321114 -1.28209587 0.68558328
v 0.78570927 -1.29018779 0.68111251
v 0.77960831 -1.30555212 0.69168154
v 0.78342445 -1.31660146 0.68942449
v 0.79216047 -1.32469014 0.68940570
v 0.80347556 -1.32765080 0.69163020
v 0.81433785 -1.32469014 0.69550194
v 0.82183679 -1.31660146 0.69998349
v 0.82396305 -1.30555212 0.70387402
v 0.82014691 -1.29450278 0.70613106
v 0.81141089 -1.28641411 0.70614985
v 0.80009580 -1.28345344 0.70392535
v 0.78923352 -1.28641411 0.70005361
v 0.78173457 -1.29450278 0.69557207
v 0.77563781 -1.30988534 0.70612578
v 0.77945807 -1.32093021 0.70385387
v 0.78819709 -1.32901562 0.70382425
v 0.79951326 -1.33197508 0.70604486
v 0.81037441 -1.32901562 0.70992069
v 0.81787031 -1.32093021 0.71441321
v 0.81999245 -1.30988534 0.71831866
v 0.81617219 -1.29884047 0.72059058
v 0.80743317 -1.29075507 0.72062020
v 0.79611700 -1.28779560 0.71839959
v 0.78525585 -1.29075507 0.71452376
v 0.77775994 -1.29884047 0.71003123
v 0.77166714 -1.31424135 0.72056953
v 0.77549158 -1.32528171 0.71828278
v 0.78423361 -1.33336381 0.71824249
v 0.79555081 -1.33632207 0.72045945
v 0.80641074 -1.33336381 0.72433962
v 0.81390349 -1.32528171 0.72884333
v 0.81602139 -1.31424135 0.73276380
v 0.81219695 -1.30320099 0.73505055
v 0.80345491 -1.29511889 0.73509084
v 0.79213772 -1.29216063 0.73287389
v 0.78127779 -1.29511889 0.72899371
v 0.77378504 -1.30320099 0.72449000
v 0.76769594 -1.31862028 0.73501278
v 0.77152463 -1.32965609 0.73271123
v 0.78026968 -1.33773487 0.73266043
v 0.79158787 -1.34069190 0.73487398
v 0.80244648 -1.33773487 0.73875876
v 0.80993597 -1.32965609 0.74327385
v 0.81204953 -1.31862028 0.74720944
v 0.80822084 -1.30758447 0.74951099
v 0.79947579 -1.29950570 0.74956179
v 0.78815760 -1.29654866 0.74734825
v 0.77729899 -1.29950570 0.74346346
v 0.76980950 -1.30758447 0.73894837
v 0.76372386 -1.32302226 0.74945553
v 0.76755687 -1.33405349 0.74713923
v 0.77630496 -1.34212890 0.74707807
v 0.78762408 -1.34508471 0.74928845
v 0.79848129 -1.34212890 0.75317810
v 0.80596740 -1.33405349 0.75770478
v 0.80807653 -1.32302226 0.76165558
v 0.80424352 -1.31199104 0.76397188
v 0.79549543 -1.30391562 0.76403304
v 0.78417631 -1.30095982 0.76182266
v 0.77331910 -1.30391562 0.75793301
v 0.76583298 -1.31199104 0.75340633
v 0.75975056 -1.32744743 0.76389778
v 0.76358796 -1.33847403 0.76156676
v 0.77233909 -1.34654606 0.76149542
v 0.78365911 -1.34950063 0.76370288
v 0.79451482 -1.34654606 0.76759765
v 0.80199744 -1.33847403 0.77213612
v 0.80410202 -1.32744743 0.77610222
v 0.80026463 -1.31642083 0.77843324
v 0.79151349 -1.30834879 0.77850458
v 0.78019348 -1.30539423 0.77629712
v 0.76933777 -1.30834879 0.77240235
v 0.76185514 -1.31642083 0.76786388
v 0.75577569 -1.33189589 0.77833952
v 0.75961753 -1.34291783 0.77599384
v 0.76837172 -1.35098645 0.77591248
v 0.77969259 -1.35393977 0.77811727
v 0.79054671 -1.35098645 0.78201741
v 0.79802573 -1.34291783 0.78656787
v 0.80012565 -1.33189589 0.79054937
v 0.79628381 -1.32087395 0.79289505
v 0.78752962 -1.31280533 0.79297640
v 0.77620876 -1.30985201 0.79077162
v 0.76535464 -1.31280533 0.78687148
v 0.75787561 -1.32087395 0.78232101
v 0.75179888 -1.33636778 0.79278076
v 0.75564524 -1.34738502 0.79042046
v 0.76440251 -1.35545020 0.79032926
v 0.77572417 -1.35840226 0.79253161
v 0.78657661 -1.35545020 0.79643739
v 0.79405191 -1.34738502 0.80100005
v 0.79614708 -1.33636778 0.80499702
v 0.79230072 -1.32535054 0.80735732
v 0.78354346 -1.31728536 0.80744852
v 0.77222179 -1.31433330 0.80524616
v 0.76136936 -1.31728536 0.80134038
v 0.75389405 -1.32535054 0.79677773
v 0.74781979 -1.34086321 0.80722149
v 0.75167074 -1.35187572 0.80484662
v 0.76043109 -1.35993743 0.80474576
v 0.77175351 -1.36288822 0.80694593
v 0.78260417 -1.35993743 0.81085760
v 0.79007564 -1.35187572 0.81543264
v 0.79216595 -1.34086321 0.81944518
v 0.78831500 -1.32985070 0.82182005
v 0.77955465 -1.32178899 0.82192091
v 0.76823223 -1.31883819 0.81972073
v 0.75738157 -1.32178899 0.81580906
v 0.74991010 -1.32985070 0.81123402
v 0.74383806 -1.34538230 0.82166171
v 0.74769367 -1.35639003 0.81927233
v 0.75645711 -1.36444826 0.81916198
v 0.76778024 -1.36739777 0.82136022
v 0.77862903 -1.36444826 0.82527805
v 0.78609655 -1.35639003 0.82986567
v 0.78818189 -1.34538230 0.83389384
v 0.78432628 -1.33437456 0.83628322
v 0.77556284 -1.32631634 0.83639357
v 0.76423971 -1.32336682 0.83419533
v 0.75339092 -1.32631634 0.83027751
v 0.74592340 -1.33437456 0.82568989
v 0.73985334 -1.34992516 0.83610143
v 0.74371367 -1.36092809 0.83369760
v 0.75248022 -1.36898280 0.83357793
v 0.76380401 -1.37193102 0.83577450
v 0.77465083 -1.36898280 0.83969873
v 0.78211429 -1.36092809 0.84429912
v 0.78419455 -1.34992516 0.84834302
v 0.78033422 -1.33892222 0.85074685
v 0.77156766 -1.33086752 0.85086651
v 0.76024387 -1.32791929 0.84866995
v 0.74939705 -1.33086752 0.84474572
v 0.74193360 -1.33892222 0.84014532
v 0.73586526 -1.35449190 0.85054063
v 0.73973039 -1.36548999 0.84812241
v 0.74850007 -1.37354116 0.84799361
v 0.75982447 -1.37648809 0.85018876
v 0.77066923 -1.37354116 0.85411965
v 0.77812850 -1.36548999 0.85873301
v 0.78020358 -1.35449190 0.86279270
v 0.77633845 -1.34349380 0.86521093
v 0.76756877 -1.33544264 0.86533972
v 0.75624437 -1.33249571 0.86314458
v 0.74539961 -1.33544264 0.85921368
v 0.73794034 -1.34349380 0.85460032
v 0.73187346 -1.35908263 0.86497932
v 0.73574346 -1.37007585 0.86254677
v 0.74451628 -1.37812345 0.86240903
v 0.75584125 -1.38106907 0.86460301
v 0.76668385 -1.37812345 0.86854082
v 0.77413882 -1.37007585 0.87316735
v 0.77620860 -1.35908263 0.87724290
v 0.77233861 -1.34808940 0.87967545
v 0.76356579 -1.34004181 0.87981319
v 0.75224082 -1.33709618 0.87761922
v 0.74139822 -1.34004181 0.87368140
v 0.73394325 -1.34808940 0.86905488
v 0.72787760 -1.36369745 0.87941750
v 0.73175254 -1.37468577 0.87697069
v 0.74052851 -1.38272977 0.87682419
v 0.75185399 -1.38567409 0.87901725
v 0.76269434 -1.38272977 0.88296225
v 0.77014489 -1.37468577 0.88760212
v 0.77220927 -1.36369745 0.89169361
v 0.76833433 -1.35270913 0.89414042
v 0.75955837 -1.34466512 0.89428692
v 0.74823288 -1.34172081 0.89209386
v 0.73739253 -1.34466512 0.88814886
v 0.72994198 -1.35270913 0.88350899
v 0.72387730 -1.36833647 0.89385516
v 0.72775725 -1.37931985 0.89139417
v 0.73653638 -1.38736024 0.89123910
v 0.74786234 -1.39030323 0.89343151
v 0.75870034 -1.38736024 0.89738394
v 0.76614635 -1.37931985 0.90203734
v 0.76820522 -1.36833647 0.90614484
v 0.76432527 -1.35735309 0.90860583
v 0.75554614 -1.34931269 0.90876090
v 0.74422018 -1.34636971 0.90656849
v 0.73338218 -1.34931269 0.90261606
v 0.72593617 -1.35735309 0.89796266
v 0.71987221 -1.37299978 0.90829231
v 0.72375724 -1.38397819 0.90581720
v 0.73253955 -1.39201494 0.90565375
v 0.74386593 -1.39495660 0.90784577
v 0.75470149 -1.39201494 0.91180589
v 0.76214283 -1.38397819 0.91647301
v 0.76419608 -1.37299978 0.92059658
v 0.76031105 -1.36202137 0.92307169
v 0.75152874 -1.35398461 0.92323513
v 0.74020236 -1.35104296 0.92104312
v 0.72936680 -1.35398461 0.91708300
v 0.72192546 -1.36202137 0.91241588
v 0.71586196 -1.37768748 0.92272894
v 0.71975215 -1.38866089 0.92023979
v 0.72853765 -1.39669398 0.92006817
v 0.73986441 -1.39963430 0.92226004
v 0.75069741 -1.39669398 0.92622812
v 0.75813398 -1.38866089 0.93090914
v 0.76018149 -1.37768748 0.93504884
v 0.75629130 -1.36671407 0.93753798
v 0.74750580 -1.35868098 0.93770961
v 0.73617905 -1.35574066 0.93551773
v 0.72534604 -1.35868098 0.93154966
v 0.71790947 -1.36671407 0.92686864
v 0.71184619 -1.38239966 0.93716505
v 0.71574161 -1.39336804 0.93466195
v 0.72453032 -1.40139745 0.93448234
v 0.73585740 -1.40433642 0.93667434
v 0.74668776 -1.40139745 0.94065062
v 0.75411943 -1.39336804 0.94534573
v 0.75616108 -1.38239966 0.94950162
v 0.75226567 -1.37143128 0.95200472
v 0.74347696 -1.36340187 0.95218433
v 0.73214988 -1.36046290 0.94999232
v 0.72131952 -1.36340187 0.94601605
v 0.71388785 -1.37143128 0.94132094
v 0.70782454 -1.38713642 0.95160065
v 0.71172525 -1.39809974 0.94908367
v 0.72051718 -1.40612545 0.94889627
v 0.73184454 -1.40906306 0.95108867
v 0.74267216 -1.40612545 0.95507340
v 0.75009880 -1.39809974 0.95978278
v 0.75213449 -1.38713642 0.96395491
v 0.74823378 -1.37617310 0.96647189
v 0.73944185 -1.36814740 0.96665928
v 0.72811449 -1.36520978 0.96446689
v 0.71728687 -1.36814740 0.96048215
v 0.70986023 -1.37617310 0.95577278
v 0.70379663 -1.39189784 0.96603572
v 0.70770272 -1.40285607 0.96350496
v 0.71649789 -1.41087805 0.96330997
v 0.72782547 -1.41381430 0.96550302
v 0.73865025 -1.41087805 0.96949648
v 0.74607174 -1.40285607 0.97422029
v 0.74810136 -1.39189784 0.97840872
v 0.74419527 -1.38093961 0.98093949
v 0.73540010 -1.37291763 0.98113447
v 0.72407252 -1.36998138 0.97894142
v 0.71324774 -1.37291763 0.97494797
v 0.70582625 -1.38093961 0.97022415
v 0.69976210 -1.39668401 0.98047028
v 0.70367364 -1.40763712 0.97792581
v 0.71247206 -1.41565535 0.97772345
v 0.72379982 -1.41859023 0.97991742
v 0.73462166 -1.41565535 0.98391984
v 0.74203787 -1.40763712 0.98865828
v 0.74406130 -1.39668401 0.99286306
v 0.74014976 -1.38573089 0.99540752
v 0.73135135 -1.37771266 0.99560988
v 0.72002359 -1.37477778 0.99341591
v 0.70920175 -1.37771266 0.98941349
v 0.70178553 -1.38573089 0.98467506
v 0.69572059 -1.40149500 0.99490431
v 0.69963765 -1.41244297 0.99234624
v 0.70843933 -1.42045743 0.99213671
v 0.71976722 -1.42339093 0.99433186
v 0.73058602 -1.42045743 0.99834351
v 0.73799684 -1.41244297 1.00309673
v 0.74001396 -1.40149500 1.00731791
v 0.73609689 -1.39054703 1.00987599
v 0.72729521 -1.38253256 1.01008552
v 0.71596733 -1.37959906 1.00789036
v 0.70514853 -1.38253256 1.00387871
v 0.69773771 -1.39054703 0.99912549
v 0.69167172 -1.40633090 1.00933782
v 0.69559439 -1.41727369 1.00676624
v 0.70439934 -1.42528438 1.00654974
v 0.71572730 -1.42821649 1.00874635
v 0.72654296 -1.42528438 1.01276748
v 0.73394825 -1.41727369 1.01753567
v 0.73595895 -1.40633090 1.02177329
v 0.73203629 -1.39538810 1.02434488
v 0.72323133 -1.38737742 1.02456137
v 0.71190337 -1.38444531 1.02236476
v 0.70108772 -1.38737742 1.01834363
v 0.69368242 -1.39538810 1.01357544
v 0.68761513 -1.41119178 1.02377081
v 0.69154347 -1.42212938 1.02118581
v 0.70035171 -1.43013625 1.02096257
v 0.71167970 -1.43306698 1.02316090
v 0.72249211 -1.43013625 1.02719176
v 0.72989176 -1.42212938 1.03197509
v 0.73189592 -1.41119178 1.03622919
v 0.72796758 -1.40025418 1.03881419
v 0.71915933 -1.39224730 1.03903743
v 0.70783134 -1.38931658 1.03683910
v 0.69701894 -1.39224730 1.03280824
v 0.68961929 -1.40025418 1.02802491
v 0.68355044 -1.41607772 1.03820328
v 0.68748453 -1.42701009 1.03560496
v 0.69629608 -1.43501315 1.03537518
v 0.70762405 -1.43794247 1.03757550
v 0.71843310 -1.43501315 1.04161635
v 0.72582698 -1.42701009 1.04641499
v 0.72782448 -1.41607772 1.05068561
v 0.72389039 -1.40514534 1.05328393
v 0.71507884 -1.39714229 1.05351371
v 0.70375088 -1.39421297 1.05131338
v 0.69294182 -1.39714229 1.04727254
v 0.68554794 -1.40514534 1.04247390
v 0.67947728 -1.42098878 1.05263522
v 0.68341720 -1.43191591 1.05002370
v 0.69223207 -1.43991512 1.04978760
v 0.70355996 -1.44284304 1.05199018
v 0.71436557 -1.43991512 1.05604127
v 0.72175354 -1.43191591 1.06085537
v 0.72374427 -1.42098878 1.06514256
v 0.71980435 -1.41006165 1.06775408
v 0.71098948 -1.40206244 1.06799018
v 0.69966159 -1.39913453 1.06578760
v 0.68885599 -1.40206244 1.06173651
v 0.68146802 -1.41006165 1.05692240
v 0.67539529 -1.42592504 1.06706664
v 0.67934111 -1.43684690 1.06444201
v 0.68815932 -1.44484225 1.06419981
v 0.69948708 -1.44776876 1.06640493
v 0.71028913 -1.44484225 1.07046651
v 0.71767107 -1.43684690 1.07529625
v 0.71965491 -1.42592504 1.07960003
v 0.71570909 -1.41500318 1.08222465
v 0.70689088 -1.40700783 1.08246685
v 0.69556312 -1.40408133 1.08026173
v 0.68476107 -1.40700783 1.07620016
v 0.67737913 -1.41500318 1.07137042
v 0.67130408 -1.43088656 1.08149753
v 0.67525588 -1.44180312 1.07885992
v 0.68407744 -1.44979460 1.07861184
v 0.69540502 -1.45271969 1.08081976
v 0.70620341 -1.44979460 1.08489208
v 0.71357919 -1.44180312 1.08973762
v 0.71555602 -1.43088656 1.09405802
v 0.71160422 -1.41996999 1.09669564
v 0.70278267 -1.41197851 1.09694372
v 0.69145509 -1.40905343 1.09473579
v 0.68065670 -1.41197851 1.09066347
v 0.67328092 -1.41996999 1.08581793
v 0.66720329 -1.43587339 1.09592790
v 0.67116115 -1.44678464 1.09327741
v 0.67998607 -1.45477223 1.09302367
v 0.69131341 -1.45769589 1.09523468
v 0.70210804 -1.45477223 1.09931799
v 0.70947752 -1.44678464 1.10417949
v 0.71144723 -1.43587339 1.10851654
v 0.70748937 -1.42496214 1.11116704
v 0.69866446 -1.41697456 1.11142077
v 0.68733711 -1.41405089 1.10920976
v 0.67654249 -1.41697456 1.10512645
v 0.66917300 -1.42496214 1.10026495
v 0.66309254 -1.44088561 1.11035775
v 0.66705653 -1.45179153 1.10769449
v 0.67588483 -1.45977521 1.10743533
v 0.68721189 -1.46269744 1.10964969
v 0.69800264 -1.45977521 1.11374425
v 0.70536570 -1.45179153 1.11862186
v 0.70732816 -1.44088561 1.12297559
v 0.70336417 -1.42997970 1.12563884
v 0.69453588 -1.42199601 1.12589801
v 0.68320882 -1.41907378 1.12368364
v 0.67241807 -1.42199601 1.11958909
v 0.66505500 -1.42997970 1.11471147
v 0.65897146 -1.44592326 1.12478707
v 0.66294166 -1.45682382 1.12211117
v 0.67177334 -1.46480358 1.12184680
v 0.68310006 -1.46772438 1.12406479
v 0.69388683 -1.46480358 1.12817084
v 0.70124335 -1.45682382 1.13306474
v 0.70319844 -1.44592326 1.13743516
v 0.69922823 -1.43502270 1.14011105
v 0.69039655 -1.42704294 1.14037542
v 0.67906983 -1.42412214 1.13815743
v 0.66828306 -1.42704294 1.13405138
v 0.66092655 -1.43502270 1.12915749
v 0.65483966 -1.45098640 1.13921586
v 0.65881615 -1.46188158 1.13652744
v 0.66765124 -1.46985741 1.13625810
v 0.67897756 -1.47277677 1.13848000
v 0.68976025 -1.46985741 1.14259780
v 0.69711008 -1.46188158 1.14750812
v 0.69905768 -1.45098640 1.15189525
v 0.69508119 -1.44009122 1.15458367
v 0.68624610 -1.43211539 1.15485301
v 0.67491977 -1.42919603 1.15263111
v 0.66413709 -1.43211539 1.14851331
v 0.65678726 -1.44009122 1.14360299
v 0.65069678 -1.45607508 1.15364413
v 0.65467964 -1.46696487 1.15094332
v 0.66351814 -1.47493675 1.15066923
v 0.67484401 -1.47785466 1.15289532
v 0.68562250 -1.47493675 1.15702511
v 0.69296552 -1.46696487 1.16195201
v 0.69490550 -1.45607508 1.16635587
v 0.69092264 -1.44518528 1.16905668
v 0.68208414 -1.43721340 1.16933077
v 0.67075827 -1.43429549 1.16710468
v 0.65997978 -1.43721340 1.16297489
v 0.65263676 -1.44518528 1.15804799
v 0.64654243 -1.46118934 1.16807187
v 0.65053173 -1.47207372 1.16535879
v 0.65937366 -1.48004164 1.16508021
v 0.67069903 -1.48295810 1.16731076
v 0.68147322 -1.48004164 1.17145278
v 0.68880928 -1.47207372 1.17639641
v 0.69074154 -1.46118934 1.18081702
v 0.68675223 -1.45030495 1.18353010
v 0.67791030 -1.44233703 1.18380868
v 0.66658493 -1.43942057 1.18157813
v 0.65581075 -1.44233703 1.17743611
v 0.64847468 -1.45030495 1.17249248
v 0.64237623 -1.46632923 1.18249909
v 0.64637206 -1.47720818 1.17977388
v 0.65521744 -1.48517213 1.17949102
v 0.66654224 -1.48808714 1.18172632
v 0.67731202 -1.48517213 1.18588082
v 0.68464100 -1.47720818 1.19084133
v 0.68656539 -1.46632923 1.19527869
v 0.68256957 -1.45545027 1.19800390
v 0.67372419 -1.44748632 1.19828676
v 0.66239938 -1.44457131 1.19605146
v 0.65162961 -1.44748632 1.19189696
v 0.64430063 -1.45545027 1.18693645
v 0.63819782 -1.47149478 1.19692579
v 0.64220025 -1.48236830 1.19418857
v 0.65104908 -1.49032826 1.19390168
v 0.66237327 -1.49324181 1.19614200
v 0.67313852 -1.49032826 1.20030923
v 0.68046028 -1.48236830 1.20528677
v 0.68237670 -1.47149478 1.20974088
v 0.67837427 -1.46062127 1.21247810
v 0.66952544 -1.45266130 1.21276499
v 0.65820125 -1.44974776 1.21052467
v 0.64743600 -1.45266130 1.20635744
v 0.64011424 -1.46062127 1.20137990
v 0.63400680 -1.47668605 1.21135195
v 0.63801591 -1.48755411 1.20860287
v 0.64686821 -1.49551008 1.20831220
v 0.65819172 -1.49842217 1.21055782
v 0.66895234 -1.49551008 1.21473802
v 0.67626674 -1.48755411 1.21973272
v 0.67817506 -1.47668605 1.22420360
v 0.67416595 -1.46581799 1.22695269
v 0.66531365 -1.45786202 1.22724336
v 0.65399014 -1.45494993 1.22499774
v 0.64322952 -1.45786202 1.22081754
v 0.63591512 -1.46581799 1.21582283
v 0.62980280 -1.48190306 1.22577760
v 0.63381867 -1.49276565 1.22301679
v 0.64267444 -1.50071762 1.22272257
v 0.65399723 -1.50362824 1.22497377
v 0.66475309 -1.50071762 1.22916719
v 0.67206001 -1.49276565 1.23417921
v 0.67396010 -1.48190306 1.23866685
v 0.66994423 -1.47104047 1.24142766
v 0.66108846 -1.46308850 1.24172188
v 0.64976567 -1.46017788 1.23947067
v 0.63900981 -1.46308850 1.23527725
v 0.63170289 -1.47104047 1.23026524
v 0.62558544 -1.48714585 1.24020272
v 0.62960814 -1.49800296 1.23743033
v 0.63846741 -1.50595091 1.23713280
v 0.64978940 -1.50886007 1.23938987
v 0.66054041 -1.50595091 1.24359675
v 0.66783970 -1.49800296 1.24862621
v 0.66973144 -1.48714585 1.25313062
v 0.66570873 -1.47628874 1.25590301
v 0.65684947 -1.46834078 1.25620053
v 0.64552747 -1.46543163 1.25394346
v 0.63477647 -1.46834078 1.24973658
v 0.62747718 -1.47628874 1.24470712
v 0.62135433 -1.49241444 1.25462731
v 0.62538395 -1.50326606 1.25184348
v 0.63424672 -1.51120999 1.25154291
v 0.64556787 -1.51411767 1.25380613
v 0.65631390 -1.51120999 1.25802671
v 0.66360542 -1.50326606 1.26307375
v 0.66548869 -1.49241444 1.26759491
v 0.66145907 -1.48156282 1.27037874
v 0.65259630 -1.47361889 1.27067931
v 0.64127515 -1.47071121 1.26841610
v 0.63052912 -1.47361889 1.26419551
v 0.62323759 -1.48156282 1.25914847
v 0.61710910 -1.49770886 1.26905138
v 0.62114571 -1.50855497 1.26625627
v 0.63001199 -1.51649488 1.26595289
v 0.64133223 -1.51940109 1.26822254
v 0.65207318 -1.51649488 1.27245706
v 0.65935680 -1.50855497 1.27752182
v 0.66123146 -1.49770886 1.28205973
v 0.65719485 -1.48686275 1.28485484
v 0.64832856 -1.47892284 1.28515822
v 0.63700833 -1.47601663 1.28288858
v 0.62626738 -1.47892284 1.27865405
v 0.61898376 -1.48686275 1.27358929
v 0.61284935 -1.50302914 1.28347493
v 0.61689304 -1.51386974 1.28066868
v 0.62576285 -1.52180561 1.28036275
v 0.63708212 -1.52471034 1.28263911
v 0.64781786 -1.52180561 1.28688781
v 0.65509344 -1.51386974 1.29197043
v 0.65695938 -1.50302914 1.29652507
v 0.65291569 -1.49218853 1.29933132
v 0.64404588 -1.48425266 1.29963725
v 0.63272661 -1.48134793 1.29736089
v 0.62199087 -1.48425266 1.29311219
v 0.61471529 -1.49218853 1.28802957
v 0.60857472 -1.50837529 1.29789796
v 0.61262556 -1.51921037 1.29508073
v 0.62149890 -1.52714220 1.29477249
v 0.63281714 -1.53004545 1.29705585
v 0.64354756 -1.52714220 1.30131897
v 0.65081496 -1.51921037 1.30641957
v 0.65267205 -1.50837529 1.31099093
v 0.64862121 -1.49754021 1.31380816
v 0.63974787 -1.48960837 1.31411640
v 0.62842963 -1.48670512 1.31183304
v 0.61769920 -1.48960837 1.30756991
v 0.61043180 -1.49754021 1.30246932
v 0.60428481 -1.51374733 1.31232047
v 0.60834287 -1.52457689 1.30949241
v 0.61721976 -1.53250467 1.30918212
v 0.62853691 -1.53540645 1.31147276
v 0.63926190 -1.53250467 1.31575055
v 0.64652098 -1.52457689 1.32086925
v 0.64836908 -1.51374733 1.32545731
v 0.64431102 -1.50291778 1.32828537
v 0.63543413 -1.49498999 1.32859565
v 0.62411699 -1.49208822 1.32630501
v 0.61339200 -1.49498999 1.32202723
v 0.60613291 -1.50291778 1.31690853
v 0.59997924 -1.51914528 1.32674245
v 0.60404461 -1.52996931 1.32390372
v 0.61292505 -1.53789304 1.32359165
v 0.62424104 -1.54079333 1.32588986
v 0.63496048 -1.53789304 1.33018254
v 0.64221110 -1.52996931 1.33531947
v 0.64405010 -1.51914528 1.33992422
v 0.63998473 -1.50832126 1.34276294
v 0.63110429 -1.50039752 1.34307501
v 0.61978830 -1.49749724 1.34077681
v 0.60906886 -1.50039752 1.33648413
v 0.60181824 -1.50832126 1.33134720
v 0.59565762 -1.52456915 1.34116391
v 0.59973038 -1.53538764 1.33831469
v 0.60861438 -1.54330732 1.33800109
v 0.61992916 -1.54620613 1.34030714
v 0.63064292 -1.54330732 1.34461495
v 0.63788494 -1.53538764 1.34977023
v 0.63971471 -1.52456915 1.35439164
v 0.63564195 -1.51375067 1.35724087
v 0.62675795 -1.50583098 1.35755447
v 0.61544318 -1.50293218 1.35524841
v 0.60472941 -1.50583098 1.35094061
v 0.59748739 -1.51375067 1.34578532
v 0.59131958 -1.53001895 1.35558486
v 0.59539980 -1.54083189 1.35272529
v 0.60428737 -1.54874752 1.35241042
v 0.61560086 -1.55164484 1.35472462
v 0.62630884 -1.54874752 1.35904779
v 0.63354211 -1.54083189 1.36422154
v 0.63536253 -1.53001895 1.36885959
v 0.63128231 -1.51920600 1.37171915
v 0.62239474 -1.51129038 1.37203402
v 0.61108124 -1.50839306 1.36971983
v 0.60037326 -1.51129038 1.36539666
v 0.59313999 -1.51920600 1.36022290
v 0.58696471 -1.53549468 1.37000529
v 0.59105248 -1.54630208 1.36713555
v 0.59994362 -1.55421365 1.36681967
v 0.61125577 -1.55710948 1.36914229
v 0.62195785 -1.55421365 1.37348106
v 0.62918223 -1.54630208 1.37867340
v 0.63099316 -1.53549468 1.38332805
v 0.62690540 -1.52468727 1.38619778
v 0.61801425 -1.51677571 1.38651366
v 0.60670210 -1.51387987 1.38419104
v 0.59600003 -1.51677571 1.37985228
v 0.58877564 -1.52468727 1.37465993
v 0.58259265 -1.54099634 1.38442519
v 0.58668803 -1.55179819 1.38154547
v 0.59558276 -1.55970570 1.38122884
v 0.60689350 -1.56260005 1.38356017
v 0.61758955 -1.55970570 1.38791476
v 0.62480490 -1.55179819 1.39312581
v 0.62660622 -1.54099634 1.39779703
v 0.62251084 -1.53019448 1.40067676
v 0.61361611 -1.52228697 1.40099338
v 0.60230537 -1.51939262 1.39866206
v 0.59160933 -1.52228697 1.39430746
v 0.58439397 -1.53019448 1.38909641
v 0.57820300 -1.54652393 1.39884459
v 0.58230608 -1.55732025 1.39595504
v 0.59120440 -1.56522369 1.39563793
v 0.60251366 -1.56811656 1.39797825
v 0.61320355 -1.56522369 1.40234890
v 0.62040974 -1.55732025 1.40757877
v 0.62220131 -1.54652393 1.41226652
v 0.61809824 -1.53572762 1.41515608
v 0.60919992 -1.52782417 1.41547318
v 0.59789066 -1.52493131 1.41313286
v 0.58720076 -1.52782417 1.40876221
v 0.57999458 -1.53572762 1.40353234
v 0.57379537 -1.55207746 1.41326347
v 0.57790622 -1.56286823 1.41036427
v 0.58680814 -1.57076762 1.41004695
v 0.59811585 -1.57365900 1.41239655
v 0.60879948 -1.57076762 1.41678349
v 0.61599635 -1.56286823 1.42203229
v 0.61777806 -1.55207746 1.42673653
v 0.61366721 -1.54128669 1.42963573
v 0.60476529 -1.53338730 1.42995305
v 0.59345758 -1.53049592 1.42760345
v 0.58277395 -1.53338730 1.42321651
v 0.57557709 -1.54128669 1.41796771
v 0.56936939 -1.55765691 1.42768183
v 0.57348808 -1.56844213 1.42477316
v 0.58239360 -1.57633747 1.42445591
v 0.59369970 -1.57922736 1.42681508
v 0.60437693 -1.57633747 1.43121852
v 0.61156434 -1.56844213 1.43648636
v 0.61333606 -1.55765691 1.44120706
v 0.60921736 -1.54687168 1.44411572
v 0.60031184 -1.53897635 1.44443298
v 0.58900574 -1.53608646 1.44207381
v 0.57832851 -1.53897635 1.43767036
v 0.57114110 -1.54687168 1.43240253
v 0.56492465 -1.56326227 1.44209968
v 0.56905127 -1.57404196 1.43918173
v 0.57796039 -1.58193324 1.43886481
v 0.58926481 -1.58482165 1.44123382
v 0.59993553 -1.58193324 1.44565401
v 0.60711333 -1.57404196 1.45094098
v 0.60887492 -1.56326227 1.45567810
v 0.60474830 -1.55248258 1.45859605
v 0.59583918 -1.54459131 1.45891297
v 0.58453476 -1.54170290 1.45654395
v 0.57386404 -1.54459131 1.45212377
v 0.56668624 -1.55248258 1.44683680
v 0.56046077 -1.56889354 1.45651702
v 0.56459539 -1.57966769 1.45358997
v 0.57350812 -1.58755492 1.45327365
v 0.58481079 -1.59044184 1.45565281
v 0.59547487 -1.58755492 1.46008996
v 0.60264291 -1.57966769 1.46539617
v 0.60439426 -1.56889354 1.47014964
v 0.60025964 -1.55811938 1.47307669
v 0.59134691 -1.55023215 1.47339302
v 0.58004424 -1.54734523 1.47101386
v 0.56938016 -1.55023215 1.46657671
v 0.56221212 -1.55811938 1.46127050
v 0.55597737 -1.57455068 1.47093386
v 0.56012007 -1.58531931 1.46799789
v 0.56903640 -1.59320249 1.46768244
v 0.58033725 -1.59608793 1.47007203
v 0.59099456 -1.59320249 1.47452636
v 0.59815271 -1.58531931 1.47985191
v 0.59989368 -1.57455068 1.48462170
v 0.59575098 -1.56378206 1.48755766
v 0.58683465 -1.55589888 1.48787311
v 0.57553380 -1.55301344 1.48548353
v 0.56487649 -1.55589888 1.48102919
v 0.55771834 -1.56378206 1.47570364
v 0.55147405 -1.58023370 1.48535018
v 0.55562490 -1.59099680 1.48240549
v 0.56454485 -1.59887594 1.48209119
v 0.57584381 -1.60175991 1.48449149
v 0.58649422 -1.59887594 1.48896324
v 0.59364233 -1.59099680 1.49430822
v 0.59537280 -1.58023370 1.49909427
v 0.59122195 -1.56947060 1.50203895
v 0.58230199 -1.56159146 1.50235325
v 0.57100304 -1.55870749 1.49995295
v 0.56035262 -1.56159146 1.49548121
v 0.55320451 -1.56947060 1.49013622
v 0.54695043 -1.58594256 1.49976600
v 0.55110950 -1.59670015 1.49681278
v 0.56003306 -1.60457525 1.49649991
v 0.57133006 -1.60745774 1.49891121
v 0.58197345 -1.60457525 1.50340058
v 0.58911137 -1.59670015 1.50876509
v 0.59083121 -1.58594256 1.51356734
v 0.58667213 -1.57518497 1.51652055
v 0.57774857 -1.56730987 1.51683343
v 0.56645158 -1.56442738 1.51442213
v 0.55580818 -1.56730987 1.50993276
v 0.54867026 -1.57518497 1.50456824
v 0.54240611 -1.59167724 1.51418131
v 0.54657348 -1.60242933 1.51121976
v 0.55550066 -1.61030040 1.51090859
v 0.56679561 -1.61318141 1.51333118
v 0.57743187 -1.61030040 1.51783839
v 0.58455945 -1.60242933 1.52322253
v 0.58626852 -1.59167724 1.52804091
v 0.58210115 -1.58092516 1.53100246
v 0.57317397 -1.57305408 1.53131363
v 0.56187902 -1.57017307 1.52889105
v 0.55124276 -1.57305408 1.52438383
v 0.54411518 -1.58092516 1.51899969
v 0.53784071 -1.59743771 1.52859612
v 0.54201645 -1.60818431 1.52562643
v 0.55094724 -1.61605136 1.52531724
v 0.56224008 -1.61893090 1.52775141
v 0.57286907 -1.61605136 1.53227668
v 0.57998616 -1.60818431 1.53768053
v 0.58168435 -1.59743771 1.54251499
v 0.57750861 -1.58669112 1.54548468
v 0.56857782 -1.57882407 1.54579387
v 0.55728498 -1.57594453 1.54335971
v 0.54665599 -1.57882407 1.53883443
v 0.53953890 -1.58669112 1.53343058
v 0.53325384 -1.60322395 1.54301043
v 0.53743802 -1.61396506 1.54003280
v 0.54637243 -1.62182810 1.53972588
v 0.55766308 -1.62470617 1.54217190
v 0.56828466 -1.62182810 1.54671546
v 0.57539112 -1.61396506 1.55213910
v 0.57707830 -1.60322395 1.55698957
v 0.57289411 -1.59248284 1.55996720
v 0.56395971 -1.58461980 1.56027412
v 0.55266906 -1.58174173 1.55782810
v 0.54204748 -1.58461980 1.55328454
v 0.53494101 -1.59248284 1.54786090
v 0.52864510 -1.60903591 1.55742423
v 0.53283780 -1.61977155 1.55443888
v 0.54177582 -1.62763059 1.55413450
v 0.55306420 -1.63050719 1.55659267
v 0.56367825 -1.62763059 1.56115471
v 0.57077393 -1.61977155 1.56659824
v 0.57244997 -1.60903591 1.57146465
v 0.56825727 -1.59830027 1.57445001
v 0.55931926 -1.59044123 1.57475438
v 0.54803087 -1.58756462 1.57229622
v 0.53741682 -1.59044123 1.56773417
v 0.53032114 -1.59830027 1.56229065
v 0.52401411 -1.61487356 1.57183755
v 0.52821540 -1.62560375 1.56884466
v 0.53715702 -1.63345879 1.56854312
v 0.54844306 -1.63633394 1.57101372
v 0.55904945 -1.63345879 1.57559446
v 0.56613421 -1.62560375 1.58105795
v 0.56779898 -1.61487356 1.58594023
v 0.56359769 -1.60414337 1.58893312
v 0.55465607 -1.59628833 1.58923466
v 0.54337003 -1.59341318 1.58676406
v 0.53276364 -1.59628833 1.58218332
v 0.52567889 -1.60414337 1.57671983
v 0.51936048 -1.62073686 1.58625036
v 0.52357043 -1.63146161 1.58325016
v 0.53251564 -1.63931267 1.58295173
v 0.54379927 -1.64218636 1.58543505
v 0.55439786 -1.63931267 1.59003470
v 0.56147154 -1.63146161 1.59551822
v 0.56312492 -1.62073686 1.60041630
v 0.55891498 -1.61001211 1.60341651
v 0.54996976 -1.60216105 1.60371494
v 0.53868614 -1.59928736 1.60123162
v 0.52808754 -1.60216105 1.59663196
v 0.52101386 -1.61001211 1.59114844
v 0.51468382 -1.62662577 1.60066269
v 0.51890249 -1.63734510 1.59765537
v 0.52785130 -1.64519219 1.59736035
v 0.53913242 -1.64806442 1.59985667
v 0.54972309 -1.64519219 1.60447544
v 0.55678555 -1.63734510 1.60997907
v 0.55842741 -1.62662577 1.61489287
v 0.55420874 -1.61590644 1.61790018
v 0.54525993 -1.60805935 1.61819521
v 0.53397881 -1.60518711 1.61569889
v 0.52338813 -1.60805935 1.61108012
v 0.51632568 -1.61590644 1.60557648
v 0.50998373 -1.63254024 1.61507452
v 0.51421119 -1.64325416 1.61206031
v 0.52316359 -1.65109730 1.61176897
v 0.53444213 -1.65396809 1.61427858
v 0.54502475 -1.65109730 1.61891667
v 0.55207583 -1.64325416 1.62444049
v 0.55370605 -1.63254024 1.62936992
v 0.54947859 -1.62182631 1.63238414
v 0.54052619 -1.61398317 1.63267547
v 0.52924764 -1.61111238 1.63016587
v 0.51866503 -1.61398317 1.62552777
v 0.51161395 -1.62182631 1.62000395
v 0.50525982 -1.63848021 1.62948586
v 0.50949615 -1.64918876 1.62646497
v 0.51845212 -1.65702795 1.62617761
v 0.52972801 -1.65989730 1.62870079
v 0.54030244 -1.65702795 1.63335841
v 0.54734200 -1.64918876 1.63890248
v 0.54896044 -1.63848021 1.64384747
v 0.54472412 -1.62777167 1.64686836
v 0.53576814 -1.61993248 1.64715572
v 0.52449226 -1.61706313 1.64463255
v 0.51391783 -1.61993248 1.63997492
v 0.50687827 -1.62777167 1.63443085
v 0.50051171 -1.64444565 1.64389672
v 0.50475696 -1.65514883 1.64086936
v 0.51371651 -1.66298410 1.64058627
v 0.52498965 -1.66585201 1.64312330
v 0.53555576 -1.66298410 1.64780066
v 0.54258364 -1.65514883 1.65336505
v 0.54419020 -1.64444565 1.65832550
v 0.53994495 -1.63374247 1.66135286
v 0.53098540 -1.62590720 1.66163595
v 0.51971226 -1.62303929 1.65909892
v 0.50914615 -1.62590720 1.65442156
v 0.50211827 -1.63374247 1.64885717
v 0.49573900 -1.65043649 1.65830710
v 0.49999325 -1.66113433 1.65527349
v 0.50895636 -1.66896569 1.65499496
v 0.52022667 -1.67183217 1.65754613
v 0.53078432 -1.66896569 1.66224342
v 0.53780038 -1.66113433 1.66782819
v 0.53939492 -1.65043649 1.67280401
v 0.53514068 -1.63973865 1.67583762
v 0.52617757 -1.63190729 1.67611615
v 0.51490725 -1.62904082 1.67356498
v 0.50434961 -1.63190729 1.66886769
v 0.49733354 -1.63973865 1.66328292
v 0.49094130 -1.65645268 1.67271699
v 0.49520461 -1.66714520 1.66967736
v 0.50417126 -1.67497267 1.66940368
v 0.51543866 -1.67783772 1.67196927
v 0.52598772 -1.67497267 1.67668669
v 0.53299182 -1.66714520 1.68229191
v 0.53457422 -1.65645268 1.68728301
v 0.53031091 -1.64576016 1.69032264
v 0.52134425 -1.63793269 1.69059632
v 0.51007685 -1.63506764 1.68803073
v 0.49952780 -1.63793269 1.68331331
v 0.49252370 -1.64576016 1.67770809
v 0.48611822 -1.66249415 1.68712641
v 0.49039065 -1.67318138 1.68408098
v 0.49936084 -1.68100498 1.68381244
v 0.51062525 -1.68386861 1.68639273
v 0.52116557 -1.68100498 1.69113048
v 0.52815755 -1.67318138 1.69675620
v 0.52972769 -1.66249415 1.70176248
v 0.52545526 -1.65180692 1.70480791
v 0.51648507 -1.64398332 1.70507645
v 0.50522066 -1.64111969 1.70249616
v 0.49468034 -1.64398332 1.69775841
v 0.48768836 -1.65180692 1.69213269
v 0.48126937 -1.66856084 1.70153535
v 0.48555098 -1.67924280 1.69848435
v 0.49452470 -1.68706254 1.69822124
v 0.50578602 -1.68992477 1.70081652
v 0.51631748 -1.68706254 1.70557478
v 0.52329719 -1.67924280 1.71122106
v 0.52485494 -1.66856084 1.71624243
v 0.52057333 -1.65787887 1.71929343
v 0.51159962 -1.65005913 1.71955654
v 0.50033830 -1.64719691 1.71696126
v 0.48980683 -1.65005913 1.71220299
v 0.48282712 -1.65787887 1.70655672
v 0.47639436 -1.67465268 1.71594381
v 0.48068522 -1.68532940 1.71288747
v 0.48966244 -1.69314531 1.71263009
v 0.50092059 -1.69600613 1.71524064
v 0.51144305 -1.69314531 1.72001961
v 0.51841034 -1.68532940 1.72568650
v 0.51995558 -1.67465268 1.73072285
v 0.51566473 -1.66397595 1.73377919
v 0.50668751 -1.65616005 1.73403657
v 0.49542936 -1.65329923 1.73142603
v 0.48490690 -1.65616005 1.72664705
v 0.47793960 -1.66397595 1.72098017
v 0.47149280 -1.68076960 1.73035181
v 0.47579296 -1.69144111 1.72729036
v 0.48477367 -1.69925321 1.72703900
v 0.49602855 -1.70211263 1.72966509
v 0.50654188 -1.69925321 1.73446497
v 0.51349660 -1.69144111 1.74015251
v 0.51502922 -1.68076960 1.74520375
v 0.51072905 -1.67009808 1.74826520
v 0.50174834 -1.66228599 1.74851655
v 0.49049346 -1.65942657 1.74589046
v 0.47998013 -1.66228599 1.74109058
v 0.47302541 -1.67009808 1.73540304
v 0.46656428 -1.68691152 1.74475934
v 0.47087381 -1.69757786 1.74169301
v 0.47985799 -1.70538616 1.74144797
v 0.49110953 -1.70824420 1.74408989
v 0.50161357 -1.70538616 1.74891086
v 0.50855558 -1.69757786 1.75461910
v 0.51007545 -1.68691152 1.75968511
v 0.50576592 -1.67624519 1.76275144
v 0.49678174 -1.66843689 1.76299647
v 0.48553021 -1.66557885 1.76035456
v 0.47502616 -1.66843689 1.75553359
v 0.46808415 -1.67624519 1.74982534
v 0.46160844 -1.69307838 1.75916640
v 0.46592738 -1.70373957 1.75609543
v 0.47491502 -1.71154410 1.75585701
v 0.48616311 -1.71440076 1.75851503
v 0.49665774 -1.71154410 1.76335727
v 0.50358688 -1.70373957 1.76908627
v 0.50509388 -1.69307838 1.77416693
v 0.50077494 -1.68241719 1.77723791
v 0.49178730 -1.67461266 1.77747632
v 0.48053921 -1.67175600 1.77481830
v 0.47004458 -1.67461266 1.76997606
v 0.46311543 -1.68241719 1.76424707
v 0.45662486 -1.69927009 1.77357300
v 0.46095329 -1.70992616 1.77049762
v 0.46994435 -1.71772694 1.77026612
v 0.48118891 -1.72058223 1.77294052
v 0.49167398 -1.71772694 1.77780423
v 0.49859011 -1.70992616 1.78355401
v 0.50008413 -1.69927009 1.78864922
v 0.49575570 -1.68861401 1.79172460
v 0.48676464 -1.68081323 1.79195610
v 0.47552008 -1.67795794 1.78928170
v 0.46503500 -1.68081323 1.78441800
v 0.45811887 -1.68861401 1.77866821
v 0.45161317 -1.70548656 1.78797915
v 0.45595113 -1.71613755 1.78489960
v 0.46494560 -1.72393462 1.78467531
v 0.47618653 -1.72678854 1.78736637
v 0.48666191 -1.72393462 1.79225172
v 0.49356488 -1.71613755 1.79802232
v 0.49504578 -1.70548656 1.80313196
v 0.49070782 -1.69483557 1.80621151
v 0.48171335 -1.68703850 1.80643580
v 0.47047242 -1.68418457 1.80374474
v 0.45999704 -1.68703850 1.79885940
v 0.45309407 -1.69483557 1.79308879
v 0.44657296 -1.71172771 1.80238484
v 0.45092051 -1.72237365 1.79930137
v 0.45991837 -1.73016703 1.79908458
v 0.47115557 -1.73301960 1.80179258
v 0.48162112 -1.73016703 1.80669974
v 0.48851077 -1.72237365 1.81249121
v 0.48997846 -1.71172771 1.81761516
v 0.48563092 -1.70108176 1.82069863
v 0.47663306 -1.69328839 1.82091542
v 0.46539585 -1.69043582 1.81820742
v 0.45493031 -1.69328839 1.81330026
v 0.44804065 -1.70108176 1.80750879
v 0.44150386 -1.71799345 1.81679008
v 0.44586104 -1.72863439 1.81370292
v 0.45486226 -1.73642409 1.81349395
v 0.46609564 -1.73927533 1.81621915
v 0.47655121 -1.73642409 1.82114832
v 0.48342741 -1.72863439 1.82696067
v 0.48488176 -1.71799345 1.83209881
v 0.48052458 -1.70735251 1.83518596
v 0.47152336 -1.69956281 1.83539494
v 0.46028998 -1.69671158 1.83266974
v 0.44983441 -1.69956281 1.82774057
v 0.44295821 -1.70735251 1.82192822
v 0.43640546 -1.72428369 1.83119487
v 0.44077233 -1.73491966 1.82810428
v 0.44977688 -1.74270573 1.82790341
v 0.46100635 -1.74555562 1.83064610
v 0.47145180 -1.74270573 1.83559743
v 0.47831439 -1.73491966 1.84143071
v 0.47975530 -1.72428369 1.84658291
v 0.47538842 -1.71364773 1.84967350
v 0.46638387 -1.70586166 1.84987436
v 0.45515441 -1.70301176 1.84713168
v 0.44470895 -1.70586166 1.84218035
v 0.43784636 -1.71364773 1.83634707
v 0.43127738 -1.73059834 1.84559922
v 0.43565399 -1.74122937 1.84250543
v 0.44466185 -1.74901183 1.84231298
v 0.45588730 -1.75186041 1.84507342
v 0.46632249 -1.74901183 1.85004710
v 0.47317133 -1.74122937 1.85590132
v 0.47459867 -1.73059834 1.86106745
v 0.47022205 -1.71996730 1.86416123
v 0.46121420 -1.71218484 1.86435369
v 0.44998875 -1.70933627 1.86159325
v 0.43955356 -1.71218484 1.85661957
v 0.43270472 -1.71996730 1.85076535
v 0.42611923 -1.73693729 1.86000312
v 0.43050563 -1.74756343 1.85690640
v 0.43951675 -1.75534231 1.85672265
v 0.45073809 -1.75818957 1.85950112
v 0.46116288 -1.75534231 1.86449731
v 0.46799781 -1.74756343 1.87037250
v 0.46941148 -1.73693729 1.87555243
v 0.46502508 -1.72631114 1.87864916
v 0.45601395 -1.71853226 1.87883290
v 0.44479262 -1.71568500 1.87605444
v 0.43436783 -1.71853226 1.87105825
v 0.42753289 -1.72631114 1.86518306
v 0.42093061 -1.74330044 1.87440659
v 0.42532684 -1.75392173 1.87130718
v 0.43434121 -1.76169706 1.87113244
v 0.44555833 -1.76454303 1.87392920
v 0.45597258 -1.76169706 1.87894807
v 0.46279346 -1.75392173 1.88484425
v 0.46419334 -1.74330044 1.89003786
v 0.45979711 -1.73267914 1.89313727
v 0.45078274 -1.72490381 1.89331200
v 0.43956562 -1.72205785 1.89051524
v 0.42915138 -1.72490381 1.88549637
v 0.42233049 -1.73267914 1.87960019
v 0.41571114 -1.74968769 1.88880962
v 0.42011725 -1.76030418 1.88570777
v 0.42913483 -1.76807599 1.88554235
v 0.44034763 -1.77092067 1.88835768
v 0.45075118 -1.76807599 1.89339939
v 0.45755788 -1.76030418 1.89931657
v 0.45894386 -1.74968769 1.90452371
v 0.45453775 -1.73907120 1.90762556
v 0.44552017 -1.73129939 1.90779099
v 0.43430737 -1.72845471 1.90497566
v 0.42390382 -1.73129939 1.89993394
v 0.41709712 -1.73907120 1.89401676
v 0.41046043 -1.75609893 1.90321222
v 0.41487645 -1.76671066 1.90010819
v 0.42389721 -1.77447899 1.89995238
v 0.43510558 -1.77732239 1.90278654
v 0.44549831 -1.77447899 1.90785127
v 0.45229066 -1.76671066 1.91378946
v 0.45366263 -1.75609893 1.91901000
v 0.44924661 -1.74548720 1.92211403
v 0.44022586 -1.73771887 1.92226984
v 0.42901748 -1.73487547 1.91943568
v 0.41862476 -1.73771887 1.91437095
v 0.41183241 -1.74548720 1.90843276
v 0.40517809 -1.76253405 1.91761440
v 0.40960407 -1.77314107 1.91450844
v 0.41862795 -1.78090594 1.91436255
v 0.42983180 -1.78374808 1.91721581
v 0.44021355 -1.78090594 1.92230370
v 0.44699142 -1.77314107 1.92826292
v 0.44834928 -1.76253405 1.93349671
v 0.44392330 -1.75192703 1.93660267
v 0.43489941 -1.74416216 1.93674856
v 0.42369556 -1.74132001 1.93389530
v 0.41331382 -1.74416216 1.92880741
v 0.40653595 -1.75192703 1.92284819
v 0.39986372 -1.76899293 1.93201616
v 0.40429970 -1.77959529 1.92890853
v 0.41332668 -1.78735675 1.92877285
v 0.42452590 -1.79019764 1.93164548
v 0.43489653 -1.78735675 1.93675669
v 0.44165976 -1.77959529 1.94273695
v 0.44300341 -1.76899293 1.94798384
v 0.43856743 -1.75839058 1.95109147
v 0.42954044 -1.75062912 1.95122715
v 0.41834123 -1.74778823 1.94835452
v 0.40797060 -1.75062912 1.94324331
v 0.40120736 -1.75839058 1.93726305
v 0.39451694 -1.77547547 1.94641749
v 0.39896295 -1.78607320 1.94330845
v 0.40799299 -1.79383128 1.94318329
v 0.41918747 -1.79667094 1.94607555
v 0.42954683 -1.79383128 1.95121025
v 0.43629530 -1.78607320 1.95721154
v 0.43762462 -1.77547547 1.96247140
v 0.43317860 -1.76487774 1.96558044
v 0.42414856 -1.75711966 1.96570560
v 0.41295408 -1.75428000 1.96281334
v 0.40259472 -1.75711966 1.95767864
v 0.39584626 -1.76487774 1.95167735
v 0.38913735 -1.78198153 1.96081842
v 0.39359344 -1.79257470 1.95770823
v 0.40262649 -1.80032943 1.95759389
v 0.41381613 -1.80316786 1.96050603
v 0.42416408 -1.80032943 1.96566436
v 0.43089762 -1.79257470 1.97168670
v 0.43221252 -1.78198153 1.97695936
v 0.42775644 -1.77138837 1.98006955
v 0.41872338 -1.76363363 1.98018389
v 0.40753375 -1.76079520 1.97727174
v 0.39718580 -1.76363363 1.97211342
v 0.39045225 -1.77138837 1.96609108
v 0.38372458 -1.78851100 1.97521893
v 0.38819077 -1.79909965 1.97210785
v 0.39722680 -1.80685108 1.97200464
v 0.40841147 -1.80968830 1.97493693
v 0.41874787 -1.80685108 1.98011904
v 0.42546635 -1.79909965 1.98616242
v 0.42676672 -1.78851100 1.99144774
v 0.42230054 -1.77792235 1.99455881
v 0.41326451 -1.77017092 1.99466203
v 0.40207983 -1.76733370 1.99172973
v 0.39174344 -1.77017092 1.98654763
v 0.38502495 -1.77792235 1.98050425
v 0.37827823 -1.79506375 1.98961903
v 0.38275455 -1.80564793 1.98650734
v 0.39179351 -1.81339610 1.98641554
v 0.40297311 -1.81623212 1.98936825
v 0.41329780 -1.81339610 1.99457429
v 0.42000109 -1.80564793 2.00063870
v 0.42128683 -1.79506375 2.00593652
v 0.41681051 -1.78447956 2.00904822
v 0.40777156 -1.77673140 2.00914001
v 0.39659195 -1.77389537 2.00618730
v 0.38626726 -1.77673140 2.00098127
v 0.37956397 -1.78447956 1.99491686
v 0.37279792 -1.80163964 2.00401874
v 0.37728440 -1.81221942 2.00090668
v 0.38632623 -1.81996436 2.00082662
v 0.39750066 -1.82279920 2.00379999
v 0.40781350 -1.81996436 2.00903010
v 0.41450145 -1.81221942 2.01511553
v 0.41577246 -1.80163964 2.02042571
v 0.41128598 -1.79105986 2.02353776
v 0.40224415 -1.78331493 2.02361783
v 0.39106972 -1.78048009 2.02064445
v 0.38075688 -1.78331493 2.01541434
v 0.37406893 -1.79105986 2.00932891
v 0.36728325 -1.80823856 2.01841805
v 0.37177992 -1.81881398 2.01530590
v 0.38082458 -1.82655573 2.01523786
v 0.39199371 -1.82938941 2.01823216
v 0.40229456 -1.82655573 2.02348648
v 0.40896703 -1.81881398 2.02959293
v 0.41022322 -1.80823856 2.03491529
v 0.40572655 -1.79766313 2.03802743
v 0.39668189 -1.78992138 2.03809547
v 0.38551276 -1.78708771 2.03510117
v 0.37521190 -1.78992138 2.02984685
v 0.36853944 -1.79766313 2.02374040
v 0.36173384 -1.81486035 2.03281696
v 0.36624073 -1.82543148 2.02970499
v 0.37528816 -1.83317008 2.02964928
v 0.38645189 -1.83600261 2.03266476
v 0.39674060 -1.83317008 2.03794344
v 0.40339744 -1.82543148 2.04407088
v 0.40463871 -1.81486035 2.04940526
v 0.40013183 -1.80428922 2.05251723
v 0.39108439 -1.79655062 2.05257294
v 0.37992067 -1.79371809 2.04955746
v 0.36963196 -1.79655062 2.04427879
v 0.36297512 -1.80428922 2.03815134
v 0.35614930 -1.82150489 2.04721549
v 0.36066643 -1.83207178 2.04410396
v 0.36971658 -1.83980728 2.04406089
v 0.38087479 -1.84263867 2.04709780
v 0.39115121 -1.83980728 2.05240096
v 0.39779229 -1.83207178 2.05854939
v 0.39901856 -1.82150489 2.06389563
v 0.39450143 -1.81093800 2.06700715
v 0.38545128 -1.80320250 2.06705022
v 0.37429307 -1.80037111 2.06401331
v 0.36401665 -1.80320250 2.05871015
v 0.35737557 -1.81093800 2.05256172
v 0.35052925 -1.82817203 2.06161363
v 0.35505663 -1.83873474 2.05850282
v 0.36410945 -1.84646718 2.05847268
v 0.37526202 -1.84929745 2.06153127
v 0.38552601 -1.84646718 2.06685905
v 0.39215119 -1.83873474 2.07302845
v 0.39336236 -1.82817203 2.07838637
v 0.38883497 -1.81760932 2.08149718
v 0.37978215 -1.80987688 2.08152732
v 0.36862959 -1.80704661 2.07846873
v 0.35836560 -1.80987688 2.07314095
v 0.35174042 -1.81760932 2.06697155
v 0.34487330 -1.83486162 2.07601139
v 0.34941096 -1.84542021 2.07290158
v 0.35846639 -1.85314964 2.07288466
v 0.36961319 -1.85597880 2.07596519
v 0.37986460 -1.85314964 2.08131772
v 0.38647375 -1.84542021 2.08750805
v 0.38766973 -1.83486162 2.09287750
v 0.38313207 -1.82430303 2.09598731
v 0.37407664 -1.81657361 2.09600422
v 0.36292983 -1.81374444 2.09292370
v 0.35267842 -1.81657361 2.08757117
v 0.34606927 -1.82430303 2.08138084
v 0.33918106 -1.84157352 2.09040878
v 0.34372901 -1.85212806 2.08730023
v 0.35278699 -1.85985451 2.08729685
v 0.36392792 -1.86268259 2.09039955
v 0.37416660 -1.85985451 2.09577696
v 0.38075958 -1.85212806 2.10198821
v 0.38194028 -1.84157352 2.10736900
v 0.37739233 -1.83101899 2.11047755
v 0.36833435 -1.82329254 2.11048093
v 0.35719342 -1.82046446 2.10737823
v 0.34695474 -1.82329254 2.10200082
v 0.34036176 -1.83101899 2.09578957
v 0.33345215 -1.84830759 2.10480580
v 0.33801041 -1.85885812 2.10169878
v 0.34707087 -1.86658165 2.10170924
v 0.35820581 -1.86940866 2.10483436
v 0.36843161 -1.86658165 2.11023677
v 0.37500829 -1.85885812 2.11646891
v 0.37617363 -1.84830759 2.12186087
v 0.37161537 -1.83775705 2.12496788
v 0.36255490 -1.83003352 2.12495743
v 0.35141997 -1.82720651 2.12183231
v 0.34119416 -1.83003352 2.11642990
v 0.33461748 -1.83775705 2.11019776
v 0.32768618 -1.85506365 2.11920245
v 0.33225476 -1.86561026 2.11609725
v 0.34131765 -1.87333091 2.11612184
v 0.35244647 -1.87615687 2.11926962
v 0.36265925 -1.87333091 2.12469716
v 0.36921949 -1.86561026 2.13095015
v 0.37036938 -1.85506365 2.13635310
v 0.36580080 -1.84451704 2.13945831
v 0.35673791 -1.83679639 2.13943372
v 0.34560910 -1.83397043 2.13628594
v 0.33539631 -1.83679639 2.13085840
v 0.32883607 -1.84451704 2.12460541
v 0.32188278 -1.86184156 2.13359875
v 0.32646168 -1.87238430 2.13049563
v 0.33552693 -1.88010213 2.13053465
v 0.34664951 -1.88292705 2.13370534
v 0.35684912 -1.88010213 2.13915812
v 0.36339279 -1.87238430 2.14543193
v 0.36452715 -1.86184156 2.15084570
v 0.35994825 -1.85129881 2.15394881
v 0.35088300 -1.84358099 2.15390980
v 0.33976043 -1.84075607 2.15073910
v 0.32956081 -1.84358099 2.14528632
v 0.32301714 -1.85129881 2.13901252
v 0.31604155 -1.86864115 2.14799469
v 0.32063078 -1.87918010 2.14489394
v 0.32969833 -1.88689515 2.14494768
v 0.34081454 -1.88971905 2.14814152
v 0.35100083 -1.88689515 2.15361966
v 0.35752781 -1.87918010 2.15991425
v 0.35864656 -1.86864115 2.16533865
v 0.35405733 -1.85810221 2.16843940
v 0.34498979 -1.85038716 2.16838565
v 0.33387358 -1.84756326 2.16519182
v 0.32368728 -1.85038716 2.15971367
v 0.31716030 -1.85810221 2.15341909
v 0.31016211 -1.87546227 2.16239028
v 0.31476169 -1.88599749 2.15929217
v 0.32383145 -1.89370980 2.15936094
v 0.33494117 -1.89653271 2.16257816
v 0.34511400 -1.89370980 2.16808177
v 0.35162415 -1.88599749 2.17439710
v 0.35272722 -1.87546227 2.17983195
v 0.34812765 -1.86492705 2.18293005
v 0.33905788 -1.85721474 2.18286128
v 0.32794817 -1.85439184 2.17964406
v 0.31777533 -1.85721474 2.17414045
v 0.31126518 -1.86492705 2.16782512
v 0.30424409 -1.88230475 2.17678552
v 0.30885400 -1.89283630 2.17369034
v 0.31792591 -1.90054594 2.17377443
v 0.32902901 -1.90336786 2.17701527
v 0.33918824 -1.90054594 2.18254446
v 0.34568143 -1.89283630 2.18888048
v 0.34676874 -1.88230475 2.19432559
v 0.34215883 -1.87177319 2.19742077
v 0.33308692 -1.86406355 2.19733668
v 0.32198382 -1.86124163 2.19409585
v 0.31182459 -1.86406355 2.18856665
v 0.30533140 -1.87177319 2.18223063
v 0.29828709 -1.88916841 2.19118043
v 0.30290734 -1.89969637 2.18808845
v 0.31198133 -1.90740338 2.18818816
v 0.32307769 -1.91022434 2.19145284
v 0.33322315 -1.90740338 2.19700773
v 0.33969926 -1.89969637 2.20336439
v 0.34077074 -1.88916841 2.20881957
v 0.33615050 -1.87864044 2.21191155
v 0.32707651 -1.87093343 2.21181184
v 0.31598015 -1.86811247 2.20854716
v 0.30583468 -1.87093343 2.20299227
v 0.29935857 -1.87864044 2.19663561
v 0.29229074 -1.89605308 2.20557500
v 0.29692133 -1.90657753 2.20248650
v 0.30599731 -1.91428196 2.20260212
v 0.31708680 -1.91710198 2.20589089
v 0.32721836 -1.91428196 2.21147157
v 0.33367726 -1.90657753 2.21784883
v 0.33473284 -1.89605308 2.22331389
v 0.33010226 -1.88552863 2.22640239
v 0.32102628 -1.87782420 2.22628676
v 0.30993679 -1.87500419 2.22299800
v 0.29980523 -1.87782420 2.21741732
v 0.29334633 -1.88552863 2.21104006
v 0.28625466 -1.90295860 2.21996924
v 0.29089557 -1.91347960 2.21688451
v 0.29997348 -1.92118151 2.21701634
v 0.31105596 -1.92400060 2.22032941
v 0.32117348 -1.92118151 2.22593599
v 0.32761505 -1.91347960 2.23233379
v 0.32865466 -1.90295860 2.23780854
v 0.32401375 -1.89243759 2.24089327
v 0.31493584 -1.88473569 2.24076144
v 0.30385336 -1.88191659 2.23744837
v 0.29373584 -1.88473569 2.23184179
v 0.28729427 -1.89243759 2.22544399
v 0.28017847 -1.90988477 2.23436316
v 0.28482970 -1.92040240 2.23128247
v 0.29390944 -1.92810184 2.23143080
v 0.30498479 -1.93092003 2.23476841
v 0.31508811 -1.92810184 2.24040098
v 0.32151223 -1.92040240 2.24681927
v 0.32253580 -1.90988477 2.25230351
v 0.31788457 -1.89936714 2.25538419
v 0.30880483 -1.89166770 2.25523586
v 0.29772948 -1.88884951 2.25189826
v 0.28762616 -1.89166770 2.24626569
v 0.28120204 -1.89936714 2.23984740
v 0.27406178 -1.91683142 2.24875676
v 0.27872332 -1.92734576 2.24568040
v 0.28780482 -1.93504278 2.24584552
v 0.29887290 -1.93786009 2.24920789
v 0.30896188 -1.93504278 2.25486654
v 0.31536842 -1.92734576 2.26130526
v 0.31637590 -1.91683142 2.26679880
v 0.31171436 -1.90631709 2.26987515
v 0.30263286 -1.89862006 2.26971003
v 0.29156478 -1.89580276 2.26634767
v 0.28147580 -1.89862006 2.26068901
v 0.27506926 -1.90631709 2.25425029
v 0.26790422 -1.92379837 2.26315005
v 0.27257605 -1.93430948 2.26007830
v 0.28165922 -1.94200415 2.26026051
v 0.29271991 -1.94482059 2.26364785
v 0.30279440 -1.94200415 2.26933268
v 0.30918325 -1.93430948 2.27579177
v 0.31017457 -1.92379837 2.28129440
v 0.30550274 -1.91328726 2.28436614
v 0.29641957 -1.90559259 2.28418394
v 0.28535888 -1.90277614 2.28079660
v 0.27528439 -1.90559259 2.27511176
v 0.26889554 -1.91328726 2.26865268
v 0.26170541 -1.93078542 2.27754303
v 0.26638752 -1.94129339 2.27447618
v 0.27547227 -1.94898576 2.27467576
v 0.28652542 -1.95180136 2.27808829
v 0.29658528 -1.94898576 2.28379940
v 0.30295632 -1.94129339 2.29027878
v 0.30393143 -1.93078542 2.29579031
v 0.29924932 -1.92027745 2.29885716
v 0.29016457 -1.91258508 2.29865758
v 0.27911142 -1.90976948 2.29524504
v 0.26905156 -1.91258508 2.28953394
v 0.26268052 -1.92027745 2.28305455
v 0.25546497 -1.93779239 2.29193571
v 0.26015734 -1.94829729 2.28887403
v 0.26924359 -1.95598741 2.28909128
v 0.28028907 -1.95880219 2.29252923
v 0.29033415 -1.95598741 2.29826668
v 0.29668727 -1.94829729 2.30476630
v 0.29764610 -1.93779239 2.31028652
v 0.29295374 -1.92728748 2.31334819
v 0.28386749 -1.91959736 2.31313095
v 0.27282201 -1.91678258 2.30969300
v 0.26277692 -1.91959736 2.30395554
v 0.25642381 -1.92728748 2.29745592
v 0.24918253 -1.94481907 2.30632809
v 0.25388513 -1.95532099 2.30327188
v 0.26297278 -1.96300893 2.30350707
v 0.27401046 -1.96582291 2.30697065
v 0.28404062 -1.96300893 2.31273454
v 0.29037570 -1.95532099 2.31925432
v 0.29131821 -1.94481907 2.32478302
v 0.28661561 -1.93431716 2.32783923
v 0.27752796 -1.92662922 2.32760404
v 0.26649028 -1.92381524 2.32414046
v 0.25646012 -1.92662922 2.31837657
v 0.25012504 -1.93431716 2.31185679
v 0.24285771 -1.95186528 2.32072018
v 0.24757052 -1.96236430 2.31766972
v 0.25665948 -1.97005011 2.31792315
v 0.26768921 -1.97286331 2.32141256
v 0.27770431 -1.97005011 2.32720297
v 0.28402124 -1.96236430 2.33374284
v 0.28494737 -1.95186528 2.33927982
v 0.28023456 -1.94136627 2.34233028
v 0.27114560 -1.93368046 2.34207685
v 0.26011587 -1.93086726 2.33858744
v 0.25010077 -1.93368046 2.33279703
v 0.24378385 -1.94136627 2.32625716
v 0.23649013 -1.95893082 2.33511199
v 0.24121312 -1.96942701 2.33206756
v 0.25030330 -1.97711075 2.33233951
v 0.26132495 -1.97992320 2.33585497
v 0.27132484 -1.97711075 2.34167197
v 0.27762350 -1.96942701 2.34823185
v 0.27853322 -1.95893082 2.35377690
v 0.27381023 -1.94843463 2.35682133
v 0.26472005 -1.94075089 2.35654938
v 0.25369840 -1.93793844 2.35303392
v 0.24369851 -1.94075089 2.34721692
v 0.23739985 -1.94843463 2.34065704
v 0.23007942 -1.96601548 2.34950352
v 0.23481256 -1.97650892 2.34646541
v 0.24390385 -1.98419066 2.34675617
v 0.25491728 -1.98700237 2.35029787
v 0.26490182 -1.98419066 2.35614154
v 0.27118212 -1.97650892 2.36272135
v 0.27207537 -1.96601548 2.36827426
v 0.26734223 -1.95552203 2.37131237
v 0.25825094 -1.94784029 2.37102161
v 0.24723751 -1.94502858 2.36747990
v 0.23725297 -1.94784029 2.36163624
v 0.23097267 -1.95552203 2.35505642
v 0.22362521 -1.97311905 2.36389477
v 0.22836847 -1.98360984 2.36086327
v 0.23746077 -1.99128963 2.36117311
v 0.24846584 -1.99410063 2.36474128
v 0.25843489 -1.99128963 2.37061168
v 0.26469670 -1.98360984 2.37721134
v 0.26557345 -1.97311905 2.38277190
v 0.26083019 -1.96262826 2.38580340
v 0.25173789 -1.95494847 2.38549355
v 0.24073282 -1.95213747 2.38192539
v 0.23076377 -1.95494847 2.37605499
v 0.22450196 -1.96262826 2.36945533
v 0.21712713 -1.98024132 2.37828576
v 0.22188046 -1.99072954 2.37526115
v 0.23097367 -1.99840745 2.37559036
v 0.24197024 -2.00121776 2.37918518
v 0.25192365 -1.99840745 2.38508238
v 0.25816689 -1.99072954 2.39170181
v 0.25902708 -1.98024132 2.39726980
v 0.25427375 -1.96975311 2.40029441
v 0.24518054 -1.96207520 2.39996520
v 0.23418397 -1.95926489 2.39637038
v 0.22423056 -1.96207520 2.39047318
v 0.21798732 -1.96975311 2.38385375
v 0.21058479 -1.98738209 2.39267649
v 0.21534816 -1.99786782 2.38965905
v 0.22444218 -2.00554391 2.39000791
v 0.23543010 -2.00835355 2.39362958
v 0.24536774 -2.00554391 2.39955365
v 0.25159229 -1.99786782 2.40619275
v 0.25243591 -1.98738209 2.41176796
v 0.24767253 -1.97689636 2.41478539
v 0.23857852 -1.96922028 2.41443654
v 0.22759059 -1.96641064 2.41081486
v 0.21765296 -1.96922028 2.40489080
v 0.21142841 -1.97689636 2.39825169
v 0.20399784 -1.99454114 2.40706696
v 0.20877120 -2.00502447 2.40405699
v 0.21786592 -2.01269880 2.40442577
v 0.22884505 -2.01550780 2.40807449
v 0.23876677 -2.01269880 2.41402548
v 0.24497254 -2.00502447 2.42068417
v 0.24579954 -1.99454114 2.42626638
v 0.24102617 -1.98405781 2.42927635
v 0.23193146 -1.97638348 2.42890757
v 0.22095232 -1.97357449 2.42525885
v 0.21103061 -1.97638348 2.41930786
v 0.20482484 -1.98405781 2.41264916
v 0.19736589 -2.00171825 2.42145718
v 0.20214921 -2.01219926 2.41845496
v 0.21124451 -2.01987190 2.41884394
v 0.22221471 -2.02268028 2.42251990
v 0.23212037 -2.01987190 2.42849787
v 0.23830726 -2.01219926 2.43517605
v 0.23911762 -2.00171825 2.44076504
v 0.23433430 -1.99123723 2.44376727
v 0.22523900 -1.98356460 2.44337829
v 0.21426879 -1.98075622 2.43970232
v 0.20436314 -1.98356460 2.43372435
v 0.19817625 -1.99123723 2.42704617
v 0.19068859 -2.00891320 2.43584716
v 0.19548180 -2.01939198 2.43285297
v 0.20457758 -2.02706299 2.43326242
v 0.21553871 -2.02987077 2.43696581
v 0.22542817 -2.02706299 2.44297082
v 0.23159608 -2.01939198 2.44966840
v 0.23238976 -2.00891320 2.45526395
v 0.22759655 -1.99843441 2.45825814
v 0.21850077 -1.99076340 2.45784869
v 0.20753964 -1.98795562 2.45414530
v 0.19765019 -1.99076340 2.44814029
v 0.19148227 -1.99843441 2.44144271
v 0.18396556 -2.01612576 2.45023690
v 0.18876862 -2.02660241 2.44725103
v 0.19786476 -2.03427185 2.44768123
v 0.20881666 -2.03707906 2.45141224
v 0.21868979 -2.03427185 2.45744433
v 0.22483863 -2.02660241 2.46416121
v 0.22561562 -2.01612576 2.46976310
v 0.22081255 -2.00564910 2.47274897
v 0.21171642 -1.99797966 2.47231877
v 0.20076451 -1.99517245 2.46858776
v 0.19089139 -1.99797966 2.46255567
v 0.18474254 -2.00564910 2.45583879
v 0.17719643 -2.02335570 2.46462641
v 0.18200928 -2.03383031 2.46164914
v 0.19110566 -2.04149826 2.46210036
v 0.20204820 -2.04430492 2.46585917
v 0.21190485 -2.04149826 2.47191839
v 0.21803454 -2.03383031 2.47865447
v 0.21879481 -2.02335570 2.48426248
v 0.21398195 -2.01288110 2.48723975
v 0.20488557 -2.00521315 2.48678853
v 0.19394303 -2.00240649 2.48302972
v 0.18408638 -2.00521315 2.47697050
v 0.17795670 -2.01288110 2.47023442
v 0.17038084 -2.03060281 2.47901570
v 0.17520343 -2.04107546 2.47604732
v 0.18429993 -2.04874198 2.47651982
v 0.19523295 -2.05154811 2.48030661
v 0.20507300 -2.04874198 2.48639301
v 0.21118343 -2.04107546 2.49314818
v 0.21192696 -2.03060281 2.49876208
v 0.20710437 -2.02013016 2.50173046
v 0.19800787 -2.01246364 2.50125795
v 0.18707485 -2.00965750 2.49747117
v 0.17723480 -2.01246364 2.49138477
v 0.17112437 -2.02013016 2.48462960
v 0.16351842 -2.03786684 2.49340477
v 0.16835068 -2.04833763 2.49044556
v 0.17744719 -2.05600278 2.49093962
v 0.18837055 -2.05880842 2.49475456
v 0.19819384 -2.05600278 2.50086818
v 0.20428494 -2.04833763 2.50764234
v 0.20501172 -2.03786684 2.51326190
v 0.20017946 -2.02739605 2.51622111
v 0.19108295 -2.01973090 2.51572705
v 0.18015960 -2.01692526 2.51191210
v 0.17033630 -2.01973090 2.50579848
v 0.16424521 -2.02739605 2.49902433
v 0.15660881 -2.04514755 2.50779362
v 0.16145068 -2.05561657 2.50484387
v 0.17054707 -2.06328043 2.50535975
v 0.18146061 -2.06608559 2.50920303
v 0.19126703 -2.06328043 2.51534390
v 0.19733870 -2.05561657 2.52213693
v 0.19804872 -2.04514755 2.52776193
v 0.19320685 -2.03467853 2.53071169
v 0.18411046 -2.02701468 2.53019581
v 0.17319692 -2.02420951 2.52635253
v 0.16339050 -2.02701468 2.52021165
v 0.15731883 -2.03467853 2.51341862
v 0.14965164 -2.05244472 2.52218227
v 0.15450305 -2.06291206 2.51924226
v 0.16359920 -2.07057469 2.51978022
v 0.17450278 -2.07337940 2.52365200
v 0.18429218 -2.07057469 2.52982017
v 0.19034434 -2.06291206 2.53663196
v 0.19103760 -2.05244472 2.54226217
v 0.18618619 -2.04197737 2.54520218
v 0.17709004 -2.03431475 2.54466423
v 0.16618647 -2.03151003 2.54079244
v 0.15639706 -2.03431475 2.53462428
v 0.15034490 -2.04197737 2.52781248
v 0.14264656 -2.05975809 2.53657072
v 0.14750744 -2.07022385 2.53364073
v 0.15660321 -2.07788531 2.53420103
v 0.16749667 -2.08068961 2.53810149
v 0.17726893 -2.07788531 2.54429698
v 0.18330151 -2.07022385 2.55112742
v 0.18397799 -2.05975809 2.55676261
v 0.17911711 -2.04929233 2.55969260
v 0.17002134 -2.04163086 2.55913230
v 0.15912788 -2.03882657 2.55523184
v 0.14935562 -2.04163086 2.54903636
v 0.14332304 -2.04929233 2.54220591
v 0.13559319 -2.06708742 2.55095898
v 0.14046346 -2.07755169 2.54803929
v 0.14955873 -2.08521207 2.54862220
v 0.16044193 -2.08801596 2.55255149
v 0.17019691 -2.08521207 2.55877433
v 0.17620983 -2.07755169 2.56562331
v 0.17686953 -2.06708742 2.57126325
v 0.17199926 -2.05662314 2.57418293
v 0.16290399 -2.04896276 2.57360003
v 0.15202079 -2.04615887 2.56967073
v 0.14226582 -2.04896276 2.56344789
v 0.13625290 -2.05662314 2.55659892
v 0.12849118 -2.07443246 2.56534705
v 0.13337077 -2.08489534 2.56243795
v 0.14246541 -2.09255470 2.56304371
v 0.15333818 -2.09535822 2.56700201
v 0.16307575 -2.09255470 2.57325222
v 0.16906894 -2.08489534 2.58011961
v 0.16971187 -2.07443246 2.58576407
v 0.16483228 -2.06396958 2.58867316
v 0.15573764 -2.05631021 2.58806740
v 0.14486487 -2.05350669 2.58410910
v 0.13512730 -2.05631021 2.57785889
v 0.12913411 -2.06396958 2.57099150
v 0.12134017 -2.08179296 2.57973493
v 0.12622900 -2.09225454 2.57683671
v 0.13532286 -2.09991296 2.57746558
v 0.14618507 -2.10271613 2.58145304
v 0.15590510 -2.09991296 2.58773065
v 0.16187848 -2.09225454 2.59461633
v 0.16250464 -2.08179296 2.60026507
v 0.15761581 -2.07133137 2.60316329
v 0.14852195 -2.06367296 2.60253442
v 0.13765974 -2.06086979 2.59854696
v 0.12793971 -2.06367296 2.59226935
v 0.12196634 -2.07133137 2.58538367
v 0.11413980 -2.08916867 2.59412265
v 0.11903778 -2.09962905 2.59123557
v 0.12813074 -2.10728659 2.59188781
v 0.13898222 -2.11008944 2.59590458
v 0.14868458 -2.10728659 2.60220960
v 0.15463808 -2.09962905 2.60911345
v 0.15524749 -2.08916867 2.61476624
v 0.15034951 -2.07870828 2.61765332
v 0.14125655 -2.07105074 2.61700108
v 0.13040507 -2.06824789 2.61298431
v 0.12070271 -2.07105074 2.60667928
v 0.11474921 -2.07870828 2.59977544
v 0.10688972 -2.09655932 2.60851019
v 0.11179676 -2.10701861 2.60563455
v 0.12088867 -2.11467534 2.60631039
v 0.13172928 -2.11747790 2.61035664
v 0.14141385 -2.11467534 2.61668909
v 0.14734740 -2.10701861 2.62361098
v 0.14794006 -2.09655932 2.62926759
v 0.14303301 -2.08610004 2.63214323
v 0.13394110 -2.07844331 2.63146738
v 0.12310049 -2.07564075 2.62742114
v 0.11341593 -2.07844331 2.62108869
v 0.10748237 -2.08610004 2.61416680
v 0.09958956 -2.10396467 2.62289757
v 0.10450558 -2.11442296 2.62003364
v 0.11359630 -2.12207895 2.62073335
v 0.12442588 -2.12488124 2.62480921
v 0.13409252 -2.12207895 2.63116911
v 0.14000607 -2.11442296 2.63810891
v 0.14058199 -2.10396467 2.64376909
v 0.13566597 -2.09350639 2.64663303
v 0.12657524 -2.08585039 2.64593332
v 0.11574567 -2.08304810 2.64185745
v 0.10607903 -2.08585039 2.63549756
v 0.10016548 -2.09350639 2.62855776
v 0.09223897 -2.11138444 2.63728480
v 0.09716387 -2.12184183 2.63443286
v 0.10625327 -2.12949716 2.63515667
v 0.11707165 -2.13229921 2.63926230
v 0.12672025 -2.12949716 2.64564965
v 0.13261373 -2.12184183 2.65260722
v 0.13317294 -2.11138444 2.65827075
v 0.12824803 -2.10092706 2.66112270
v 0.11915864 -2.09327173 2.66039888
v 0.10834026 -2.09046968 2.65629325
v 0.09869166 -2.09327173 2.64990591
v 0.09279818 -2.10092706 2.64294833
v 0.08483760 -2.11881838 2.65167188
v 0.08977129 -2.12927495 2.64883220
v 0.09885921 -2.13692970 2.64958036
v 0.10966625 -2.13973153 2.65371590
v 0.11929668 -2.13692970 2.66013070
v 0.12517003 -2.12927495 2.66710593
v 0.12571255 -2.11881838 2.67277256
v 0.12077886 -2.10836180 2.67561224
v 0.11169094 -2.10070705 2.67486408
v 0.10088390 -2.09790522 2.67072854
v 0.09125347 -2.10070705 2.66431374
v 0.08538011 -2.10836180 2.65733852
v 0.07738509 -2.12626620 2.66605882
v 0.08232747 -2.13672207 2.66323168
v 0.09141376 -2.14437631 2.66400443
v 0.10220931 -2.14717795 2.66817002
v 0.11182145 -2.14437631 2.67461228
v 0.11767462 -2.13672207 2.68160501
v 0.11820046 -2.12626620 2.68727452
v 0.11325809 -2.11581032 2.69010166
v 0.10417179 -2.10815609 2.68932890
v 0.09337625 -2.10535445 2.68516331
v 0.08376411 -2.10815609 2.67872105
v 0.07791094 -2.11581032 2.67172832
v 0.06988110 -2.13372764 2.68044562
v 0.07483206 -2.14418291 2.67763129
v 0.08391658 -2.15183670 2.67842888
v 0.09470047 -2.15463818 2.68262465
v 0.10429420 -2.15183670 2.68909437
v 0.11012713 -2.14418291 2.69610447
v 0.11063634 -2.13372764 2.70177660
v 0.10568538 -2.12327237 2.70459093
v 0.09660086 -2.11561858 2.70379335
v 0.08581697 -2.11281710 2.69959757
v 0.07622324 -2.11561858 2.69312785
v 0.07039031 -2.12327237 2.68611775
v 0.06232528 -2.14120243 2.69483229
v 0.06728471 -2.15165720 2.69203106
v 0.07636730 -2.15931062 2.69285370
v 0.08713938 -2.16211197 2.69707980
v 0.09671458 -2.15931062 2.70357697
v 0.10252722 -2.15165720 2.71060430
v 0.10301982 -2.14120243 2.71627882
v 0.09806039 -2.13074766 2.71908006
v 0.08897780 -2.12309423 2.71825741
v 0.07820572 -2.12029288 2.71403132
v 0.06863052 -2.12309423 2.70753415
v 0.06281788 -2.13074766 2.70050681
v 0.07234290 -2.14869028 2.74284203
v 0.07322392 -2.16017833 2.73984310
v 0.07458993 -2.16858817 2.73152722
v 0.07607490 -2.17166638 2.72012264
v 0.07728094 -2.16858817 2.70868519
v 0.07788490 -2.16017833 2.70027954
v 0.07772493 -2.14869028 2.69715797
v 0.07684392 -2.13720223 2.70015690
v 0.07547791 -2.12879239 2.70847278
v 0.07399294 -2.12571417 2.71987736
v 0.07278689 -2.12879239 2.73131481
v 0.07218294 -2.13720223 2.73972046
v 0.13619007 -2.13889508 2.73423690
v 0.13778199 -2.15021025 2.73089358
v 0.13806640 -2.15849353 2.72234657
v 0.13696707 -2.16152542 2.71088602
v 0.13477857 -2.15849353 2.69958277
v 0.13208731 -2.15021025 2.69146554
v 0.12961442 -2.13889508 2.68870932
v 0.12802249 -2.12757990 2.69205263
v 0.12773809 -2.11929662 2.70059965
v 0.12883741 -2.11626473 2.71206020
v 0.13102591 -2.11929662 2.72336344
v 0.13371717 -2.12757990 2.73148067
v 0.19345020 -2.12755537 2.72613514
v 0.19536593 -2.13881045 2.72275901
v 0.19592295 -2.14704974 2.71418294
v 0.19497200 -2.15006553 2.70270489
v 0.19276789 -2.14704974 2.69140037
v 0.18990121 -2.13881045 2.68329844
v 0.18714008 -2.12755537 2.68056999
v 0.18522434 -2.11630028 2.68394612
v 0.18466732 -2.10806099 2.69252219
v 0.18561827 -2.10504520 2.70400024
v 0.18782239 -2.10806099 2.71530476
v 0.19068907 -2.11630028 2.72340669
v 0.25019064 -2.11469813 2.71844942
v 0.25242842 -2.12588505 2.71504494
v 0.25325795 -2.13407444 2.70644315
v 0.25245696 -2.13707196 2.69494887
v 0.25024007 -2.13407444 2.68364200
v 0.24720130 -2.12588505 2.67555219
v 0.24415489 -2.11469813 2.67284712
v 0.24191711 -2.10351122 2.67625159
v 0.24108758 -2.09532183 2.68485339
v 0.24188857 -2.09232431 2.69634767
v 0.24410545 -2.09532183 2.70765454
v 0.24714422 -2.10351122 2.71574434
v 0.30637281 -2.10035130 2.71118908
v 0.30893065 -2.11146212 2.70776092
v 0.31003250 -2.11959580 2.69913687
v 0.30938313 -2.12257293 2.68762774
v 0.30715652 -2.11959580 2.67631739
v 0.30394931 -2.11146212 2.66823642
v 0.30062086 -2.10035130 2.66555012
v 0.29806302 -2.08924048 2.66897828
v 0.29696116 -2.08110679 2.67760233
v 0.29761054 -2.07812966 2.68911146
v 0.29983714 -2.08110679 2.70042181
v 0.30304435 -2.08924048 2.70850278
v 0.36195970 -2.08454361 2.70436295
v 0.36483539 -2.09557057 2.70091597
v 0.36620929 -2.10364286 2.69227332
v 0.36571327 -2.10659753 2.68075077
v 0.36348024 -2.10364286 2.66943580
v 0.36010853 -2.09557057 2.66136023
v 0.35650159 -2.08454361 2.65868792
v 0.35362590 -2.07351665 2.66213490
v 0.35225200 -2.06544435 2.67077756
v 0.35274802 -2.06248969 2.68230010
v 0.35498105 -2.06544435 2.69361508
v 0.35835276 -2.07351665 2.70169064
v 0.41691588 -2.06730456 2.69797931
v 0.42010699 -2.07824007 2.69451859
v 0.42175260 -2.08624542 2.68586114
v 0.42141176 -2.08917558 2.67432671
v 0.41917581 -2.08624542 2.66300594
v 0.41564386 -2.07824007 2.65493222
v 0.41176230 -2.06730456 2.65226891
v 0.40857119 -2.05636905 2.65572962
v 0.40692558 -2.04836370 2.66438708
v 0.40726642 -2.04543354 2.67592151
v 0.40950237 -2.04836370 2.68724228
v 0.41303432 -2.05636905 2.69531599
v 0.47120751 -2.04866430 2.69204587
v 0.47471139 -2.05950095 2.68857672
v 0.47662827 -2.06743393 2.67990847
v 0.47644454 -2.07033760 2.66836377
v 0.47420941 -2.06743393 2.65703602
v 0.47052180 -2.05950095 2.64896047
v 0.46636979 -2.04866430 2.64630096
v 0.46286591 -2.03782765 2.64977011
v 0.46094903 -2.02989467 2.65843836
v 0.46113277 -2.02699100 2.66998306
v 0.46336789 -2.02989467 2.68131081
v 0.46705550 -2.03782765 2.68938636
v 0.52480233 -2.02865353 2.68656981
v 0.52861610 -2.03938410 2.68309776
v 0.53080376 -2.04723942 2.67442291
v 0.53077914 -2.05011467 2.66286966
v 0.52854884 -2.04723942 2.65153371
v 0.52471045 -2.03938410 2.64345251
v 0.52029247 -2.02865353 2.64079141
v 0.51647870 -2.01792295 2.64426346
v 0.51429104 -2.01006763 2.65293831
v 0.51431566 -2.00719238 2.66449156
v 0.51654596 -2.01006763 2.67582751
v 0.52038435 -2.01792295 2.68390871
v 0.57766963 -2.00730341 2.68155772
v 0.58179019 -2.01792089 2.67808855
v 0.58424808 -2.02569342 2.66941148
v 0.58438470 -2.02853837 2.65785151
v 0.58216345 -2.02569342 2.64650614
v 0.57817950 -2.01792089 2.63841535
v 0.57350035 -2.00730341 2.63574705
v 0.56937979 -1.99668592 2.63921622
v 0.56692190 -1.98891339 2.64789329
v 0.56678528 -1.98606844 2.65945325
v 0.56900653 -1.98891339 2.67079862
v 0.57299048 -1.99668592 2.67888942
v 0.62978026 -1.98464549 2.67701562
v 0.63420432 -1.99514308 2.67355535
v 0.63693181 -2.00282785 2.66488066
v 0.63723190 -2.00564067 2.65331592
v 0.63502419 -2.00282785 2.64195990
v 0.63090022 -1.99514308 2.63385544
v 0.62596502 -1.98464549 2.63117411
v 0.62154097 -1.97414790 2.63463438
v 0.61881348 -1.96646313 2.64330907
v 0.61851338 -1.96365031 2.65487380
v 0.62072110 -1.96646313 2.66622982
v 0.62484506 -1.97414790 2.67433429
v 0.68110663 -1.96071163 2.67294893
v 0.68583065 -1.97108275 2.66950384
v 0.68882705 -1.97867494 2.66083635
v 0.68929297 -1.98145387 2.64926891
v 0.68710355 -1.97867494 2.63790101
v 0.68284545 -1.97108275 2.62977867
v 0.67765963 -1.96071163 2.62707827
v 0.67293562 -1.95034051 2.63052336
v 0.66993921 -1.94274832 2.63919085
v 0.66947329 -1.93996939 2.65075829
v 0.67166271 -1.94274832 2.66212618
v 0.67592081 -1.95034051 2.67024852
v 0.73162264 -1.93553387 2.66936249
v 0.73664286 -1.94577218 2.66593911
v 0.73990745 -1.95326714 2.65728387
v 0.74054167 -1.95601049 2.64571595
v 0.73837557 -1.95326714 2.63433495
v 0.73398956 -1.94577218 2.62619040
v 0.72855887 -1.93553387 2.62346464
v 0.72353865 -1.92529556 2.62688802
v 0.72027406 -1.91780060 2.63554326
v 0.71963984 -1.91505726 2.64711118
v 0.72180594 -1.91780060 2.65849218
v 0.72619195 -1.92529556 2.66663673
v 0.78130367 -1.90914440 2.66626053
v 0.78661613 -1.91924379 2.66286567
v 0.79014812 -1.92663706 2.65422797
v 0.79095325 -1.92934319 2.64266191
v 0.78881577 -1.92663706 2.63126660
v 0.78430843 -1.91924379 2.62309539
v 0.77863896 -1.90914440 2.62033777
v 0.77332649 -1.89904500 2.62373263
v 0.76979450 -1.89165173 2.63237032
v 0.76898938 -1.88894561 2.64393639
v 0.77112686 -1.89165173 2.65533170
v 0.77563420 -1.89904500 2.66350290
v 0.83012656 -1.88157545 2.66364664
v 0.83572708 -1.89153008 2.66028739
v 0.83952564 -1.89881738 2.65167279
v 0.84050442 -1.90148472 2.64011111
v 0.83840115 -1.89881738 2.62870029
v 0.83377941 -1.89153008 2.62049786
v 0.82787758 -1.88157545 2.61770165
v 0.82227706 -1.87162081 2.62106089
v 0.81847850 -1.86433352 2.62967549
v 0.81749972 -1.86166618 2.64123717
v 0.81960299 -1.86433352 2.65264799
v 0.82422473 -1.87162081 2.66085042
v 0.87806955 -1.85285923 2.66152382
v 0.88395373 -1.86266352 2.65820757
v 0.88801799 -1.86984075 2.64962187
v 0.88917332 -1.87246781 2.63806726
v 0.88711015 -1.86984075 2.62663979
v 0.88238131 -1.86266352 2.61840144
v 0.87625388 -1.85285923 2.61555967
v 0.87036971 -1.84305494 2.61887592
v 0.86630545 -1.83587770 2.62746162
v 0.86515012 -1.83325065 2.63901622
v 0.86721328 -1.83587770 2.65044369
v 0.87194212 -1.84305494 2.65868205
v 0.92511226 -1.82302786 2.65989444
v 0.93127546 -1.83267648 2.65662886
v 0.93560452 -1.83973977 2.64807816
v 0.93693946 -1.84232511 2.63653351
v 0.93492259 -1.83973977 2.62508827
v 0.93009433 -1.83267648 2.61680920
v 0.92374841 -1.82302786 2.61391466
v 0.91758521 -1.81337923 2.61718025
v 0.91325615 -1.80631594 2.62573094
v 0.91192121 -1.80373060 2.63727560
v 0.91393808 -1.80631594 2.64872083
v 0.91876634 -1.81337923 2.65699990
v 0.97123563 -1.79211328 2.65876023
v 0.97767301 -1.80160121 2.65555331
v 0.98226592 -1.80854686 2.64704400
v 0.98378369 -1.81108915 2.63551238
v 0.98181964 -1.80854686 2.62404833
v 0.97690003 -1.80160121 2.61572364
v 0.97034307 -1.79211328 2.61276889
v 0.96390569 -1.78262535 2.61597582
v 0.95931278 -1.77567970 2.62448512
v 0.95779501 -1.77313741 2.63601674
v 0.95975906 -1.77567970 2.64748079
v 0.96467867 -1.78262535 2.65580549
v 1.01642185 -1.76014723 2.65812229
v 1.02312834 -1.76946972 2.65498233
v 1.02798413 -1.77629425 2.64652112
v 1.02968813 -1.77879221 2.63500584
v 1.02778376 -1.77629425 2.62352199
v 1.02278127 -1.76946972 2.61514667
v 1.01602110 -1.76014723 2.61212404
v 1.00931461 -1.75082474 2.61526400
v 1.00445882 -1.74400020 2.62372521
v 1.00275482 -1.74150224 2.63524049
v 1.00465919 -1.74400020 2.64672433
v 1.00966168 -1.75082474 2.65509966
v 1.06065436 -1.72716113 2.65798107
v 1.06762464 -1.73631373 2.65491671
v 1.07274233 -1.74301389 2.64651063
v 1.07463615 -1.74546632 2.63501523
v 1.07279864 -1.74301389 2.62351070
v 1.06772217 -1.73631373 2.61507966
v 1.06076698 -1.72716113 2.61198121
v 1.05379669 -1.71800854 2.61504557
v 1.04867900 -1.71130837 2.62345165
v 1.04678519 -1.70885594 2.63494704
v 1.04862270 -1.71130837 2.64645158
v 1.05369917 -1.71800854 2.65488261
v 1.10391774 -1.69318609 2.65833637
v 1.11114628 -1.70216463 2.65535659
v 1.11652484 -1.70873738 2.64701302
v 1.11861225 -1.71114318 2.63554132
v 1.11684918 -1.70873738 2.62401531
v 1.11170804 -1.70216463 2.61552338
v 1.10456641 -1.69318609 2.61234094
v 1.09733787 -1.68420755 2.61532072
v 1.09195931 -1.67763479 2.62366429
v 1.08987190 -1.67522900 2.63513599
v 1.09163497 -1.67763479 2.64666200
v 1.09677610 -1.68420755 2.65515393
v 1.14619767 -1.65825280 2.65918734
v 1.15367868 -1.66705345 2.65630148
v 1.15931708 -1.67349597 2.64802818
v 1.16160207 -1.67585410 2.63658427
v 1.15992138 -1.67349597 2.62503612
v 1.15472535 -1.66705345 2.61647807
v 1.14740626 -1.65825280 2.61320322
v 1.13992525 -1.64945215 2.61608908
v 1.13428685 -1.64300963 2.62436238
v 1.13200186 -1.64065151 2.63580629
v 1.13368255 -1.64300963 2.64735444
v 1.13887858 -1.64945215 2.65591249
v 1.18748088 -1.62239153 2.66053248
v 1.19520833 -1.63101075 2.65775025
v 1.20110551 -1.63732045 2.64955538
v 1.20359228 -1.63962997 2.63814366
v 1.20200232 -1.63732045 2.62657287
v 1.19676164 -1.63101075 2.61794338
v 1.18927449 -1.62239153 2.61456746
v 1.18154704 -1.61377232 2.61734969
v 1.17564986 -1.60746261 2.62554457
v 1.17316309 -1.60515310 2.63695628
v 1.17475306 -1.60746261 2.64852708
v 1.17999373 -1.61377232 2.65715656
v 1.22775508 -1.58563206 2.66236962
v 1.23572266 -1.59406662 2.65970112
v 1.24187754 -1.60024115 2.65159325
v 1.24457053 -1.60250119 2.64021849
v 1.24308005 -1.60024115 2.62862470
v 1.23780546 -1.59406662 2.61991844
v 1.23016009 -1.58563206 2.61643254
v 1.22219250 -1.57719749 2.61910103
v 1.21603762 -1.57102296 2.62720891
v 1.21334463 -1.56876293 2.63858367
v 1.21483512 -1.57102296 2.65017746
v 1.22010971 -1.57719749 2.65888372
v 1.26700885 -1.54800364 2.66469593
v 1.27520999 -1.55625066 2.66215167
v 1.28162148 -1.56228789 2.65413982
v 1.28452537 -1.56449767 2.64280714
v 1.28314356 -1.56228789 2.63119023
v 1.27784632 -1.55625066 2.62240183
v 1.27005302 -1.54800364 2.61879677
v 1.26185189 -1.53975663 2.62134103
v 1.25544040 -1.53371939 2.62935288
v 1.25253651 -1.53150961 2.64068555
v 1.25391832 -1.53371939 2.65230246
v 1.25921556 -1.53975663 2.66109087
v 1.30523166 -1.50953499 2.66750789
v 1.31365947 -1.51759188 2.66509880
v 1.32032644 -1.52348993 2.65719249
v 1.32344617 -1.52564876 2.64590746
v 1.32218271 -1.52348993 2.63426752
v 1.31687462 -1.51759188 2.62539158
v 1.30894419 -1.50953499 2.62165795
v 1.30051638 -1.50147811 2.62406704
v 1.29384940 -1.49558006 2.63197334
v 1.29072968 -1.49342123 2.64325837
v 1.29199314 -1.49558006 2.65489831
v 1.29730123 -1.50147811 2.66377425
v 1.34241371 -1.47025425 2.67080131
v 1.35106100 -1.47811875 2.66853878
v 1.35798231 -1.48387596 2.66074807
v 1.36132306 -1.48598325 2.64951669
v 1.36018811 -1.48387596 2.63785409
v 1.35488156 -1.47811875 2.62888524
v 1.34682531 -1.47025425 2.62501335
v 1.33817802 -1.46238975 2.62727588
v 1.33125671 -1.45663254 2.63506659
v 1.32791596 -1.45452525 2.64629797
v 1.32905091 -1.45663254 2.65796058
v 1.33435746 -1.46238975 2.66692942
v 1.37854591 -1.43018895 2.67457134
v 1.38740515 -1.43785913 2.67246723
v 1.39457959 -1.44347410 2.66480273
v 1.39814685 -1.44552932 2.65363152
v 1.39715109 -1.44347410 2.64194693
v 1.39185912 -1.43785913 2.63287983
v 1.38368891 -1.43018895 2.62885975
v 1.37482967 -1.42251876 2.63096386
v 1.36765523 -1.41690379 2.63862836
v 1.36408797 -1.41484857 2.64979957
v 1.36508373 -1.41690379 2.66148416
v 1.37037571 -1.42251876 2.67055126
v 1.41361981 -1.38936600 2.67881240
v 1.42268307 -1.39684027 2.67687909
v 1.43010941 -1.40231182 2.66935203
v 1.43390896 -1.40431454 2.65824808
v 1.43306362 -1.40231182 2.64654254
v 1.42779991 -1.39684027 2.63737190
v 1.41952822 -1.38936600 2.63319343
v 1.41046496 -1.38189173 2.63512674
v 1.40303862 -1.37642018 2.64265380
v 1.39923907 -1.37441746 2.65375775
v 1.40008441 -1.37642018 2.66546329
v 1.40534812 -1.38189173 2.67463393
v 1.44762748 -1.34781170 2.68351823
v 1.45688643 -1.35508879 2.68176863
v 1.46456338 -1.36041598 2.67439092
v 1.46860128 -1.36236587 2.66336194
v 1.46791820 -1.36041598 2.65163690
v 1.46269717 -1.35508879 2.64235752
v 1.45433714 -1.34781170 2.63801020
v 1.44507819 -1.34053462 2.63975980
v 1.43740125 -1.33520743 2.64713751
v 1.43336334 -1.33325754 2.65816649
v 1.43404642 -1.33520743 2.66989153
v 1.43926746 -1.34053462 2.67917091
v 1.48056152 -1.30555172 2.68868185
v 1.49000736 -1.31263066 2.68712946
v 1.49793351 -1.31781281 2.67991374
v 1.50221618 -1.31970960 2.66896815
v 1.50170782 -1.31781281 2.65722554
v 1.49654465 -1.31263066 2.64783234
v 1.48811015 -1.30555172 2.64330545
v 1.47866431 -1.29847277 2.64485784
v 1.47073816 -1.29329063 2.65207356
v 1.46645549 -1.29139383 2.66301915
v 1.46696385 -1.29329063 2.67476176
v 1.47212701 -1.29847277 2.68415496
v 1.51241491 -1.26261106 2.69429557
v 1.52203831 -1.26949124 2.69295449
v 1.53021217 -1.27452789 2.68591422
v 1.53474631 -1.27637143 2.67506121
v 1.53442583 -1.27452789 2.66330350
v 1.52933658 -1.26949124 2.65379156
v 1.52084224 -1.26261106 2.64907412
v 1.51121885 -1.25573087 2.65041520
v 1.50304499 -1.25069423 2.65745546
v 1.49851084 -1.24885069 2.66830848
v 1.49883132 -1.25069423 2.68006619
v 1.50392057 -1.25573087 2.68957813
v 1.54318099 -1.21901412 2.70035095
v 1.55297203 -1.22569526 2.69923596
v 1.56139194 -1.23058619 2.69238548
v 1.56618463 -1.23237639 2.68163511
v 1.56606589 -1.23058619 2.66986540
v 1.56106754 -1.22569526 2.66023002
v 1.55252889 -1.21901412 2.65531078
v 1.54273786 -1.21233299 2.65642578
v 1.53431794 -1.20744206 2.66327625
v 1.52952525 -1.20565185 2.67402662
v 1.52964399 -1.20744206 2.68579633
v 1.53464234 -1.21233299 2.69543171
v 1.57285338 -1.17478467 2.70683879
v 1.58280146 -1.18126679 2.70596537
v 1.59146558 -1.18601204 2.69932001
v 1.59652420 -1.18774892 2.68868335
v 1.59662187 -1.18601204 2.67690545
v 1.59173241 -1.18126679 2.66714220
v 1.58316595 -1.17478467 2.66200966
v 1.57321787 -1.16830254 2.66288308
v 1.56455375 -1.16355730 2.66952844
v 1.55949513 -1.16182042 2.68016511
v 1.55939746 -1.16355730 2.69194300
v 1.56428692 -1.16830254 2.70170625
v 1.60142589 -1.12994585 2.71374912
v 1.61151965 -1.13622934 2.71313352
v 1.62042589 -1.14082917 2.70670969
v 1.62575818 -1.14251282 2.69619888
v 1.62608775 -1.14082917 2.68441746
v 1.62132629 -1.13622934 2.67452225
v 1.61274962 -1.12994585 2.66916467
v 1.60265586 -1.12366237 2.66978027
v 1.59374962 -1.11906254 2.67620410
v 1.58841733 -1.11737888 2.68671491
v 1.58808776 -1.11906254 2.69849632
v 1.59284922 -1.12366237 2.70839153
v 1.62889252 -1.08452023 2.72107115
v 1.63911970 -1.09060578 2.72073045
v 1.64826562 -1.09506072 2.71454574
v 1.65387966 -1.09669134 2.70417420
v 1.65445754 -1.09506072 2.69239489
v 1.64984440 -1.09060578 2.68236405
v 1.64127635 -1.08452023 2.67676945
v 1.63104917 -1.07843467 2.67711015
v 1.62190325 -1.07397974 2.68329486
v 1.61628921 -1.07234912 2.69366640
v 1.61571133 -1.07397974 2.70544571
v 1.62032447 -1.07843467 2.71547655
v 1.65524736 -1.03852978 2.72879326
v 1.66559465 -1.04441846 2.72874542
v 1.67497743 -1.04872927 2.72281874
v 1.68088160 -1.05030713 2.71260130
v 1.68172514 -1.04872927 2.70083083
v 1.67728203 -1.04441846 2.69066123
v 1.66874278 -1.03852978 2.68481743
v 1.65839550 -1.03264111 2.68486528
v 1.64901271 -1.02833030 2.69079195
v 1.64310854 -1.02675243 2.70100940
v 1.64226500 -1.02833030 2.71277987
v 1.64670812 -1.03264111 2.72294947
v 1.68048456 -0.99199596 2.73690296
v 1.69093746 -0.99768916 2.73716685
v 1.70055373 -1.00185687 2.73151861
v 1.70675670 -1.00338236 2.72147166
v 1.70788429 -1.00185687 2.70971809
v 1.70363438 -0.99768916 2.69940724
v 1.69514570 -0.99199596 2.69330191
v 1.68469281 -0.98630276 2.69303802
v 1.67507654 -0.98213505 2.69868626
v 1.66887357 -0.98060956 2.70873321
v 1.66774597 -0.98213505 2.72048678
v 1.67199589 -0.98630276 2.73079763
v 1.70459830 -0.94493967 2.74538681
v 1.71514088 -0.95043916 2.74598234
v 1.72498659 -0.95446507 2.74063452
v 1.73149728 -0.95593865 2.73077629
v 1.73292841 -0.95446507 2.71904916
v 1.72889651 -0.95043916 2.70859540
v 1.72048193 -0.94493967 2.70221610
v 1.70993935 -0.93944018 2.70162057
v 1.70009364 -0.93541428 2.70696839
v 1.69358295 -0.93394069 2.71682662
v 1.69215182 -0.93541428 2.72855374
v 1.69618372 -0.93944018 2.73900750
v 1.72758275 -0.89738136 2.75423041
v 1.73819747 -0.90268929 2.75517850
v 1.74826772 -0.90657496 2.75015489
v 1.75509519 -0.90799721 2.74050564
v 1.75685047 -0.90657496 2.72881628
v 1.75306323 -0.90268929 2.71821894
v 1.74474826 -0.89738136 2.71155319
v 1.73413354 -0.89207344 2.71060510
v 1.72406329 -0.88818776 2.71562871
v 1.71723582 -0.88676551 2.72527796
v 1.71548054 -0.88818776 2.73696733
v 1.71926778 -0.89207344 2.74756466
v 1.74943211 -0.84934103 2.76341833
v 1.76009947 -0.85445994 2.76474099
v 1.77038828 -0.85820724 2.76006732
v 1.77754167 -0.85957885 2.75064963
v 1.77964289 -0.85820724 2.73901139
v 1.77612893 -0.85445994 2.72827105
v 1.76794134 -0.84934103 2.72130648
v 1.75727399 -0.84422212 2.71998382
v 1.74698517 -0.84047481 2.72465749
v 1.73983178 -0.83910321 2.73407518
v 1.73773056 -0.84047481 2.74571342
v 1.74124452 -0.84422212 2.75645376
v 1.77014059 -0.80083826 2.77293403
v 1.78083884 -0.80577113 2.77465433
v 1.79133887 -0.80938224 2.77035848
v 1.79882721 -0.81070400 2.76119754
v 1.80129737 -0.80938224 2.74962618
v 1.79808747 -0.80577113 2.73874493
v 1.79005759 -0.80083826 2.73146942
v 1.77935935 -0.79590539 2.72974912
v 1.76885931 -0.79229428 2.73404497
v 1.76137097 -0.79097252 2.74320591
v 1.75890082 -0.79229428 2.75477727
v 1.76211072 -0.79590539 2.76565852
v 1.78970249 -0.75189229 2.78275978
v 1.80040723 -0.75664255 2.78490188
v 1.81110943 -0.76011999 2.78101403
v 1.81894146 -0.76139282 2.77213797
v 1.82180471 -0.76011999 2.76065203
v 1.81893199 -0.75664255 2.74963386
v 1.81109304 -0.75189229 2.74203577
v 1.80038830 -0.74714202 2.73989367
v 1.78968609 -0.74366459 2.74378152
v 1.78185407 -0.74239176 2.75265758
v 1.77899082 -0.74366459 2.76414352
v 1.78186354 -0.74714202 2.77516169
v 1.80811227 -0.70252204 2.79287663
v 1.81879602 -0.70709364 2.79546566
v 1.82968922 -0.71044028 2.79201846
v 1.83787306 -0.71166524 2.78345870
v 1.84115467 -0.71044028 2.77207997
v 1.83865476 -0.70709364 2.76093118
v 1.83104316 -0.70252204 2.75299964
v 1.82035941 -0.69795044 2.75041061
v 1.80946621 -0.69460380 2.75385781
v 1.80128237 -0.69337884 2.76241756
v 1.79800076 -0.69460380 2.77379630
v 1.80050068 -0.69795044 2.78494509
v 1.82536472 -0.65274617 2.80326432
v 1.83599639 -0.65714360 2.80632622
v 1.84706679 -0.66036273 2.80335490
v 1.85560959 -0.66154102 2.79514653
v 1.85933577 -0.66036273 2.78390054
v 1.85724689 -0.65714360 2.77263028
v 1.84990268 -0.65274617 2.76435560
v 1.83927100 -0.64834875 2.76129370
v 1.82820061 -0.64512961 2.76426501
v 1.81965781 -0.64395132 2.77247338
v 1.81593163 -0.64512961 2.78371937
v 1.81802050 -0.64834875 2.79498964
v 1.84145514 -0.60258314 2.81390125
v 1.85199950 -0.60681149 2.81746250
v 1.86323001 -0.60990686 2.81500494
v 1.87213744 -0.61103985 2.80718708
v 1.87633508 -0.60990686 2.79610369
v 1.87469815 -0.60681149 2.78472458
v 1.86766528 -0.60258314 2.77609875
v 1.85712091 -0.59835478 2.77253750
v 1.84589041 -0.59525941 2.77499506
v 1.83698297 -0.59412643 2.78281292
v 1.83278534 -0.59525941 2.79389631
v 1.83442226 -0.59835478 2.80527542
v 1.85637962 -0.55205124 2.82476449
v 1.86679667 -0.55611631 2.82885170
v 1.87816623 -0.55909215 2.82694836
v 1.88744182 -0.56018139 2.81956445
v 1.89213807 -0.55909215 2.80867850
v 1.89099661 -0.55611631 2.79720738
v 1.88432330 -0.55205124 2.78822477
v 1.87390625 -0.54798617 2.78413756
v 1.86253670 -0.54501033 2.78604090
v 1.85326110 -0.54392110 2.79342481
v 1.84856486 -0.54501033 2.80431076
v 1.84970631 -0.54798617 2.81578188
v 1.87013541 -0.50116868 2.83582985
v 1.88037977 -0.50507702 2.84046915
v 1.89186248 -0.50793812 2.83916285
v 1.90150678 -0.50898536 2.83226096
v 1.90672846 -0.50793812 2.82161284
v 1.90612840 -0.50507702 2.81007165
v 1.89986737 -0.50116868 2.80072984
v 1.88962301 -0.49726034 2.79609053
v 1.87814029 -0.49439924 2.79739683
v 1.86849600 -0.49335200 2.80429872
v 1.86327431 -0.49439924 2.81494684
v 1.86387438 -0.49726034 2.82648803
v 1.88272132 -0.44995362 2.84707209
v 1.89274163 -0.45371263 2.85228825
v 1.90430585 -0.45646441 2.85162374
v 1.91431536 -0.45747164 2.84525661
v 1.92008812 -0.45646441 2.83489293
v 1.92007732 -0.45371263 2.82330964
v 1.91428585 -0.44995362 2.81361047
v 1.90426554 -0.44619460 2.80839430
v 1.89270132 -0.44344282 2.80905881
v 1.88269181 -0.44243559 2.81542594
v 1.87691906 -0.44344282 2.82578962
v 1.87692985 -0.44619460 2.83737292
v 1.89413823 -0.39842423 2.85846526
v 1.90387669 -0.40204227 2.86428054
v 1.91548400 -0.40469085 2.86430374
v 1.92584999 -0.40566030 2.85852866
v 1.93219710 -0.40469085 2.84850272
v 1.93282463 -0.40204227 2.83691236
v 1.92756444 -0.39842423 2.82686322
v 1.91782598 -0.39480620 2.82104795
v 1.90621867 -0.39215762 2.82102474
v 1.89585268 -0.39118817 2.82679982
v 1.88950557 -0.39215762 2.83682576
v 1.88887804 -0.39480620 2.84841612
v 1.92203758 -0.34114439 2.83288983
v 1.91075702 -0.33970311 2.83641356
v 1.90249907 -0.34010951 2.84498014
v 1.89947645 -0.34225472 2.85629416
v 1.90249907 -0.34556392 2.86732403
v 1.91075702 -0.34915041 2.87511432
v 1.92203758 -0.35205320 2.87757761
v 1.93331814 -0.35349449 2.87405388
v 1.94157609 -0.35308808 2.86548730
v 1.94459871 -0.35094287 2.85417328
v 1.94157609 -0.34763368 2.84314341
v 1.93331814 -0.34404718 2.83535312
v 1.93205493 -0.28897763 2.84570615
v 1.92072756 -0.28778979 2.84917382
v 1.91243534 -0.28839880 2.85769518
v 1.90940018 -0.29064147 2.86898691
v 1.91243534 -0.29391688 2.88002343
v 1.92072756 -0.29734739 2.88784749
v 1.93205493 -0.30001379 2.89036265
v 1.94338230 -0.30120163 2.88689497
v 1.95167452 -0.30059262 2.87837362
v 1.95470968 -0.29834995 2.86708188
v 1.95167452 -0.29507454 2.85604537
v 1.94338230 -0.29164403 2.84822131
v 1.94089566 -0.23655701 2.85873697
v 1.92952705 -0.23562241 2.86214673
v 1.92120466 -0.23643247 2.87062179
v 1.91815845 -0.23877014 2.88189126
v 1.92120466 -0.24200903 2.89293550
v 1.92952705 -0.24528130 2.90079522
v 1.94089566 -0.24771013 2.90336440
v 1.95226426 -0.24864473 2.89995464
v 1.96058666 -0.24783467 2.89147958
v 1.96363287 -0.24549700 2.88021011
v 1.96058666 -0.24225811 2.86916587
v 1.95226426 -0.23898585 2.86130615
v 1.94855172 -0.18390133 2.87196640
v 1.93714746 -0.18321980 2.87531656
v 1.92879897 -0.18422941 2.88374440
v 1.92574321 -0.18665966 2.89499168
v 1.92879897 -0.18985934 2.90604471
v 1.93714746 -0.19297112 2.91394183
v 1.94855172 -0.19516118 2.91656703
v 1.95995598 -0.19584272 2.91321687
v 1.96830447 -0.19483310 2.90478904
v 1.97136024 -0.19240285 2.89354175
v 1.96830447 -0.18920317 2.88248872
v 1.95995598 -0.18609139 2.87459160
v 1.95501475 -0.13102967 2.88537834
v 1.94358043 -0.13060108 2.88866738
v 1.93520993 -0.13180881 2.89704719
v 1.93214611 -0.13432927 2.90827240
v 1.93520993 -0.13748709 2.91933524
v 1.94358043 -0.14043614 2.92727142
v 1.95501475 -0.14238623 2.92995444
v 1.96644907 -0.14281482 2.92666541
v 1.97481957 -0.14160708 2.91828560
v 1.97788339 -0.13908663 2.90706038
v 1.97481957 -0.13592880 2.89599755
v 1.96644907 -0.13297975 2.88806137
v 1.96027609 -0.07796152 2.89895645
v 1.94881732 -0.07778578 2.90218302
v 1.94042891 -0.07919026 2.91051412
v 1.93735854 -0.08179862 2.92171744
v 1.94042891 -0.08491196 2.93279106
v 1.94881732 -0.08769606 2.94076781
v 1.96027609 -0.08940493 2.94351033
v 1.97173486 -0.08958066 2.94028376
v 1.98012327 -0.08817618 2.93195266
v 1.98319364 -0.08556782 2.92074934
v 1.98012327 -0.08245448 2.90967572
v 1.97173486 -0.07967038 2.90169897
v 1.96432681 -0.02471679 2.91268419
v 1.95284922 -0.02479388 2.91584710
v 1.94444704 -0.02639378 2.92412893
v 1.94137162 -0.02908780 2.93531058
v 1.94444704 -0.03215407 2.94639592
v 1.95284922 -0.03477101 2.95441466
v 1.96432681 -0.03623738 2.95721817
v 1.97580441 -0.03616030 2.95405526
v 1.98420659 -0.03456039 2.94577343
v 1.98728200 -0.03186638 2.93459178
v 1.98420659 -0.02880010 2.92350643
v 1.97580441 -0.02618317 2.91548770
v 1.96715774 0.02868411 2.92654484
v 1.95566699 0.02835418 2.92964306
v 1.94725518 0.02656011 2.93787519
v 1.94417624 0.02378263 2.94903542
v 1.94725518 0.02076596 2.96013339
v 1.95566699 0.01831841 2.96819541
v 1.96715774 0.01709580 2.97106125
v 1.97864849 0.01742573 2.96796303
v 1.98706030 0.01921979 2.95973090
v 1.99013923 0.02199727 2.94857067
v 1.98706030 0.02501395 2.93747270
v 1.97864849 0.02746150 2.92941068
v 1.96875948 0.08222020 2.94052153
v 1.95726129 0.08163737 2.94355419
v 1.94884403 0.07965034 2.95173628
v 1.94576309 0.07679153 2.96287541
v 1.94884403 0.07382697 2.97398686
v 1.95726129 0.07155100 2.98209333
v 1.96875948 0.07057346 2.98502269
v 1.98025767 0.07115630 2.98199003
v 1.98867493 0.07314333 2.97380794
v 1.99175586 0.07600213 2.96266881
v 1.98867493 0.07896670 2.95155736
v 1.98025767 0.08124267 2.94345089
v 1.96912245 0.13586993 2.95459725
v 1.95762258 0.13503408 2.95756363
v 1.94920409 0.13285522 2.96569546
v 1.94612271 0.12991718 2.97681383
v 1.94920409 0.12700719 2.98793957
v 1.95762258 0.12490499 2.99609156
v 1.96912245 0.12417386 2.99908547
v 1.98062233 0.12500970 2.99611909
v 1.98904082 0.12718856 2.98798726
v 1.99212220 0.13012661 2.97686889
v 1.98904082 0.13303660 2.96574315
v 1.98062233 0.13513880 2.95759116
v 1.96823696 0.18961106 2.96875486
v 1.95674123 0.18852205 2.97165439
v 1.94832576 0.18615245 2.97973586
v 1.94524549 0.18313719 2.99083384
v 1.94832576 0.18028420 3.00197464
v 1.95674123 0.17835795 3.01017310
v 1.96823696 0.17787456 3.01323244
v 1.97973270 0.17896357 3.01033291
v 1.98814816 0.18133317 3.00225144
v 1.99122843 0.18434844 2.99115346
v 1.98814816 0.18720142 2.98001265
v 1.97973270 0.18912768 2.97181420
v 1.96609319 0.24342067 2.98297714
v 1.95460748 0.24207832 2.98580939
v 1.94619936 0.23951900 2.99384049
v 1.94312177 0.23642850 3.00491850
v 1.94619936 0.23363490 3.01607509
v 1.95460748 0.23188675 3.02432084
v 1.96609319 0.23165247 3.02744633
v 1.97757890 0.23299482 3.02461408
v 1.98598703 0.23555413 3.01658299
v 1.98906461 0.23864464 3.00550497
v 1.98598703 0.24143824 2.99434839
v 1.97757890 0.24318639 2.98610263
v 1.96268130 0.29727509 2.99724677
v 1.95121157 0.29567917 3.00001147
v 1.94281515 0.29293113 3.00799230
v 1.93974185 0.28976730 3.01905078
v 1.94281515 0.28703543 3.03022382
v 1.95121157 0.28546752 3.03851761
v 1.96268130 0.28548369 3.04170983
v 1.97415102 0.28707961 3.03894513
v 1.98254744 0.28982765 3.03096431
v 1.98562075 0.29299148 3.01990582
v 1.98254744 0.29572335 3.00873278
v 1.97415102 0.29729126 3.00043899
v 1.95799143 0.35114984 3.01154640
v 1.94654373 0.34930012 3.01424342
v 1.93816343 0.34636429 3.02217416
v 1.93509603 0.34312902 3.03321360
v 1.93816343 0.34046117 3.04440372
v 1.94654373 0.33907562 3.05274614
v 1.95799143 0.33934360 3.05600552
v 1.96943912 0.34119332 3.05330850
v 1.97781942 0.34412914 3.04537776
v 1.98088682 0.34736442 3.03433832
v 1.97781942 0.35003226 3.02314820
v 1.96943912 0.35141782 3.01480578
v 1.95201380 0.40501962 3.02585862
v 1.94059426 0.40291585 3.02848796
v 1.93223458 0.39979315 3.03636893
v 1.92917472 0.39648825 3.04738982
v 1.93223458 0.39388669 3.05859759
v 1.94059426 0.39268555 3.06698914
v 1.95201380 0.39320669 3.07031596
v 1.96343334 0.39531046 3.06768662
v 1.97179302 0.39843316 3.05980566
v 1.97485288 0.40173807 3.04878477
v 1.97179302 0.40433963 3.03757699
v 1.96343334 0.40554076 3.02918544
v 1.94473875 0.45885828 3.04016602
v 1.93335360 0.45650020 3.04272784
v 1.92501909 0.45319151 3.05055942
v 1.92196845 0.44981876 3.06156229
v 1.92501909 0.44728568 3.07278825
v 1.93335360 0.44627102 3.08122932
v 1.94473875 0.44704664 3.08462370
v 1.95612390 0.44940472 3.08206189
v 1.96445841 0.45271341 3.07423031
v 1.96750906 0.45608616 3.06322743
v 1.96445841 0.45861923 3.05200147
v 1.95612390 0.45963390 3.04356041
v 1.93615680 0.51263876 3.05445120
v 1.92481236 0.51002612 3.05694578
v 1.91650765 0.50653229 3.06472846
v 1.91346792 0.50309344 3.07571388
v 1.91650765 0.50063101 3.08695850
v 1.92481236 0.49980480 3.09544934
v 1.93615680 0.50083619 3.09891128
v 1.94750124 0.50344883 3.09641670
v 1.95580594 0.50694266 3.08863402
v 1.95884568 0.51038151 3.07764860
v 1.95580594 0.51284394 3.06640398
v 1.94750124 0.51367016 3.05791314
v 1.90779395 0.56044014 3.07721580
v 1.90375684 0.55683466 3.08781992
v 1.90574909 0.55419527 3.09925713
v 1.91323688 0.55322919 3.10846282
v 1.92421386 0.55419527 3.11297035
v 1.93573875 0.55683466 3.11157192
v 1.94472347 0.56044014 3.10464225
v 1.94876058 0.56404562 3.09403812
v 1.94676832 0.56668501 3.08260092
v 1.93928054 0.56765109 3.07339522
v 1.92830356 0.56668501 3.06888769
v 1.91677867 0.56404562 3.07028612
v 1.89742409 0.61403144 3.09032773
v 1.89279232 0.61027695 3.10063286
v 1.89412061 0.60752848 3.11214054
v 1.90105304 0.60652247 3.12176729
v 1.91173208 0.60752848 3.12693365
v 1.92329628 0.61027695 3.12625528
v 1.93264703 0.61403144 3.11991395
v 1.93727880 0.61778593 3.10960882
v 1.93595052 0.62053441 3.09810115
v 1.92901808 0.62154042 3.08847439
v 1.91833904 0.62053441 3.08330804
v 1.90677484 0.61778593 3.08398641
v 1.88571957 0.66748142 3.10348736
v 1.88055899 0.66356768 3.11347716
v 1.88127181 0.66070263 3.12501096
v 1.88766704 0.65965394 3.13499828
v 1.89803107 0.66070263 3.14076302
v 1.90958687 0.66356768 3.14076053
v 1.91923808 0.66748142 3.13499148
v 1.92439866 0.67139515 3.12500167
v 1.92368583 0.67426020 3.11346787
v 1.91729061 0.67530889 3.10348056
v 1.90692658 0.67426020 3.09771581
v 1.89537078 0.67139515 3.09771830
v 1.87266152 0.72075912 3.11666668
v 1.86703435 0.71667698 3.12633189
v 1.86718044 0.71368865 3.13785551
v 1.87306063 0.71259485 3.14814978
v 1.88309934 0.71368865 3.15445637
v 1.89460669 0.71667698 3.15508543
v 1.90449932 0.72075912 3.14986840
v 1.91012648 0.72484125 3.14020319
v 1.90998040 0.72782958 3.12867958
v 1.90410020 0.72892338 3.11838531
v 1.89406150 0.72782958 3.11207872
v 1.88255414 0.72484125 3.11144966
v 1.85823454 0.77383262 3.12983754
v 1.85219881 0.76957395 3.13917450
v 1.85182591 0.76645638 3.15065870
v 1.85721576 0.76531527 3.16121296
v 1.86692416 0.76645638 3.16800928
v 1.87834975 0.76957395 3.16922659
v 1.88843105 0.77383262 3.16453871
v 1.89446679 0.77809129 3.15520176
v 1.89483969 0.78120886 3.14371756
v 1.88944983 0.78234997 3.13316329
v 1.87974143 0.78120886 3.12636697
v 1.86831584 0.77809129 3.12514966
v 1.84242630 0.82666902 3.14297222
v 1.83603560 0.82222658 3.15198159
v 1.83518970 0.81897449 3.16340322
v 1.84011524 0.81778414 3.17417667
v 1.84949243 0.81897449 3.18141521
v 1.86080866 0.82222658 3.18317928
v 1.87103175 0.82666902 3.17899620
v 1.87742244 0.83111146 3.16998683
v 1.87826835 0.83436355 3.15856520
v 1.87334281 0.83555390 3.14779175
v 1.86396562 0.83436355 3.14055321
v 1.85264939 0.83111146 3.13878914
v 1.82522702 0.87923444 3.15604378
v 1.81853063 0.87460186 3.16472955
v 1.81725544 0.87121057 3.17607055
v 1.82174314 0.86996928 3.18702796
v 1.83079125 0.87121057 3.19466575
v 1.84197535 0.87460186 3.19693739
v 1.85229865 0.87923444 3.19323419
v 1.85899505 0.88386702 3.18454842
v 1.86027024 0.88725830 3.17320742
v 1.85578254 0.88849960 3.16225001
v 1.84673442 0.88725830 3.15461222
v 1.83555033 0.88386702 3.15234058
v 1.80662923 0.93149400 3.16902633
v 1.79967223 0.92666568 3.17739488
v 1.79800898 0.92313110 3.18864146
v 1.80208513 0.92183736 3.19975255
v 1.81080849 0.92313110 3.20775094
v 1.82184164 0.92666568 3.21049348
v 1.83222826 0.93149400 3.20724530
v 1.83918525 0.93632232 3.19887675
v 1.84084851 0.93985689 3.18763017
v 1.83677235 0.94115064 3.17651908
v 1.82804899 0.93985689 3.16852069
v 1.81701584 0.93632232 3.16577815
v 1.78662734 0.98341188 3.18189508
v 1.77945099 0.97838294 3.18995454
v 1.77743831 0.97470150 3.20109641
v 1.78112859 0.97335400 3.21233523
v 1.78953303 0.97470150 3.22065958
v 1.80039967 0.97838294 3.22383895
v 1.81081679 0.98341188 3.22102143
v 1.81799314 0.98844082 3.21296197
v 1.82000582 0.99212226 3.20182010
v 1.81631554 0.99346976 3.19058128
v 1.80791110 0.99212226 3.18225693
v 1.79704447 0.98844082 3.17907756
v 1.76521754 1.03495132 3.19462639
v 1.75785956 1.02971754 3.20238607
v 1.75553353 1.02588615 3.21341581
v 1.75886271 1.02448376 3.22476019
v 1.76695505 1.02588615 3.23337950
v 1.77764221 1.02971754 3.23696420
v 1.78806058 1.03495132 3.23455377
v 1.79541857 1.04018510 3.22679408
v 1.79774460 1.04401650 3.21576434
v 1.79441542 1.04541889 3.20441996
v 1.78632308 1.04401650 3.19580065
v 1.77563591 1.04018510 3.19221596
v 1.74239755 1.08607463 3.20719770
v 1.73489248 1.08063240 3.21466772
v 1.73228673 1.07664842 3.22558024
v 1.73527850 1.07519018 3.23701125
v 1.74306615 1.07664842 3.24589782
v 1.75356299 1.08063240 3.24985881
v 1.76395639 1.08607463 3.24783286
v 1.77146146 1.09151685 3.24036283
v 1.77406721 1.09550083 3.22945031
v 1.77107544 1.09695907 3.21801930
v 1.76328779 1.09550083 3.20913273
v 1.75279095 1.09151685 3.20517175
v 1.71816655 1.13674322 3.21958753
v 1.71054611 1.13108953 3.22677849
v 1.70769195 1.12695075 3.23757059
v 1.71036883 1.12543585 3.24907208
v 1.71785949 1.12695075 3.25820117
v 1.72815681 1.13108953 3.26251171
v 1.73850164 1.13674322 3.26084870
v 1.74612208 1.14239690 3.25365774
v 1.74897624 1.14653568 3.24286564
v 1.74629936 1.14805058 3.23136414
v 1.73880869 1.14653568 3.22223506
v 1.72851137 1.14239690 3.21792452
v 1.69252513 1.18691764 3.23177539
v 1.68481851 1.18105003 3.23869813
v 1.68174510 1.17675464 3.24936813
v 1.68412841 1.17518242 3.26092637
v 1.69132985 1.17675464 3.27027584
v 1.70141979 1.18105003 3.27491135
v 1.71169463 1.18691764 3.27359082
v 1.71940125 1.19278526 3.26666808
v 1.72247466 1.19708065 3.25599808
v 1.72009134 1.19865287 3.24443984
v 1.71288991 1.19708065 3.23509037
v 1.70279997 1.19278526 3.23045486
v 1.66547524 1.23655765 3.24374173
v 1.65770939 1.23047417 3.25040717
v 1.65444392 1.22602075 3.26095462
v 1.65655379 1.22439068 3.27255792
v 1.66347367 1.22602075 3.28210796
v 1.67334939 1.23047417 3.28704582
v 1.68353474 1.23655765 3.28604840
v 1.69130059 1.24264114 3.27938296
v 1.69456606 1.24709456 3.26883551
v 1.69245619 1.24872462 3.25723221
v 1.68553631 1.24709456 3.24768217
v 1.67566059 1.24264114 3.24274431
v 1.63702020 1.28562220 3.25546788
v 1.62922012 1.27932140 3.26188689
v 1.62578795 1.27470890 3.27231235
v 1.62764333 1.27302061 3.28395075
v 1.63428912 1.27470890 3.29368359
v 1.64394459 1.27932140 3.29890297
v 1.65402255 1.28562220 3.29821036
v 1.66182263 1.29192300 3.29179134
v 1.66525481 1.29653550 3.28136589
v 1.66339942 1.29822379 3.26972749
v 1.65675363 1.29653550 3.25999465
v 1.64709817 1.29192300 3.25477526
v 1.60716475 1.33406952 3.26693596
v 1.59935366 1.32755046 3.27311932
v 1.59577850 1.32277818 3.28342411
v 1.59739723 1.32103140 3.29508917
v 1.60377610 1.32277818 3.30498886
v 1.61320592 1.32755046 3.31047056
v 1.62315996 1.33406952 3.31006546
v 1.63097104 1.34058858 3.30388210
v 1.63454620 1.34536087 3.29357731
v 1.63292748 1.34710764 3.28191225
v 1.62654860 1.34536087 3.27201257
v 1.61711879 1.34058858 3.26653086
v 1.57591500 1.38185718 3.27812892
v 1.56811460 1.37511938 3.28408719
v 1.56441866 1.37018697 3.29427328
v 1.56581750 1.36838158 3.30595784
v 1.57193631 1.37018697 3.31601000
v 1.58113555 1.37511938 3.32173629
v 1.59095030 1.38185718 3.32160236
v 1.59875070 1.38859498 3.31564409
v 1.60244664 1.39352739 3.30545800
v 1.60104780 1.39533278 3.29377344
v 1.59492899 1.39352739 3.28372128
v 1.58572975 1.38859498 3.27799499
v 1.54327857 1.42894212 3.28903038
v 1.53550918 1.42198557 3.29477391
v 1.53171329 1.41689303 3.30484379
v 1.53290801 1.41502903 3.31654179
v 1.53877322 1.41689303 3.32673345
v 1.54773734 1.42198557 3.33268792
v 1.55739843 1.42894212 3.33280971
v 1.56516782 1.43589866 3.32706618
v 1.56896371 1.44099121 3.31699631
v 1.56776899 1.44285521 3.30529831
v 1.56190378 1.44099121 3.29510664
v 1.55293966 1.43589866 3.28915217
v 1.50926455 1.47528073 3.29962472
v 1.50154527 1.46810589 3.30516361
v 1.49766903 1.46285353 3.31512015
v 1.49867446 1.46093104 3.32682648
v 1.50429216 1.46285353 3.33714591
v 1.51301687 1.46810589 3.34331335
v 1.52251082 1.47528073 3.34367624
v 1.53023010 1.48245558 3.33813734
v 1.53410635 1.48770793 3.32818080
v 1.53310092 1.48963042 3.31647447
v 1.52748322 1.48770793 3.30615504
v 1.51875850 1.48245558 3.29998760
v 1.47388363 1.52082893 3.30989693
v 1.46623246 1.51343669 3.31524105
v 1.46229431 1.50802519 3.32508745
v 1.46312440 1.50604444 3.33679782
v 1.46850030 1.50802519 3.34723437
v 1.47698154 1.51343669 3.35360062
v 1.48629560 1.52082893 3.35419076
v 1.49394676 1.52822118 3.34884665
v 1.49788491 1.53363268 3.33900024
v 1.49705483 1.53561342 3.32728987
v 1.49167893 1.53363268 3.31685333
v 1.48319768 1.52822118 3.31048707
v 1.43714806 1.56554222 3.31983271
v 1.42958205 1.55793392 3.32499163
v 1.42559940 1.55236426 3.33473136
v 1.42626726 1.55032562 3.34644217
v 1.43140668 1.55236426 3.35698615
v 1.43964055 1.55793392 3.36353805
v 1.44876262 1.56554222 3.36434229
v 1.45632863 1.57315052 3.35918337
v 1.46031128 1.57872018 3.34944364
v 1.45964342 1.58075882 3.33773283
v 1.45450400 1.57872018 3.32718885
v 1.44627013 1.57315052 3.32063695
v 1.39907180 1.60937577 3.32941836
v 1.39160709 1.60155321 3.33440140
v 1.38759640 1.59582669 3.34403813
v 1.38811439 1.59373064 3.35574639
v 1.39302227 1.59582669 3.36638897
v 1.40100497 1.60155321 3.37311419
v 1.40992354 1.60937577 3.37412003
v 1.41738825 1.61719834 3.36913699
v 1.42139894 1.62292485 3.35950027
v 1.42088095 1.62502090 3.34779201
v 1.41597307 1.62292485 3.33714943
v 1.40799036 1.61719834 3.33042421
v 1.35967047 1.65228449 3.33864080
v 1.35232240 1.64424988 3.34345704
v 1.34829925 1.63836814 3.35299458
v 1.34867902 1.63621528 3.36469783
v 1.35335994 1.63836814 3.37543092
v 1.36108777 1.64424988 3.38231793
v 1.36979184 1.65228449 3.38351349
v 1.37713991 1.66031909 3.37869725
v 1.38116306 1.66620083 3.36915971
v 1.38078329 1.66835370 3.35745646
v 1.37610237 1.66620083 3.34672337
v 1.36837454 1.66031909 3.33983636
v 1.31896147 1.69422312 3.34748758
v 1.31174465 1.68597914 3.35214584
v 1.30772381 1.67994412 3.36158811
v 1.30797631 1.67773515 3.37328435
v 1.31243451 1.67994412 3.38410054
v 1.31990383 1.68597914 3.39113850
v 1.32838288 1.69422312 3.39251242
v 1.33559969 1.70246710 3.38785416
v 1.33962054 1.70850212 3.37841189
v 1.33936803 1.71071109 3.36671565
v 1.33490983 1.70850212 3.35589946
v 1.32744051 1.70246710 3.34886150
v 1.27696398 1.73514633 3.35594682
v 1.26989234 1.72669606 3.36045570
v 1.26588781 1.72051003 3.36980674
v 1.26602340 1.71824579 3.38149434
v 1.27026278 1.72051003 3.39238681
v 1.27747002 1.72669606 3.39956553
v 1.28571393 1.73514633 3.40110696
v 1.29278557 1.74359660 3.39659809
v 1.29679009 1.74978262 3.38724704
v 1.29665450 1.75204687 3.37555945
v 1.29241512 1.74978262 3.36466697
v 1.28520789 1.74359660 3.35748826
v 1.23369901 1.77500878 3.36400728
v 1.22678584 1.76635574 3.36837514
v 1.22281093 1.76002128 3.37763904
v 1.22283937 1.75770271 3.38931673
v 1.22686353 1.76002128 3.40027919
v 1.23380514 1.76635574 3.40758903
v 1.24180420 1.77500878 3.40928759
v 1.24871738 1.78366181 3.40491973
v 1.25269228 1.78999627 3.39565583
v 1.25266385 1.79231485 3.38397814
v 1.24863969 1.78999627 3.37301568
v 1.24169808 1.78366181 3.36570584
v 1.18918945 1.81376525 3.37165830
v 1.18244743 1.80491339 3.37589327
v 1.17851479 1.79843338 3.38507417
v 1.17844527 1.79606154 3.39674099
v 1.18225751 1.79843338 3.40776761
v 1.18893001 1.80491339 3.41519945
v 1.19667489 1.81376525 3.41704517
v 1.20341691 1.82261710 3.41281020
v 1.20734955 1.82909711 3.40362929
v 1.20741906 1.83146895 3.39196248
v 1.20360683 1.82909711 3.38093586
v 1.19693433 1.82261710 3.37350401
v 1.14346004 1.85137070 3.37888980
v 1.13690131 1.84232438 3.38299982
v 1.13302295 1.83570202 3.39210190
v 1.13286417 1.83327807 3.40375713
v 1.13646751 1.83570202 3.41484250
v 1.14286746 1.84232438 3.42238770
v 1.15034917 1.85137070 3.42437100
v 1.15690790 1.86041701 3.42026097
v 1.16078626 1.86703937 3.41115890
v 1.16094504 1.86946332 3.39950367
v 1.15734170 1.86703937 3.38841829
v 1.15094175 1.86041701 3.38087309
v 1.09653747 1.88778040 3.38569231
v 1.09017360 1.87854440 3.38968514
v 1.08636094 1.87178318 3.39871258
v 1.08612109 1.86930841 3.41035574
v 1.08951832 1.87178318 3.42149484
v 1.09564233 1.87854440 3.42914516
v 1.10285222 1.88778040 3.43125682
v 1.10921609 1.89701639 3.42726399
v 1.11302874 1.90377761 3.41823654
v 1.11326860 1.90625239 3.40659339
v 1.10987137 1.90377761 3.39545429
v 1.10374736 1.89701639 3.38780397
v 1.04845033 1.92295001 3.39205698
v 1.04229240 1.91352951 3.39594017
v 1.03855629 1.90663323 3.40489717
v 1.03824310 1.90410901 3.41652796
v 1.04143674 1.90663323 3.42771609
v 1.04728149 1.91352951 3.43546369
v 1.05421124 1.92295001 3.43769481
v 1.06036918 1.93237050 3.43381162
v 1.06410529 1.93926678 3.42485462
v 1.06441848 1.94179100 3.41322382
v 1.06122483 1.93926678 3.40203570
v 1.05538008 1.93237050 3.39428810
v 0.99922916 1.95683568 3.39797551
v 0.99328771 1.94723626 3.40175645
v 0.98963846 1.94020900 3.41064721
v 0.98925922 1.93763684 3.42226553
v 0.99225160 1.94020900 3.43349828
v 0.99781381 1.94723626 3.44133567
v 1.00445545 1.95683568 3.44367766
v 1.01039690 1.96643509 3.43989672
v 1.01404616 1.97346236 3.43100596
v 1.01442540 1.97603451 3.41938764
v 1.01143301 1.97346236 3.40815489
v 1.00587080 1.96643509 3.40031750
v 0.94890644 1.98939417 3.40344026
v 0.94319153 1.97962181 3.40712615
v 0.93963891 1.97246794 3.41595486
v 0.93920048 1.96984944 3.42756074
v 0.94199373 1.97246794 3.43883400
v 0.94727021 1.97962181 3.44675398
v 0.95361609 1.98939417 3.44919852
v 0.95933099 1.99916654 3.44551263
v 0.96288362 2.00632041 3.43668392
v 0.96332205 2.00893890 3.42507804
v 0.96052880 2.00632041 3.41380478
v 0.95525232 1.99916654 3.40588480
v 0.89751658 2.02058295 3.40844414
v 0.89203780 2.01064399 3.41204206
v 0.88859105 2.00336816 3.42081289
v 0.88809991 2.00070502 3.43240649
v 0.89069596 2.00336816 3.44371637
v 0.89568360 2.01064399 3.45171205
v 0.90172640 2.02058295 3.45425110
v 0.90720518 2.03052191 3.45065318
v 0.91065193 2.03779774 3.44188235
v 0.91114307 2.04046087 3.43028874
v 0.90854702 2.03779774 3.41897887
v 0.90355938 2.03052191 3.41098319
v 0.84509594 2.05036028 3.41298070
v 0.83986236 2.04026144 3.41649755
v 0.83653026 2.03286858 3.42521465
v 0.83599247 2.03016260 3.43679626
v 0.83839310 2.03286858 3.44813909
v 0.84308889 2.04026144 3.45620384
v 0.84882162 2.05036028 3.45882958
v 0.85405520 2.06045911 3.45531272
v 0.85738730 2.06785197 3.44659562
v 0.85792509 2.07055795 3.43501402
v 0.85552446 2.06785197 3.42367119
v 0.85082867 2.06045911 3.41560643
v 0.79168279 2.07868533 3.41704410
v 0.78670303 2.06843371 3.42048665
v 0.78349383 2.06092899 3.42915414
v 0.78291511 2.05818208 3.44072413
v 0.78512192 2.06092899 3.45209645
v 0.78952296 2.06843371 3.46022389
v 0.79493898 2.07868533 3.46292871
v 0.79991874 2.08893696 3.45948615
v 0.80312794 2.09644167 3.45081866
v 0.80370666 2.09918859 3.43924867
v 0.80149985 2.09644167 3.42787635
v 0.79709881 2.08893696 3.41974892
v 0.73731730 2.10551832 3.42062909
v 0.73259948 2.09512133 3.42400398
v 0.72952096 2.08751020 3.43262596
v 0.72890665 2.08472434 3.44418480
v 0.73092114 2.08751020 3.45558330
v 0.73502465 2.09512133 3.46376726
v 0.74011764 2.10551832 3.46654378
v 0.74483547 2.11591531 3.46316889
v 0.74791398 2.12352644 3.45454691
v 0.74852830 2.12631230 3.44298807
v 0.74651381 2.12352644 3.43158957
v 0.74241030 2.11591531 3.42340561
v 0.68204151 2.13082055 3.42373107
v 0.67759328 2.12028596 3.42704478
v 0.67465275 2.11257410 3.43562532
v 0.67400784 2.10975137 3.44717354
v 0.67583136 2.11257410 3.45859511
v 0.67963468 2.12028596 3.46682961
v 0.68439872 2.13082055 3.46967063
v 0.68884696 2.14135515 3.46635692
v 0.69178748 2.14906700 3.45777638
v 0.69243239 2.15188974 3.44622816
v 0.69060888 2.14906700 3.43480660
v 0.68680555 2.14135515 3.42657209
v 0.62589930 2.15455457 3.42634603
v 0.62172783 2.14389046 3.42960495
v 0.61893212 2.13608378 3.43814807
v 0.61826128 2.13322634 3.44968627
v 0.61989506 2.13608378 3.46112790
v 0.62339570 2.14389046 3.46940719
v 0.62782520 2.15455457 3.47230569
v 0.63199667 2.16521869 3.46904677
v 0.63479238 2.17302536 3.46050365
v 0.63546322 2.17588280 3.44896544
v 0.63382943 2.17302536 3.43752381
v 0.63032880 2.16521869 3.42924453
v 0.56893636 2.17668424 3.42847058
v 0.56504833 2.16589899 3.43168096
v 0.56240380 2.15800363 3.44019066
v 0.56171136 2.15511373 3.45171950
v 0.56315656 2.15800363 3.46317834
v 0.56635216 2.16589899 3.47149679
v 0.57044189 2.17668424 3.47444593
v 0.57432993 2.18746950 3.47123555
v 0.57697446 2.19536485 3.46272585
v 0.57766690 2.19825476 3.45119701
v 0.57622170 2.19536485 3.43973817
v 0.57302610 2.18746950 3.43141972
v 0.51120014 2.19717486 3.43010197
v 0.50760174 2.18627713 3.43326996
v 0.50511428 2.17829944 3.44175018
v 0.50440426 2.17537940 3.45327035
v 0.50566193 2.17829944 3.46474366
v 0.50855030 2.18627713 3.47309584
v 0.51229544 2.19717486 3.47608893
v 0.51589383 2.20807258 3.47292093
v 0.51838130 2.21605028 3.46444071
v 0.51909132 2.21897031 3.45292054
v 0.51783365 2.21605028 3.44144724
v 0.51494527 2.20807258 3.43309506
v 0.45273978 2.21599322 3.43123806
v 0.44943673 2.20499195 3.43436969
v 0.44711176 2.19693847 3.44282434
v 0.44638785 2.19399069 3.45433658
v 0.44745897 2.19693847 3.46582172
v 0.45003811 2.20499195 3.47420232
v 0.45343419 2.21599322 3.47723282
v 0.45673724 2.22699449 3.47410118
v 0.45906221 2.23504797 3.46564654
v 0.45978612 2.23799575 3.45413430
v 0.45871500 2.23504797 3.44264916
v 0.45613586 2.22699449 3.43426855
v 0.39360609 2.23310776 3.43187733
v 0.39060360 2.22201215 3.43497854
v 0.38844610 2.21388959 3.44341147
v 0.38771169 2.21091653 3.45491654
v 0.38859716 2.21388959 3.46641098
v 0.39086525 2.22201215 3.47481484
v 0.39390821 2.23310776 3.47787634
v 0.39691070 2.24420338 3.47477514
v 0.39906820 2.25232594 3.46634220
v 0.39980261 2.25529900 3.45483713
v 0.39891714 2.25232594 3.44334270
v 0.39664905 2.24420338 3.43493883
v 0.33385145 2.24848863 3.43201890
v 0.33115424 2.23730808 3.43509550
v 0.32916871 2.22912335 3.44351054
v 0.32842690 2.22612753 3.45500923
v 0.32912757 2.22912335 3.46651051
v 0.33108297 2.23730808 3.47493260
v 0.33376916 2.24848863 3.47801883
v 0.33646638 2.25966918 3.47494223
v 0.33845190 2.26785391 3.46652719
v 0.33919371 2.27084973 3.45502849
v 0.33849305 2.26785391 3.44352722
v 0.33653764 2.25966918 3.43510513
v 0.27352979 2.26210775 3.43166249
v 0.27114207 2.25085190 3.43472021
v 0.26933257 2.24261204 3.44312114
v 0.26858614 2.23959604 3.45461425
v 0.26910280 2.24261204 3.46611999
v 0.27074409 2.25085190 3.47455539
v 0.27307025 2.26210775 3.47766020
v 0.27545798 2.27336361 3.47460248
v 0.27726748 2.28160346 3.46620156
v 0.27801390 2.28461946 3.45470844
v 0.27749725 2.28160346 3.44320271
v 0.27585595 2.27336361 3.43476730
v 0.21269647 2.27393896 3.43080847
v 0.21062195 2.26261762 3.43385293
v 0.20899206 2.25432983 3.44224346
v 0.20824352 2.25129628 3.45373182
v 0.20857690 2.25432983 3.46523972
v 0.20990288 2.26261762 3.47368361
v 0.21186617 2.27393896 3.47680097
v 0.21394069 2.28526030 3.47375651
v 0.21557058 2.29354809 3.46536598
v 0.21631912 2.29658164 3.45387761
v 0.21598574 2.29354809 3.44236972
v 0.21465976 2.28526030 3.43392583
v 0.15140823 2.28395805 3.42945779
v 0.14965012 2.27258122 3.43249455
v 0.14820296 2.26425280 3.44087836
v 0.14745452 2.26120439 3.45236279
v 0.14760533 2.26425280 3.46387060
v 0.14861500 2.27258122 3.47231827
v 0.15021298 2.28395805 3.47544226
v 0.15197109 2.29533488 3.47240550
v 0.15341825 2.30366330 3.46402169
v 0.15416670 2.30671171 3.45253726
v 0.15401588 2.30366330 3.44102946
v 0.15300621 2.29533488 3.43258179
v 0.08972309 2.29214286 3.42761207
v 0.08828408 2.28072068 3.43064657
v 0.08702233 2.27235907 3.43902729
v 0.08627591 2.26929850 3.45050862
v 0.08624482 2.27235907 3.46201415
v 0.08693741 2.28072068 3.47046097
v 0.08816808 2.29214286 3.47358578
v 0.08960708 2.30356504 3.47055127
v 0.09086883 2.31192666 3.46217055
v 0.09161525 2.31498722 3.45068922
v 0.09164634 2.31192666 3.43918369
v 0.09095376 2.30356504 3.43073687
v 0.02770027 2.29847337 3.42527349
v 0.02658256 2.28701611 3.42831111
v 0.02550843 2.27862882 3.43669232
v 0.02476567 2.27555885 3.44817138
v 0.02455332 2.27862882 3.45967248
v 0.02492827 2.28701611 3.46811392
v 0.02579005 2.29847337 3.47123381
v 0.02690775 2.30993062 3.46819619
v 0.02798189 2.31831792 3.45981498
v 0.02872465 2.32138788 3.44833593
v 0.02893700 2.31831792 3.43683482
v 0.02856205 2.30993062 3.42839339
v -0.03459989 2.30293172 3.42244490
v -0.03539461 2.29144977 3.42549092
v -0.03627938 2.28304439 3.43387615
v -0.03701711 2.27996781 3.44535376
v -0.03741013 2.28304439 3.45684834
v -0.03735313 2.29144977 3.46527992
v -0.03686139 2.30293172 3.46838927
v -0.03606666 2.31441367 3.46534324
v -0.03518189 2.32281905 3.45695802
v -0.03444416 2.32589563 3.44548041
v -0.03405114 2.32281905 3.43398583
v -0.03410814 2.31441367 3.42555425
v -0.09711603 2.30550234 3.41912970
v -0.09758661 2.29400616 3.42218935
v -0.09828071 2.28559037 3.43058208
v -0.09901233 2.28250997 3.44205906
v -0.09958544 2.28559037 3.45354504
v -0.09984647 2.29400616 3.46196237
v -0.09972549 2.30550234 3.46505563
v -0.09925491 2.31699852 3.46199598
v -0.09856081 2.32541431 3.45360326
v -0.09782919 2.32849471 3.44212628
v -0.09725608 2.32541431 3.43064030
v -0.09699505 2.31699852 3.42222296
v -0.15978590 2.30617196 3.41533195
v -0.15993168 2.29467208 3.41841036
v -0.16043426 2.28625358 3.42681402
v -0.16115897 2.28317220 3.43829117
v -0.16191162 2.28625358 3.44976652
v -0.16249054 2.29467208 3.45816526
v -0.16274061 2.30617196 3.46123696
v -0.16259482 2.31767184 3.45815855
v -0.16209224 2.32609034 3.44975489
v -0.16136754 2.32917172 3.43827774
v -0.16061489 2.32609034 3.42680239
v -0.16003597 2.31767184 3.41840365
v -0.22254642 2.30492969 3.41105627
v -0.22236726 2.29343669 3.41415851
v -0.22267793 2.28502323 3.42257649
v -0.22339520 2.28194369 3.43405460
v -0.22432686 2.28502323 3.44551730
v -0.22522328 2.29343669 3.45389317
v -0.22584427 2.30492969 3.45693790
v -0.22602343 2.31642270 3.45383566
v -0.22571275 2.32483616 3.44541769
v -0.22499549 2.32791570 3.43393957
v -0.22406382 2.32483616 3.42247687
v -0.22316740 2.31642270 3.41410100
v -0.28533381 2.30176707 3.40630789
v -0.28483007 2.29029154 3.40943897
v -0.28494891 2.28189087 3.41787460
v -0.28565848 2.27881602 3.42935445
v -0.28676865 2.28189087 3.44080250
v -0.28798196 2.29029154 3.44915126
v -0.28897329 2.30176707 3.45216368
v -0.28947703 2.31324259 3.44903260
v -0.28935820 2.32164326 3.44059697
v -0.28864863 2.32471811 3.42911712
v -0.28753845 2.32164326 3.41766907
v -0.28632514 2.31324259 3.40932031
v -0.34808370 2.29667807 3.40109261
v -0.34725626 2.28523063 3.40425749
v -0.34718377 2.27685052 3.41271406
v -0.34788567 2.27378318 3.42419640
v -0.34917388 2.27685052 3.43562780
v -0.35070323 2.28523063 3.44394525
v -0.35206392 2.29667807 3.44692009
v -0.35289137 2.30812552 3.44375521
v -0.35296385 2.31650563 3.43529864
v -0.35226195 2.31957296 3.42381631
v -0.35097374 2.31650563 3.41238490
v -0.34944440 2.30812552 3.40406745
v -0.41073125 2.28965922 3.39541684
v -0.40958147 2.27825044 3.39862041
v -0.40931864 2.26989863 3.40710118
v -0.41001317 2.26684166 3.41858672
v -0.41147897 2.26989863 3.42999949
v -0.41332327 2.27825044 3.43828146
v -0.41505191 2.28965922 3.44121347
v -0.41620168 2.30106800 3.43800990
v -0.41646452 2.30941980 3.42952914
v -0.41576999 2.31247678 3.41804359
v -0.41430419 2.30941980 3.40663082
v -0.41245988 2.30106800 3.39834885
v -0.47321123 2.28070953 3.38928753
v -0.47174101 2.26934996 3.39253465
v -0.47128924 2.26103418 3.40104281
v -0.47197698 2.25799040 3.41253226
v -0.47361995 2.26103418 3.42392441
v -0.47577791 2.26934996 3.43216675
v -0.47787265 2.28070953 3.43505074
v -0.47934287 2.29206910 3.43180362
v -0.47979464 2.30038488 3.42329546
v -0.47910690 2.30342867 3.41180601
v -0.47746393 2.30038488 3.40041386
v -0.47530596 2.29206910 3.39217152
v -0.53545817 2.26983062 3.38271222
v -0.53366988 2.25853075 3.38600768
v -0.53303106 2.25025867 3.39454640
v -0.53371287 2.24723088 3.40604044
v -0.53553262 2.25025867 3.41740996
v -0.53800272 2.25853075 3.42560852
v -0.54046130 2.26983062 3.42843933
v -0.54224959 2.28113049 3.42514386
v -0.54288842 2.28940256 3.41660514
v -0.54220661 2.29243035 3.40511111
v -0.54038685 2.28940256 3.39374159
v -0.53791675 2.28113049 3.38554302
v -0.59740648 2.25702664 3.37569898
v -0.59530300 2.24579689 3.37904758
v -0.59447944 2.23757613 3.38761998
v -0.59515646 2.23456713 3.39911922
v -0.59715266 2.23757613 3.41046410
v -0.59993316 2.24579689 3.41861475
v -0.60275292 2.25702664 3.42138723
v -0.60485639 2.26825640 3.41803864
v -0.60567995 2.27647715 3.40946624
v -0.60500293 2.27948616 3.39796699
v -0.60300673 2.27647715 3.38662211
v -0.60022624 2.26825640 3.37847146
v -0.65899052 2.24230438 3.36825646
v -0.65657524 2.23115505 3.37166292
v -0.65556972 2.22299318 3.38027209
v -0.65624338 2.22000572 3.39177715
v -0.65841572 2.22299318 3.40309533
v -0.66150467 2.23115505 3.41119393
v -0.66468253 2.24230438 3.41390294
v -0.66709781 2.25345371 3.41049648
v -0.66810334 2.26161559 3.40188731
v -0.66742968 2.26460304 3.39038225
v -0.66525733 2.26161559 3.37906407
v -0.66216839 2.25345371 3.37096547
v -0.72014481 2.22567321 3.36039382
v -0.71742158 2.21461451 3.36386287
v -0.71623732 2.20651898 3.37251187
v -0.71690934 2.20355581 3.38402330
v -0.71925758 2.20651898 3.39531270
v -0.72265282 2.21461451 3.40335508
v -0.72618532 2.22567321 3.40599549
v -0.72890854 2.23673191 3.40252643
v -0.73009280 2.24482744 3.39387744
v -0.72942078 2.24779061 3.38236600
v -0.72707255 2.24482744 3.37107660
v -0.72367730 2.23673191 3.36303423
v -0.78080404 2.20714509 3.35212075
v -0.77777723 2.19618709 3.35565712
v -0.77641791 2.18816528 3.36434895
v -0.77709031 2.18522910 3.37586727
v -0.77961425 2.18816528 3.38712577
v -0.78331345 2.19618709 3.39510772
v -0.78719671 2.20714509 3.39767438
v -0.79022351 2.21810308 3.39413801
v -0.79158283 2.22612489 3.38544618
v -0.79091044 2.22906108 3.37392786
v -0.78838650 2.22612489 3.36266936
v -0.78468730 2.21810308 3.35468741
v -0.84090328 2.18673458 3.34344746
v -0.83757774 2.17588721 3.34705586
v -0.83604750 2.16794639 3.35579352
v -0.83672259 2.16503984 3.36731921
v -0.83942211 2.16794639 3.37854461
v -0.84342273 2.17588721 3.38646190
v -0.84765250 2.18673458 3.38894964
v -0.85097804 2.19758195 3.38534124
v -0.85250828 2.20552277 3.37660357
v -0.85183319 2.20842931 3.36507789
v -0.84913367 2.20552277 3.35385249
v -0.84513304 2.19758195 3.34593520
v -0.90037806 2.16445883 3.33438467
v -0.89675912 2.15373185 3.33806982
v -0.89506256 2.14587916 3.34685629
v -0.89574296 2.14300487 3.35838975
v -0.89861802 2.14587916 3.36957982
v -0.90291737 2.15373185 3.37742812
v -0.90748899 2.16445883 3.37983173
v -0.91110793 2.17518581 3.37614658
v -0.91280450 2.18303850 3.36736011
v -0.91212409 2.18591279 3.35582665
v -0.90924903 2.18303850 3.34463658
v -0.90494969 2.17518581 3.33678827
v -0.95916449 2.14033754 3.32494360
v -0.95525797 2.12974053 3.32871025
v -0.95340014 2.12198298 3.33754846
v -0.95408881 2.11914352 3.34909005
v -0.95713945 2.12198298 3.36024246
v -0.96173465 2.12974053 3.36801740
v -0.96664312 2.14033754 3.37033159
v -0.97054964 2.15093455 3.36656495
v -0.97240747 2.15869210 3.35772673
v -0.97171879 2.16153156 3.34618514
v -0.96866815 2.15869210 3.33503273
v -0.96407296 2.15093455 3.32725779
v -1.01719937 2.11439295 3.31513593
v -1.01301158 2.10393530 3.31898886
v -1.01099802 2.09627977 3.32788175
v -1.01169824 2.09347765 3.33943177
v -1.01492461 2.09627977 3.35054409
v -1.01981263 2.10393530 3.35824119
v -1.02505255 2.11439295 3.36046062
v -1.02924035 2.12485060 3.35660769
v -1.03125390 2.13250613 3.34771480
v -1.03055368 2.13530825 3.33616478
v -1.02732731 2.13250613 3.32505246
v -1.02243930 2.12485060 3.31735536
v -1.07442034 2.08664979 3.30497383
v -1.06995806 2.07634068 3.30891787
v -1.06779480 2.06879388 3.31786836
v -1.06851020 2.06603157 3.32942703
v -1.07191256 2.06879388 3.34049675
v -1.07709022 2.07634068 3.34811139
v -1.08265585 2.08664979 3.35023062
v -1.08711812 2.09695891 3.34628658
v -1.08928138 2.10450570 3.33733609
v -1.08856599 2.10726802 3.32577742
v -1.08516363 2.10450570 3.31470770
v -1.07998596 2.09695891 3.30709306
v -1.13076594 2.05713528 3.29446993
v -1.12603648 2.04698366 3.29850997
v -1.12373002 2.03955215 3.30752096
v -1.12446457 2.03683203 3.31908844
v -1.12804332 2.03955215 3.33011290
v -1.13350733 2.04698366 3.33764034
v -1.13939254 2.05713528 3.33965380
v -1.14412200 2.06728690 3.33561377
v -1.14642846 2.07471841 3.32660277
v -1.14569391 2.07743853 3.31503529
v -1.14211517 2.07471841 3.30401083
v -1.13665115 2.06728690 3.29648339
v -1.18617578 2.02587903 3.28363730
v -1.18118692 2.01589362 3.28777831
v -1.17874427 2.00858379 3.29685273
v -1.17950235 2.00590820 3.30842907
v -1.18325802 2.00858379 3.31940547
v -1.18900496 2.01589362 3.32684080
v -1.19520328 2.02587903 3.32874278
v -1.20019214 2.03586444 3.32460178
v -1.20263479 2.04317427 3.31552736
v -1.20187671 2.04584985 3.30395102
v -1.19812103 2.04317427 3.29297462
v -1.19237410 2.03586444 3.28553929
v -1.24059058 1.99291303 3.27248946
v -1.23535062 1.98310230 3.27673651
v -1.23277934 1.97592034 3.28587726
v -1.23356571 1.97329157 3.29746243
v -1.23749902 1.97592034 3.30838780
v -1.24352536 1.98310230 3.31572592
v -1.25002996 1.99291303 3.31751054
v -1.25526992 2.00272376 3.31326349
v -1.25784120 2.00990571 3.30412274
v -1.25705483 2.01253449 3.29253757
v -1.25312152 2.00990571 3.28161220
v -1.24709518 2.00272376 3.27427408
v -1.29395235 1.95827157 3.26104033
v -1.28847011 1.94864373 3.26539863
v -1.28577827 1.94159567 3.27460862
v -1.28659813 1.93901590 3.28620249
v -1.29070999 1.94159567 3.29707366
v -1.29701210 1.94864373 3.30430923
v -1.30381579 1.95827157 3.30597041
v -1.30929804 1.96789941 3.30161211
v -1.31198987 1.97494748 3.29240212
v -1.31117002 1.97752725 3.28080825
v -1.30705815 1.97494748 3.26993708
v -1.30075605 1.96789941 3.26270151
v -1.34620443 1.92199122 3.24930427
v -1.34048925 1.91255420 3.25377916
v -1.33768553 1.90564583 3.26306133
v -1.33854452 1.90311719 3.27466363
v -1.34283605 1.90564583 3.28547722
v -1.34941022 1.91255420 3.29260462
v -1.35650548 1.92199122 3.29413605
v -1.36222066 1.93142823 3.28966115
v -1.36502438 1.93833660 3.28037899
v -1.36416539 1.94086524 3.26877669
v -1.35987385 1.93833660 3.25796310
v -1.35329969 1.93142823 3.25083569
v -1.39729160 1.88411068 3.23729604
v -1.39135340 1.87487215 3.24189304
v -1.38844706 1.86810907 3.25125034
v -1.38935132 1.86563361 3.26286066
v -1.39382389 1.86810907 3.27361302
v -1.40066635 1.87487215 3.28062634
v -1.40804526 1.88411068 3.28202141
v -1.41398346 1.89334921 3.27742441
v -1.41688981 1.90011229 3.26806711
v -1.41598554 1.90258775 3.25645679
v -1.41151297 1.90011229 3.24570442
v -1.40467051 1.89334921 3.23869110
v -1.44716018 1.84467080 3.22503079
v -1.44100946 1.83563809 3.22975562
v -1.43801040 1.82902569 3.23919103
v -1.43896660 1.82660539 3.25080881
v -1.44362185 1.82902569 3.26149599
v -1.45072878 1.83563809 3.26838895
v -1.45838309 1.84467080 3.26964073
v -1.46453381 1.85370350 3.26491590
v -1.46753287 1.86031590 3.25548049
v -1.46657667 1.86273621 3.24386271
v -1.46192142 1.86031590 3.23317552
v -1.45481449 1.85370350 3.22628256
v -1.49575812 1.80371443 3.21252407
v -1.48940598 1.79489460 3.21738268
v -1.48632481 1.78843803 3.22689920
v -1.48734020 1.78607477 3.23852371
v -1.49218008 1.78843803 3.24914141
v -1.49954761 1.79489460 3.25590731
v -1.50746867 1.80371443 3.25700849
v -1.51382081 1.81253426 3.25214988
v -1.51690198 1.81899082 3.24263336
v -1.51588659 1.82135409 3.23100885
v -1.51104671 1.81899082 3.22039115
v -1.50367918 1.81253426 3.21362525
v -1.54303507 1.76128637 3.19979181
v -1.53649328 1.75268614 3.20479042
v -1.53334133 1.74639033 3.21439111
v -1.53442378 1.74408590 3.22602137
v -1.53945059 1.74639033 3.23656489
v -1.54707484 1.75268614 3.24319655
v -1.55525360 1.76128637 3.24413939
v -1.56179539 1.76988660 3.23914078
v -1.56494734 1.77618241 3.22954010
v -1.56386489 1.77848684 3.21790983
v -1.55883807 1.77618241 3.20736631
v -1.55121383 1.76988660 3.20073465
v -1.58894243 1.71743329 3.18685032
v -1.58222347 1.70905904 3.19199548
v -1.57901289 1.70292866 3.20168340
v -1.58017098 1.70068479 3.21331822
v -1.58538741 1.70292866 3.22378239
v -1.59326446 1.70905904 3.23027206
v -1.60169148 1.71743329 3.23104831
v -1.60841044 1.72580753 3.22590315
v -1.61162101 1.73193791 3.21621523
v -1.61046293 1.73418178 3.20458041
v -1.60524649 1.73193791 3.19411624
v -1.59736945 1.72580753 3.18762658
v -1.63343347 1.67220359 3.17371630
v -1.62655058 1.66406137 3.17901490
v -1.62329442 1.65810085 3.18879318
v -1.62453748 1.65591915 3.20043106
v -1.62994667 1.65810085 3.21081017
v -1.63807261 1.66406137 3.21714944
v -1.64673797 1.67220359 3.21775027
v -1.65362086 1.68034581 3.21245167
v -1.65687702 1.68630633 3.20267339
v -1.65563397 1.68848803 3.19103551
v -1.65022477 1.68630633 3.18065640
v -1.64209883 1.68034581 3.17431713
v -1.67646334 1.62564737 3.16040683
v -1.66943062 1.61774286 3.16586619
v -1.66614289 1.61195635 3.17573799
v -1.66748111 1.60983835 3.18737707
v -1.67308669 1.61195635 3.19766477
v -1.68145762 1.61774286 3.20384449
v -1.69035093 1.62564737 3.20426039
v -1.69738365 1.63355188 3.19880102
v -1.70067137 1.63933839 3.18892922
v -1.69933315 1.64145639 3.17729014
v -1.69372757 1.63933839 3.16700244
v -1.68535664 1.63355188 3.16082272
v -1.71798912 1.57781628 3.14693938
v -1.71082162 1.57015478 3.15256730
v -1.70751745 1.56454617 3.16253581
v -1.70896197 1.56249328 3.17417385
v -1.71476812 1.56454617 3.18436303
v -1.72338015 1.57015478 3.19037316
v -1.73249047 1.57781628 3.19059383
v -1.73965797 1.58547777 3.18496592
v -1.74296214 1.59108638 3.17499741
v -1.74151761 1.59313927 3.16335936
v -1.73571146 1.59108638 3.15317018
v -1.72709944 1.58547777 3.14716005
v -1.75796990 1.52876342 3.13333188
v -1.75068372 1.52134984 3.13913667
v -1.74737947 1.51592273 3.14920511
v -1.74894252 1.51393627 3.16083937
v -1.75495405 1.51592273 3.17092205
v -1.76380329 1.52134984 3.17675152
v -1.77311907 1.52876342 3.17676577
v -1.78040525 1.53617699 3.17096097
v -1.78370950 1.54160411 3.16089253
v -1.78214645 1.54359057 3.14925827
v -1.77613491 1.54160411 3.13917559
v -1.76728568 1.53617699 3.13334612
v -1.79636678 1.47854326 3.11960265
v -1.78897924 1.47138211 3.12559325
v -1.78569266 1.46613978 3.13576485
v -1.78738768 1.46422095 3.14739198
v -1.79361010 1.46613978 3.15735916
v -1.80269265 1.47138211 3.16299569
v -1.81220166 1.47854326 3.16279126
v -1.81958919 1.48570441 3.15680066
v -1.82287577 1.49094674 3.14662906
v -1.82118076 1.49286557 3.13500193
v -1.81495833 1.49094674 3.12503475
v -1.80587578 1.48570441 3.11939822
v -1.83314288 1.42721152 3.10577053
v -1.82567270 1.42030685 3.11195657
v -1.82242315 1.41525228 3.12223455
v -1.82426494 1.41340217 3.13385049
v -1.83070455 1.41525228 3.14369191
v -1.84001652 1.42030685 3.14912181
v -1.84970569 1.42721152 3.14868525
v -1.85717586 1.43411619 3.14249921
v -1.86042542 1.43917076 3.13222123
v -1.85858363 1.44102086 3.12060529
v -1.85214401 1.43917076 3.11076387
v -1.84283205 1.43411619 3.10533397
v -1.86826340 1.37482503 3.09185489
v -1.86073091 1.36818044 3.09824677
v -1.85753958 1.36331626 3.10863428
v -1.85954451 1.36153585 3.12023409
v -1.86620850 1.36331626 3.12993803
v -1.87574592 1.36818044 3.13514595
v -1.88560124 1.37482503 3.13446239
v -1.89313373 1.38146962 3.12807051
v -1.89632506 1.38633380 3.11768300
v -1.89432012 1.38811421 3.10608320
v -1.88765614 1.38633380 3.09637925
v -1.87811872 1.38146962 3.09117133
v -1.90169556 1.32144166 3.07787572
v -1.89412298 1.31506026 3.08448473
v -1.89101319 1.31038875 3.09498479
v -1.89319945 1.30867886 3.10656243
v -1.90009596 1.31038875 3.11611542
v -1.90985479 1.31506026 3.12108405
v -1.91986108 1.32144166 3.12013698
v -1.92743366 1.32782306 3.11352797
v -1.93054345 1.33249457 3.10302791
v -1.92835719 1.33420446 3.09145027
v -1.92146068 1.33249457 3.08189728
v -1.91170185 1.32782306 3.07692865
v -1.93340864 1.26712017 3.06385374
v -1.92582045 1.26100453 3.07069212
v -1.92281801 1.25652757 3.08130755
v -1.92520582 1.25488889 3.09285563
v -1.93234407 1.25652757 3.10224207
v -1.94232007 1.26100453 3.10695177
v -1.95246077 1.26712017 3.10572278
v -1.96004896 1.27323581 3.09888440
v -1.96305140 1.27771277 3.08826898
v -1.96066359 1.27935145 3.07672089
v -1.95352534 1.27771277 3.06733446
v -1.94354933 1.27323581 3.06262475
v -1.96337394 1.21192011 3.04981053
v -1.95579728 1.20607223 3.05689160
v -1.95293090 1.20179128 3.06762485
v -1.95554286 1.20022434 3.07913430
v -1.96293328 1.20179128 3.08833601
v -1.97312190 1.20607223 3.09276440
v -1.98337870 1.21192011 3.09123287
v -1.99095536 1.21776800 3.08415180
v -1.99382173 1.22204895 3.07341855
v -1.99120977 1.22361588 3.06190910
v -1.98381935 1.22204895 3.05270739
v -1.97363073 1.21776800 3.04827900
v -1.99156476 1.15590170 3.03576873
v -1.98403000 1.15032293 3.04310697
v -1.98133184 1.14623899 3.05395991
v -1.98419326 1.14474416 3.06541953
v -1.99184755 1.14623899 3.07441523
v -2.00224374 1.15032293 3.07853661
v -2.01259618 1.15590170 3.07667936
v -2.02013095 1.16148047 3.06934112
v -2.02282910 1.16556441 3.05848817
v -2.01996768 1.16705924 3.04702855
v -2.01231339 1.16556441 3.03803286
v -2.00191721 1.16148047 3.03391147
v -2.01795642 1.09912570 3.02175227
v -2.01049782 1.09381669 3.02936338
v -2.00800409 1.08993023 3.04033707
v -2.01114342 1.08850769 3.05173295
v -2.01907463 1.08993023 3.06049751
v -2.02967256 1.09381669 3.06428228
v -2.04009749 1.09912570 3.06207314
v -2.04755609 1.10443470 3.05446204
v -2.05004982 1.10832117 3.04348835
v -2.04691049 1.10974371 3.03209247
v -2.03897928 1.10832117 3.02332791
v -2.02838135 1.10443470 3.01954314
v -2.04252620 1.04165330 3.00778676
v -2.03518282 1.03661392 3.01568767
v -2.03293455 1.03292483 3.02678186
v -2.03638382 1.03157453 3.03809665
v -2.04460639 1.03292483 3.04660024
v -2.05539904 1.03661392 3.05001411
v -2.06586988 1.04165330 3.04742352
v -2.07321326 1.04669269 3.03952260
v -2.07546153 1.05038178 3.02842841
v -2.07201226 1.05173208 3.01711363
v -2.06378969 1.05038178 3.00861003
v -2.05299704 1.04669269 3.00519616
v -2.06525346 0.98354602 2.99389985
v -2.05807019 0.97877519 3.00210869
v -2.05611415 0.97528270 3.01332125
v -2.05990946 0.97400436 3.02453315
v -2.06843917 0.97528270 3.03274016
v -2.07941775 0.97877519 3.03574322
v -2.08990350 0.98354602 3.03273766
v -2.09708678 0.98831684 3.02452883
v -2.09904282 0.99180933 3.01331627
v -2.09524751 0.99308767 3.00210437
v -2.08671780 0.99180933 2.99389736
v -2.07573921 0.98831684 2.99089430
v -2.08611975 0.92486554 2.98012188
v -2.07914869 0.92036116 2.98865769
v -2.07753844 0.91706373 2.99998372
v -2.08172048 0.91585678 3.01106519
v -2.09057423 0.91706373 3.01893282
v -2.10172733 0.92036116 3.02147849
v -2.11219132 0.92486554 3.01802008
v -2.11916238 0.92936991 3.00948427
v -2.12077263 0.93266735 2.99815823
v -2.11659059 0.93387429 2.98707676
v -2.10773684 0.93266735 2.97920913
v -2.09658374 0.92936991 2.97666347
v -2.10510910 0.86567363 2.96648652
v -2.09841123 0.86143235 2.97536882
v -2.09720838 0.85832752 2.98679941
v -2.10182285 0.85719107 2.99771546
v -2.11101820 0.85832752 3.00519204
v -2.12233053 0.86143235 3.00722580
v -2.13272873 0.86567363 3.00327179
v -2.13942660 0.86991492 2.99438949
v -2.14062945 0.87301975 2.98295891
v -2.13601498 0.87415620 2.97204285
v -2.12681963 0.87301975 2.96456627
v -2.11550730 0.86991492 2.96253252
v -2.12220859 0.80603204 2.95303172
v -2.11585584 0.80204903 2.96227960
v -2.11513135 0.79913326 2.97379995
v -2.12022925 0.79806602 2.98450591
v -2.12978357 0.79913326 2.99152882
v -2.14123422 0.80204903 2.99298689
v -2.15151302 0.80603204 2.98848945
v -2.15786577 0.81001506 2.97924157
v -2.15859026 0.81293082 2.96772122
v -2.15349236 0.81399807 2.95701526
v -2.14393804 0.81293082 2.94999235
v -2.13248739 0.81001506 2.94853427
v -2.13740940 0.74600234 2.93980064
v -2.13148702 0.74227099 2.94943120
v -2.13132255 0.73953945 2.96101812
v -2.13696006 0.73853964 2.97145670
v -2.14688898 0.73953945 2.97794994
v -2.15844886 0.74227099 2.97875796
v -2.16854225 0.74600234 2.97366427
v -2.17446463 0.74973368 2.96403372
v -2.17462910 0.75246522 2.95244679
v -2.16899159 0.75346503 2.94200821
v -2.15906267 0.75246522 2.93551498
v -2.14750278 0.74973368 2.93470695
v -2.16726100 0.68050952 2.96523103
v -2.17850304 0.68355856 2.96276832
v -2.18673279 0.68716688 2.95495830
v -2.18974509 0.69036763 2.94389366
v -2.18673279 0.69230318 2.93253915
v -2.17850304 0.69245489 2.92393721
v -2.16726100 0.69078212 2.92039272
v -2.15601895 0.68773309 2.92285543
v -2.14778921 0.68412477 2.93066545
v -2.14477691 0.68092401 2.94173009
v -2.14778921 0.67898846 2.95308460
v -2.15601895 0.67883675 2.96168654
v -2.17971574 0.61995275 2.95144988
v -2.19102311 0.62267654 2.94890637
v -2.19930068 0.62602917 2.94103321
v -2.20233049 0.62911232 2.92993998
v -2.19930068 0.63109985 2.91859912
v -2.19102311 0.63145921 2.91004940
v -2.17971574 0.63009411 2.90658170
v -2.16840836 0.62737032 2.90912520
v -2.16013079 0.62401769 2.91699837
v -2.15710099 0.62093454 2.92809160
v -2.16013079 0.61894701 2.93943246
v -2.16840836 0.61858765 2.94798218
v -2.19034177 0.55919133 2.93781001
v -2.20170490 0.56158841 2.93518731
v -2.21002328 0.56468408 2.92725217
v -2.21306802 0.56764886 2.91613081
v -2.21002328 0.56968835 2.90480318
v -2.20170490 0.57025606 2.89630451
v -2.19034177 0.56919987 2.89291202
v -2.17897865 0.56680280 2.89553472
v -2.17066026 0.56370713 2.90346986
v -2.16761552 0.56074235 2.91459122
v -2.17066026 0.55870286 2.92591885
v -2.17897865 0.55813515 2.93441752
v -2.19914314 0.49828530 2.92432809
v -2.21055246 0.50035446 2.92162788
v -2.21890466 0.50319203 2.91363200
v -2.22196178 0.50603768 2.90248294
v -2.21890466 0.50812893 2.89116809
v -2.21055246 0.50890542 2.88271925
v -2.19914314 0.50815909 2.87940028
v -2.18773382 0.50608993 2.88210049
v -2.17938162 0.50325237 2.89009637
v -2.17632451 0.50040671 2.90124543
v -2.17938162 0.49831547 2.91256028
v -2.18773382 0.49753898 2.92100912
v -2.20612612 0.43729399 2.91102060
v -2.21757210 0.43903429 2.90824465
v -2.22595115 0.44161275 2.90018932
v -2.22901809 0.44433848 2.88901304
v -2.22595115 0.44648113 2.87771047
v -2.21757210 0.44746657 2.86931013
v -2.20612612 0.44703075 2.86606289
v -2.19468013 0.44529046 2.86883884
v -2.18630109 0.44271199 2.87689416
v -2.18323414 0.43998626 2.88807045
v -2.18630109 0.43784361 2.89937302
v -2.19468013 0.43685817 2.90777336
v -2.21129915 0.37627597 2.89790379
v -2.22277231 0.37768669 2.89505399
v -2.23117126 0.38000518 2.88694057
v -2.23424548 0.38261019 2.87573753
v -2.23117126 0.38480372 2.86444670
v -2.22277231 0.38599800 2.85609346
v -2.21129915 0.38587304 2.85291606
v -2.19982598 0.38446231 2.85576586
v -2.19142704 0.38214382 2.86387928
v -2.18835281 0.37953881 2.87508232
v -2.19142704 0.37734529 2.88637314
v -2.19982598 0.37615100 2.89472638
v -2.21467281 0.31528891 2.88499369
v -2.22616372 0.31636961 2.88207202
v -2.23457565 0.31842737 2.87390194
v -2.23765463 0.32091083 2.86267263
v -2.23457565 0.32315454 2.85139297
v -2.22616372 0.32455730 2.84308533
v -2.21467281 0.32474325 2.83997575
v -2.20318190 0.32366255 2.84289742
v -2.19476997 0.32160478 2.85106750
v -2.19169099 0.31912132 2.86229681
v -2.19476997 0.31687761 2.87357647
v -2.20318190 0.31547485 2.88188411
v -2.21625976 0.25438952 2.87230608
v -2.22775903 0.25513997 2.86931464
v -2.23617708 0.25693640 2.86108941
v -2.23925830 0.25929746 2.84983434
v -2.23617708 0.26159050 2.83856521
v -2.22775903 0.26320110 2.83030159
v -2.21625976 0.26369771 2.82725769
v -2.20476049 0.26294726 2.83024914
v -2.19634244 0.26115083 2.83847437
v -2.19326122 0.25878977 2.84972944
v -2.19634244 0.25649673 2.86099856
v -2.20476049 0.25488613 2.86926219
v -2.21607460 0.19363346 2.85985646
v -2.22757291 0.19405369 2.85679746
v -2.23599026 0.19558828 2.84851867
v -2.23907122 0.19782605 2.83723837
v -2.23599026 0.20016739 2.82597911
v -2.22757291 0.20198494 2.81775780
v -2.21607460 0.20279168 2.81477734
v -2.20457629 0.20237146 2.81783633
v -2.19615895 0.20083687 2.82611512
v -2.19307799 0.19859910 2.83739542
v -2.19615895 0.19625776 2.84865468
v -2.20457629 0.19444021 2.85687599
v -2.21413390 0.13307527 2.84766002
v -2.22562200 0.13316551 2.84453583
v -2.23403187 0.13443788 2.83620515
v -2.23711010 0.13655145 2.82490018
v -2.23403187 0.13893989 2.81365007
v -2.22562200 0.14096322 2.80546928
v -2.21413390 0.14207928 2.80254985
v -2.20264580 0.14198904 2.80567403
v -2.19423593 0.14071667 2.81400471
v -2.19115770 0.13860310 2.82530969
v -2.19423593 0.13621466 2.83655980
v -2.20264580 0.13419133 2.84474059
v -2.21045603 0.07276824 2.83573168
v -2.22192475 0.07252898 2.83254478
v -2.23032044 0.07353886 2.82416399
v -2.23339347 0.07552727 2.81283492
v -2.23032044 0.07796144 2.80159319
v -2.22192475 0.08018912 2.79345102
v -2.21045603 0.08161341 2.79059009
v -2.19898731 0.08185267 2.79377698
v -2.19059162 0.08084279 2.80215777
v -2.18751858 0.07885438 2.81348684
v -2.19059162 0.07642021 2.82472857
v -2.19898731 0.07419253 2.83287074
v -2.20506113 0.01276444 2.82408599
v -2.21650139 0.01219638 2.82083902
v -2.22487625 0.01294359 2.81240999
v -2.22794166 0.01480586 2.80105744
v -2.22487625 0.01728419 2.78982329
v -2.21650139 0.01971453 2.78171771
v -2.20506113 0.02144565 2.77891258
v -2.19362087 0.02201371 2.78215955
v -2.18524601 0.02126650 2.79058859
v -2.18218060 0.01940423 2.80194113
v -2.18524601 0.01692589 2.81317529
v -2.19362087 0.01449556 2.82128087
v -2.19797102 -0.04688545 2.81273719
v -2.20937384 -0.04778139 2.80943293
v -2.21772128 -0.04729691 2.80095764
v -2.22077666 -0.04556183 2.78958226
v -2.21772128 -0.04304106 2.77835481
v -2.20937384 -0.04041004 2.77028369
v -2.19797102 -0.03837375 2.76753154
v -2.18656820 -0.03747781 2.77083579
v -2.17822075 -0.03796229 2.77931109
v -2.17516538 -0.03969737 2.79068647
v -2.17822075 -0.04221814 2.80191391
v -2.18656820 -0.04484916 2.80998504
v -2.18920910 -0.10613213 2.80169913
v -2.20056559 -0.10735481 2.79834053
v -2.20887913 -0.10713303 2.78982107
v -2.21192209 -0.10552623 2.77842354
v -2.20887913 -0.10296495 2.76720190
v -2.20056559 -0.10013548 2.75916297
v -2.18920910 -0.09779597 2.75646078
v -2.17785260 -0.09657330 2.75981938
v -2.16953907 -0.09679507 2.76833883
v -2.16649611 -0.09840187 2.77973636
v -2.16953907 -0.10096315 2.79095801
v -2.17785260 -0.10379262 2.79899694
v -2.17880027 -0.16492776 2.79098529
v -2.19010168 -0.16647582 2.78757546
v -2.19837488 -0.16651663 2.77901406
v -2.20140308 -0.16503927 2.76759510
v -2.19837488 -0.16243959 2.75637830
v -2.19010168 -0.15941418 2.74836917
v -2.17880027 -0.15677368 2.74571376
v -2.16749887 -0.15522562 2.74912359
v -2.15922567 -0.15518481 2.75768499
v -2.15619747 -0.15666217 2.76910395
v -2.15922567 -0.15926185 2.78032075
v -2.16749887 -0.16228727 2.78832988
v -2.16677085 -0.22322601 2.78060874
v -2.17800851 -0.22509788 2.77715098
v -2.18623505 -0.22540109 2.76854998
v -2.18924618 -0.22405438 2.75711037
v -2.18623505 -0.22141862 2.74589739
v -2.17800851 -0.21820004 2.73791554
v -2.16677085 -0.21526106 2.73530356
v -2.15553318 -0.21338919 2.73876132
v -2.14730664 -0.21308598 2.74736232
v -2.14429552 -0.21443269 2.75880193
v -2.14730664 -0.21706845 2.77001491
v -2.15553318 -0.22028703 2.77799676
v -2.15314845 -0.28098208 2.77058217
v -2.16431386 -0.28317600 2.76707995
v -2.17248750 -0.28374132 2.75844184
v -2.17547926 -0.28252657 2.74698239
v -2.17248750 -0.27985723 2.73577217
v -2.16431386 -0.27644854 2.72781494
v -2.15314845 -0.27321388 2.72524283
v -2.14198304 -0.27101996 2.72874505
v -2.13380939 -0.27045464 2.73738316
v -2.13081763 -0.27166939 2.74884261
v -2.13380939 -0.27433873 2.76005283
v -2.14198304 -0.27774742 2.76801006
v -2.13796191 -0.33815277 2.76091779
v -2.14904669 -0.34066678 2.75737480
v -2.15716130 -0.34149387 2.74870220
v -2.16013146 -0.34041243 2.73722380
v -2.15716130 -0.33771223 2.72601522
v -2.14904669 -0.33411680 2.71807979
v -2.13796191 -0.33058951 2.71554382
v -2.12687714 -0.32807551 2.71908680
v -2.11876252 -0.32724842 2.72775940
v -2.11579237 -0.32832985 2.73923781
v -2.11876252 -0.33103005 2.75044639
v -2.12687714 -0.33462549 2.75838181
v -2.11060272 -0.39102174 2.74931458
v -2.12165171 -0.39481996 2.75160335
v -2.13259071 -0.39760046 2.74781490
v -2.14048861 -0.39861819 2.73896434
v -2.14322920 -0.39760046 2.72742318
v -2.14007812 -0.39481996 2.71628385
v -2.13187971 -0.39102174 2.70853113
v -2.12083072 -0.38722351 2.70624236
v -2.10989172 -0.38444302 2.71003081
v -2.10199381 -0.38342529 2.71888137
v -2.09925323 -0.38444302 2.73042253
v -2.10240431 -0.38722351 2.74156186
v -2.08794185 -0.44701014 2.73737037
v -2.09749714 -0.45272800 2.74158317
v -2.10853155 -0.45691376 2.74001279
v -2.11808844 -0.45844586 2.73307999
v -2.12360704 -0.45691376 2.72264242
v -2.12360865 -0.45272800 2.71149682
v -2.11809283 -0.44701014 2.70262963
v -2.10853755 -0.44129228 2.69841683
v -2.09750313 -0.43710651 2.69998721
v -2.08794624 -0.43557442 2.70692001
v -2.08242764 -0.43710651 2.71735758
v -2.08242603 -0.44129228 2.72850318
v -2.07460826 -0.45323247 2.71741190
v -2.07929440 -0.46402606 2.71922397
v -2.08800578 -0.47192752 2.71737360
v -2.09840820 -0.47481965 2.71235659
v -2.10771434 -0.47192752 2.70551725
v -2.11343062 -0.46402606 2.69868818
v -2.11402537 -0.45323247 2.69369921
v -2.10933923 -0.44243888 2.69188714
v -2.10062784 -0.43453742 2.69373752
v -2.09022542 -0.43164528 2.69875452
v -2.08091929 -0.43453742 2.70559386
v -2.07520301 -0.44243888 2.71242293
v -2.06591640 -0.45940540 2.70294531
v -2.07058741 -0.47020832 2.70474082
v -2.07929128 -0.47811660 2.70288427
v -2.08969583 -0.48101123 2.69787310
v -2.09901315 -0.47811660 2.69105007
v -2.10474668 -0.47020832 2.68424339
v -2.10536012 -0.45940540 2.67927692
v -2.10068911 -0.44860249 2.67748140
v -2.09198524 -0.44069421 2.67933796
v -2.08158070 -0.43779958 2.68434912
v -2.07226338 -0.44069421 2.69117215
v -2.06652985 -0.44860249 2.69797883
v -2.05724661 -0.46552934 2.68847846
v -2.06190259 -0.47634145 2.69025756
v -2.07059905 -0.48425647 2.68839500
v -2.08100579 -0.48715356 2.68338984
v -2.09033434 -0.48425647 2.67658321
v -2.09608511 -0.47634145 2.66979894
v -2.09671719 -0.46552934 2.66485488
v -2.09206121 -0.45471722 2.66307577
v -2.08336475 -0.44680221 2.66493833
v -2.07295801 -0.44390511 2.66994349
v -2.06362946 -0.44680221 2.67675012
v -2.05787869 -0.45471722 2.68353439
v -2.04859911 -0.47160466 2.67401135
v -2.05324014 -0.48242586 2.67577420
v -2.06192929 -0.49034752 2.67390580
v -2.07233832 -0.49324705 2.66890680
v -2.08167813 -0.49034752 2.66211667
v -2.08744612 -0.48242586 2.65535483
v -2.08809677 -0.47160466 2.65043309
v -2.08345574 -0.46078346 2.64867025
v -2.07476659 -0.45286179 2.65053864
v -2.06435756 -0.44996226 2.65553764
v -2.05501775 -0.45286179 2.66232777
v -2.04924976 -0.46078346 2.66908962
v -2.03997409 -0.47763176 2.65954399
v -2.04460028 -0.48846192 2.66129072
v -2.05328222 -0.49639015 2.65941667
v -2.06369361 -0.49929209 2.65442399
v -2.07304472 -0.49639015 2.64765046
v -2.07882992 -0.48846192 2.64091104
v -2.07949908 -0.47763176 2.63601156
v -2.07487290 -0.46680159 2.63426483
v -2.06619095 -0.45887336 2.63613889
v -2.05577956 -0.45597143 2.64113157
v -2.04642845 -0.45887336 2.64790510
v -2.04064325 -0.46680159 2.65464451
v -2.03137177 -0.48361103 2.64507638
v -2.03598321 -0.49445005 2.64680714
v -2.04465805 -0.50238476 2.64492761
v -2.05507188 -0.50528906 2.63994140
v -2.06443432 -0.50238476 2.63318457
v -2.07023671 -0.49445005 2.62646759
v -2.07092431 -0.48361103 2.62159029
v -2.06631288 -0.47277202 2.61985952
v -2.05763804 -0.46483731 2.62173906
v -2.04722421 -0.46193300 2.62672527
v -2.03786177 -0.46483731 2.63348210
v -2.03205937 -0.47277202 2.64019908
v -2.02279236 -0.48954287 2.63060852
v -2.02738914 -0.50039062 2.63232346
v -2.03605698 -0.50833173 2.63043863
v -2.04647333 -0.51123837 2.62545905
v -2.05584714 -0.50833173 2.61871900
v -2.06166670 -0.50039062 2.61202447
v -2.06237267 -0.48954287 2.60716926
v -2.05777589 -0.47869513 2.60545431
v -2.04910805 -0.47075402 2.60733915
v -2.03869170 -0.46784738 2.61231873
v -2.02931789 -0.47075402 2.61905878
v -2.02349833 -0.47869513 2.62575331
v -2.01423604 -0.49542768 2.61614041
v -2.01881827 -0.50628405 2.61783968
v -2.02747921 -0.51423146 2.61594972
v -2.03789815 -0.51714041 2.61097692
v -2.04728336 -0.51423146 2.60425376
v -2.05312007 -0.50628405 2.59758168
v -2.05384435 -0.49542768 2.59274848
v -2.04926211 -0.48457131 2.59104921
v -2.04060118 -0.47662390 2.59293917
v -2.03018223 -0.47371494 2.59791197
v -2.02079703 -0.47662390 2.60463513
v -2.01496031 -0.48457131 2.61130720
v -2.00570302 -0.50126584 2.60167205
v -2.01027080 -0.51213071 2.60335581
v -2.01892494 -0.52008435 2.60146089
v -2.02934656 -0.52299558 2.59649504
v -2.03874320 -0.52008435 2.58978884
v -2.04459703 -0.51213071 2.58313923
v -2.04533953 -0.50126584 2.57832795
v -2.04077175 -0.49040097 2.57664419
v -2.03211762 -0.48244733 2.57853911
v -2.02169600 -0.47953610 2.58350496
v -2.01229936 -0.48244733 2.59021116
v -2.00644553 -0.49040097 2.59686077
v -1.99719349 -0.50705775 2.58720345
v -2.00174693 -0.51793102 2.58887184
v -2.01039436 -0.52589080 2.58697214
v -2.02081873 -0.52880428 2.58201338
v -2.03022683 -0.52589080 2.57532425
v -2.03609776 -0.51793102 2.56869710
v -2.03685842 -0.50705775 2.56390767
v -2.03230499 -0.49618449 2.56223927
v -2.02365755 -0.48822471 2.56413897
v -2.01323318 -0.48531123 2.56909773
v -2.00382509 -0.48822471 2.57578686
v -1.99795415 -0.49618449 2.58241401
v -1.98870765 -0.51280382 2.57273460
v -1.99324683 -0.52368536 2.57438778
v -2.00188768 -0.53165120 2.57248348
v -2.01231487 -0.53456690 2.56753197
v -2.02173445 -0.53165120 2.56085999
v -2.02762246 -0.52368536 2.55425530
v -2.02840120 -0.51280382 2.54948762
v -2.02386201 -0.50192228 2.54783444
v -2.01522117 -0.49395644 2.54973874
v -2.00479397 -0.49104074 2.55469025
v -1.99537439 -0.49395644 2.56136223
v -1.98948638 -0.50192228 2.56796692
v -1.98024567 -0.51850443 2.55826551
v -1.98477071 -0.52939413 2.55990363
v -1.99340507 -0.53736595 2.55799491
v -2.00383516 -0.54028384 2.55305080
v -2.01326625 -0.53736595 2.54639606
v -2.01917130 -0.52939413 2.53981384
v -2.01996804 -0.51850443 2.53506782
v -2.01544299 -0.50761473 2.53342971
v -2.00680864 -0.49964291 2.53533842
v -1.99637855 -0.49672502 2.54028253
v -1.98694745 -0.49964291 2.54693727
v -1.98104241 -0.50761473 2.55351950
v -1.97180774 -0.52415999 2.54379619
v -1.97631875 -0.53505775 2.54541939
v -1.98494672 -0.54303546 2.54350643
v -1.99537978 -0.54595550 2.53856987
v -2.00482241 -0.54303546 2.53193246
v -2.01074447 -0.53505775 2.52537270
v -2.01155913 -0.52415999 2.52064826
v -2.00704812 -0.51326223 2.51902505
v -1.99842016 -0.50528452 2.52093802
v -1.98798709 -0.50236448 2.52587458
v -1.97854446 -0.50528452 2.53251198
v -1.97262241 -0.51326223 2.53907175
v -1.96339405 -0.52977089 2.52932662
v -1.96789113 -0.54067659 2.53093508
v -1.97651281 -0.54866011 2.52901804
v -1.98694892 -0.55158229 2.52408918
v -1.99640311 -0.54866011 2.51746919
v -2.00234214 -0.54067659 2.51093189
v -2.00317465 -0.52977089 2.50622893
v -1.99867757 -0.51886519 2.50462048
v -1.99005589 -0.51088167 2.50653752
v -1.97961978 -0.50795949 2.51146637
v -1.97016558 -0.51088167 2.51808636
v -1.96422656 -0.51886519 2.52462367
v -1.95500477 -0.53533753 2.51485683
v -1.95948803 -0.54625106 2.51645068
v -1.96810353 -0.55424032 2.51452975
v -1.97854276 -0.55716459 2.50960875
v -1.98800853 -0.55424032 2.50300625
v -1.99396450 -0.54625106 2.49649140
v -1.99481477 -0.53533753 2.49180984
v -1.99033151 -0.52442400 2.49021599
v -1.98171601 -0.51643475 2.49213692
v -1.97127678 -0.51351047 2.49705792
v -1.96181100 -0.51643475 2.50366041
v -1.95585503 -0.52442400 2.51017526
v -1.94664007 -0.54086032 2.50038680
v -1.95110962 -0.55178157 2.50196620
v -1.95971905 -0.55977648 2.50004156
v -1.97016147 -0.56270282 2.49512856
v -1.97963884 -0.55977648 2.48854365
v -1.98561171 -0.55178157 2.48205124
v -1.98647966 -0.54086032 2.47739098
v -1.98201011 -0.52993907 2.47581157
v -1.97340068 -0.52194416 2.47773622
v -1.96295826 -0.51901782 2.48264922
v -1.95348089 -0.52194416 2.48923413
v -1.94750802 -0.52993907 2.49572653
v -1.93830013 -0.54633965 2.48591653
v -1.94275608 -0.55726851 2.48748166
v -1.95135953 -0.56526900 2.48555347
v -1.96180521 -0.56819738 2.48064862
v -1.97129421 -0.56526900 2.47408138
v -1.97728394 -0.55726851 2.46761141
v -1.97816948 -0.54633965 2.46297235
v -1.97371354 -0.53541078 2.46140723
v -1.96511008 -0.52741030 2.46333542
v -1.95466440 -0.52448192 2.46824026
v -1.94517541 -0.52741030 2.47480751
v -1.93918567 -0.53541078 2.48127748
v -1.92998512 -0.55177592 2.47144604
v -1.93442758 -0.56271229 2.47299703
v -1.94302516 -0.57071827 2.47106548
v -1.95347418 -0.57364866 2.46616894
v -1.96297480 -0.57071827 2.45961944
v -1.96898136 -0.56271229 2.45317191
v -1.96988440 -0.55177592 2.44855396
v -1.96544195 -0.54083955 2.44700297
v -1.95684436 -0.53283357 2.44893452
v -1.94639535 -0.52990318 2.45383106
v -1.93689472 -0.53283357 2.46038056
v -1.93088816 -0.54083955 2.46682809
v -1.92169521 -0.55716954 2.45697533
v -1.92612428 -0.56811330 2.45851235
v -1.93471610 -0.57612470 2.45657761
v -1.94516851 -0.57905707 2.45168952
v -1.95468079 -0.57612470 2.44515784
v -1.96070413 -0.56811330 2.43873273
v -1.96162459 -0.55716954 2.43413579
v -1.95719552 -0.54622577 2.43259876
v -1.94860369 -0.53821438 2.43453351
v -1.93815128 -0.53528200 2.43942160
v -1.92863900 -0.53821438 2.44595327
v -1.92261566 -0.54622577 2.45237839
v -1.91343054 -0.56252090 2.44250438
v -1.91784634 -0.57347196 2.44402759
v -1.92643251 -0.58148869 2.44208984
v -1.93688839 -0.58442301 2.43721035
v -1.94641234 -0.58148869 2.43069657
v -1.95245241 -0.57347196 2.42429387
v -1.95339019 -0.56252090 2.41971784
v -1.94897439 -0.55156984 2.41819463
v -1.94038822 -0.54355311 2.42013238
v -1.92993235 -0.54061878 2.42501187
v -1.92040840 -0.54355311 2.43152565
v -1.91436832 -0.55156984 2.43792835
v -1.90519129 -0.56783041 2.42803322
v -1.90959394 -0.57878865 2.42954278
v -1.91817455 -0.58681064 2.42760219
v -1.92863397 -0.58974689 2.42273144
v -1.93816959 -0.58681064 2.41623564
v -1.94422636 -0.57878865 2.40985533
v -1.94518137 -0.56783041 2.40530012
v -1.94077873 -0.55687216 2.40379056
v -1.93219811 -0.54885017 2.40573114
v -1.92173870 -0.54591392 2.41060189
v -1.91220307 -0.54885017 2.41709769
v -1.90614630 -0.55687216 2.42347800
v -1.89697761 -0.57309846 2.41356183
v -1.90136722 -0.58406379 2.41505790
v -1.90994238 -0.59209096 2.41311466
v -1.92040540 -0.59502911 2.40825280
v -1.92995271 -0.59209096 2.40177505
v -1.93602612 -0.58406379 2.39541712
v -1.93699827 -0.57309846 2.39088261
v -1.93260867 -0.56213314 2.38938655
v -1.92403351 -0.55410597 2.39132979
v -1.91357049 -0.55116782 2.39619165
v -1.90402318 -0.55410597 2.40266940
v -1.89794976 -0.56213314 2.40902732
v -1.88878966 -0.57832548 2.39909023
v -1.89316633 -0.58929777 2.40057297
v -1.90173615 -0.59733005 2.39862724
v -1.91220283 -0.60027007 2.39377442
v -1.92176185 -0.59733005 2.38731480
v -1.92785185 -0.58929777 2.38097923
v -1.92884105 -0.57832548 2.37646533
v -1.92446437 -0.56735318 2.37498259
v -1.91589456 -0.55932090 2.37692831
v -1.90542787 -0.55638088 2.38178114
v -1.89586886 -0.55932090 2.38824076
v -1.88977885 -0.56735318 2.39457633
v -1.88062757 -0.58351184 2.38461841
v -1.88499144 -0.59449101 2.38608798
v -1.89355601 -0.60252832 2.38413996
v -1.90402643 -0.60547018 2.37929631
v -1.91359715 -0.60252832 2.37285488
v -1.91970370 -0.59449101 2.36654166
v -1.92070984 -0.58351184 2.36204826
v -1.91634598 -0.57253267 2.36057869
v -1.90778140 -0.56449536 2.36252671
v -1.89731098 -0.56155350 2.36737036
v -1.88774027 -0.56449536 2.37381178
v -1.88163371 -0.57253267 2.38012501
v -1.87249150 -0.58865797 2.37014637
v -1.87684267 -0.59964391 2.37160294
v -1.88540211 -0.60768617 2.36965279
v -1.89587633 -0.61062985 2.36481846
v -1.90545876 -0.60768617 2.35839531
v -1.91158181 -0.59964391 2.35210441
v -1.91260480 -0.58865797 2.34763141
v -1.90825363 -0.57767203 2.34617484
v -1.89969419 -0.56962977 2.34812499
v -1.88921997 -0.56668609 2.35295931
v -1.87963754 -0.56962977 2.35938247
v -1.87351450 -0.57767203 2.36567337
v -1.86438160 -0.59376426 2.35567412
v -1.86872019 -0.60475687 2.35711786
v -1.87727460 -0.61280401 2.35516576
v -1.88775267 -0.61574947 2.35034089
v -1.89734683 -0.61280401 2.34393608
v -1.90348631 -0.60475687 2.33766748
v -1.90452605 -0.59376426 2.33321476
v -1.90018746 -0.58277165 2.33177103
v -1.89163305 -0.57472451 2.33372313
v -1.88115498 -0.57177905 2.33854800
v -1.87156083 -0.57472451 2.34495281
v -1.86542134 -0.58277165 2.35122141
v -1.85629800 -0.59883112 2.34120167
v -1.86062413 -0.60983029 2.34263273
v -1.86917361 -0.61788224 2.34067886
v -1.87965561 -0.62082946 2.33586360
v -1.88926148 -0.61788224 2.32947719
v -1.89541735 -0.60983029 2.32323087
v -1.89647374 -0.59883112 2.31879833
v -1.89214761 -0.58783195 2.31736727
v -1.88359813 -0.57977999 2.31932114
v -1.87311613 -0.57683278 2.32413640
v -1.86351026 -0.57977999 2.33052281
v -1.85735439 -0.58783195 2.33676913
v -1.84824084 -0.60385895 2.32672900
v -1.85255463 -0.61486458 2.32814756
v -1.86109928 -0.62292127 2.32619209
v -1.87158526 -0.62587022 2.32138658
v -1.88120286 -0.62292127 2.31501865
v -1.88737505 -0.61486458 2.30879458
v -1.88844800 -0.60385895 2.30438211
v -1.88413421 -0.59285331 2.30296355
v -1.87558955 -0.58479663 2.30491902
v -1.86510357 -0.58184768 2.30972453
v -1.85548597 -0.58479663 2.31609247
v -1.84931378 -0.59285331 2.32231653
v -1.84021025 -0.60884815 2.31225614
v -1.84451182 -0.61986015 2.31366235
v -1.85305175 -0.62792150 2.31170547
v -1.86354178 -0.63087216 2.30690984
v -1.87317111 -0.62792150 2.30056044
v -1.87935956 -0.61986015 2.29435860
v -1.88044895 -0.60884815 2.28996609
v -1.87614738 -0.59783615 2.28855987
v -1.86760745 -0.58977481 2.29051675
v -1.85711742 -0.58682415 2.29531238
v -1.84748809 -0.58977481 2.30166178
v -1.84129964 -0.59783615 2.30786362
v -1.83220636 -0.61379914 2.29778307
v -1.83649583 -0.62481741 2.29917711
v -1.84503115 -0.63288334 2.29721899
v -1.85552528 -0.63583568 2.29243338
v -1.86516633 -0.63288334 2.28610259
v -1.87137100 -0.62481741 2.27992294
v -1.87247673 -0.61379914 2.27555027
v -1.86818726 -0.60278087 2.27415623
v -1.85965195 -0.59471494 2.27611435
v -1.84915781 -0.59176261 2.28089995
v -1.83951676 -0.59471494 2.28723075
v -1.83331210 -0.60278087 2.29341039
v -1.82422931 -0.61871232 2.28330979
v -1.82850680 -0.62973675 2.28469183
v -1.83703760 -0.63780720 2.28273265
v -1.84753590 -0.64076119 2.27795720
v -1.85718868 -0.63780720 2.27164508
v -1.86340948 -0.62973675 2.26548759
v -1.86453146 -0.61871232 2.26113465
v -1.86025397 -0.60768788 2.25975261
v -1.85172316 -0.59961744 2.26171180
v -1.84122487 -0.59666345 2.26648724
v -1.83157209 -0.59961744 2.27279937
v -1.82535129 -0.60768788 2.27895685
v -1.81627922 -0.62358809 2.26883633
v -1.82054485 -0.63461859 2.27020653
v -1.82907124 -0.64269348 2.26824646
v -1.83957376 -0.64564910 2.26348131
v -1.84923826 -0.64269348 2.25718791
v -1.85547514 -0.63461859 2.25105256
v -1.85661325 -0.62358809 2.24671923
v -1.85234762 -0.61255758 2.24534903
v -1.84382122 -0.60448269 2.24730910
v -1.83331871 -0.60152707 2.25207424
v -1.82365421 -0.60448269 2.25836764
v -1.81741732 -0.61255758 2.26450299
v -1.80835620 -0.62842685 2.25436266
v -1.81261009 -0.63946333 2.25572120
v -1.82113218 -0.64754260 2.25376042
v -1.83163897 -0.65049981 2.24900571
v -1.84131519 -0.64754260 2.24273109
v -1.84756809 -0.63946333 2.23661784
v -1.84872222 -0.62842685 2.23230400
v -1.84446833 -0.61739037 2.23094546
v -1.83594624 -0.60931111 2.23290624
v -1.82543945 -0.60635389 2.23766095
v -1.81576323 -0.60931111 2.24393557
v -1.80951033 -0.61739037 2.25004882
v -1.80046038 -0.63322903 2.23988880
v -1.80470266 -0.64427138 2.24123585
v -1.81322054 -0.65235495 2.23927454
v -1.82373167 -0.65531374 2.23453040
v -1.83341960 -0.65235495 2.22827463
v -1.83968845 -0.64427138 2.22218344
v -1.84085849 -0.63322903 2.21788897
v -1.83661622 -0.62218667 2.21654193
v -1.82809834 -0.61410310 2.21850324
v -1.81758721 -0.61114431 2.22324738
v -1.80789928 -0.61410310 2.22950315
v -1.80163043 -0.62218667 2.23559434
v -1.79259187 -0.63799501 2.22541476
v -1.79682266 -0.64904315 2.22675048
v -1.80533644 -0.65713095 2.22478882
v -1.81585196 -0.66009129 2.22005538
v -1.82555159 -0.65713095 2.21381851
v -1.83183632 -0.64904315 2.20774935
v -1.83302217 -0.63799501 2.20347413
v -1.82879139 -0.62694687 2.20213841
v -1.82027761 -0.61885907 2.20410007
v -1.80976209 -0.61589872 2.20883350
v -1.80006246 -0.61885907 2.21507038
v -1.79377772 -0.62694687 2.22113954
v -1.78475079 -0.64272521 2.21094052
v -1.78897020 -0.65377904 2.21226510
v -1.79747999 -0.66187100 2.21030326
v -1.80799995 -0.66483287 2.20558066
v -1.81771127 -0.66187100 2.19936273
v -1.82401182 -0.65377904 2.19331556
v -1.82521337 -0.64272521 2.18905948
v -1.82099395 -0.63167138 2.18773490
v -1.81248417 -0.62357941 2.18969674
v -1.80196421 -0.62061755 2.19441934
v -1.79225289 -0.62357941 2.20063727
v -1.78595234 -0.63167138 2.20668444
v -1.77693724 -0.64742003 2.19646610
v -1.78114541 -0.65847946 2.19777970
v -1.78965129 -0.66657552 2.19581786
v -1.80017575 -0.66953888 2.19110624
v -1.80989876 -0.66657552 2.18490731
v -1.81621505 -0.65847946 2.17888209
v -1.81743218 -0.64742003 2.17464501
v -1.81322402 -0.63636060 2.17333141
v -1.80471813 -0.62826454 2.17529325
v -1.79419367 -0.62530118 2.18000487
v -1.78447066 -0.62826454 2.18620380
v -1.77815437 -0.63636060 2.19222902
v -1.76915133 -0.65207988 2.18199150
v -1.77334837 -0.66314481 2.18329430
v -1.78185046 -0.67124490 2.18133263
v -1.79237947 -0.67420974 2.17663211
v -1.80211415 -0.67124490 2.17045225
v -1.80844612 -0.66314481 2.16444892
v -1.80967872 -0.65207988 2.16023073
v -1.80548167 -0.64101495 2.15892792
v -1.79697958 -0.63291486 2.16088959
v -1.78645058 -0.62995003 2.16559011
v -1.77671589 -0.63291486 2.17176998
v -1.77038393 -0.64101495 2.17777330
v -1.76139316 -0.65670517 2.16751671
v -1.76557921 -0.66777551 2.16880889
v -1.77407760 -0.67587956 2.16684757
v -1.78461121 -0.67884585 2.16215829
v -1.79435755 -0.67587956 2.15599753
v -1.80070512 -0.66777551 2.15001606
v -1.80195307 -0.65670517 2.14581662
v -1.79776703 -0.64563483 2.14452444
v -1.78926863 -0.63753078 2.14648576
v -1.77873502 -0.63456449 2.15117504
v -1.76898868 -0.63753078 2.15733580
v -1.76264111 -0.64563483 2.16331727
v -1.75366283 -0.66129630 2.15304175
v -1.75783800 -0.67237196 2.15432348
v -1.76633280 -0.68047991 2.15236269
v -1.77687106 -0.68344762 2.14768477
v -1.78662906 -0.68047991 2.14154317
v -1.79299214 -0.67237196 2.13558351
v -1.79425534 -0.66129630 2.13140270
v -1.79008017 -0.65022065 2.13012096
v -1.78158537 -0.64211270 2.13208175
v -1.77104711 -0.63914499 2.13675967
v -1.76128911 -0.64211270 2.14290128
v -1.75492603 -0.65022065 2.14886093
v -1.74596044 -0.66585369 2.13856661
v -1.75012486 -0.67693458 2.13983807
v -1.75861617 -0.68504635 2.13787799
v -1.76915913 -0.68801547 2.13321156
v -1.77892875 -0.68504635 2.12708915
v -1.78530729 -0.67693458 2.12115126
v -1.78658561 -0.66585369 2.11698894
v -1.78242119 -0.65477280 2.11571748
v -1.77392988 -0.64666102 2.11767757
v -1.76338692 -0.64369191 2.12234400
v -1.75361730 -0.64666102 2.12846640
v -1.74723876 -0.65477280 2.13440429
v -1.73828608 -0.67037773 2.12409130
v -1.74243988 -0.68146376 2.12535267
v -1.75092779 -0.68957929 2.12339347
v -1.76147550 -0.69254978 2.11873866
v -1.77125674 -0.68957929 2.11263550
v -1.77765065 -0.68146376 2.10671932
v -1.77894398 -0.67037773 2.10257536
v -1.77479018 -0.65929170 2.10131400
v -1.76630226 -0.65117616 2.10327320
v -1.75575456 -0.64820567 2.10792801
v -1.74597332 -0.65117616 2.11403117
v -1.73957941 -0.65929170 2.11994734
v -1.73063984 -0.67486883 2.10961582
v -1.73478314 -0.68595991 2.11086728
v -1.74326776 -0.69407914 2.10890913
v -1.75382026 -0.69705099 2.10426607
v -1.76361310 -0.69407914 2.09818220
v -1.77002230 -0.68595991 2.09228768
v -1.77133052 -0.67486883 2.08816195
v -1.76718722 -0.66377775 2.08691050
v -1.75870260 -0.65565851 2.08886865
v -1.74815010 -0.65268667 2.09351171
v -1.73835726 -0.65565851 2.09959558
v -1.73194806 -0.66377775 2.10549010
v -1.72302181 -0.67932740 2.09514018
v -1.72715473 -0.69042345 2.09638189
v -1.73563616 -0.69854631 2.09442498
v -1.74619350 -0.70151949 2.08979379
v -1.75599792 -0.69854631 2.08372925
v -1.76242234 -0.69042345 2.07785634
v -1.76374533 -0.67932740 2.07374871
v -1.75961241 -0.66823136 2.07250699
v -1.75113098 -0.66010849 2.07446391
v -1.74057364 -0.65713531 2.07909510
v -1.73076922 -0.66010849 2.08515964
v -1.72434480 -0.66823136 2.09103255
v -1.71543207 -0.68375385 2.08066437
v -1.71955475 -0.69485477 2.08189653
v -1.72803308 -0.70298121 2.07994103
v -1.73859531 -0.70595569 2.07532183
v -1.74841129 -0.70298121 2.06927666
v -1.75485084 -0.69485477 2.06342530
v -1.75618848 -0.68375385 2.05933563
v -1.75206580 -0.67265293 2.05810347
v -1.74358747 -0.66452649 2.06005897
v -1.73302524 -0.66155201 2.06467817
v -1.72320926 -0.66452649 2.07072334
v -1.71676971 -0.67265293 2.07657470
v -1.70787070 -0.68814858 2.06618839
v -1.71198326 -0.69925429 2.06741118
v -1.72045860 -0.70738424 2.06545726
v -1.73102575 -0.71036000 2.06085019
v -1.74085327 -0.70738424 2.05482442
v -1.74730787 -0.69925429 2.04899456
v -1.74866005 -0.68814858 2.04492272
v -1.74454749 -0.67704287 2.04369993
v -1.73607215 -0.66891293 2.04565385
v -1.72550500 -0.66593717 2.05026092
v -1.71567748 -0.66891293 2.05628669
v -1.70922288 -0.67704287 2.06211655
v -1.70033778 -0.69251201 2.05171226
v -1.70444035 -0.70362242 2.05292586
v -1.71291278 -0.71175581 2.05097370
v -1.72348492 -0.71473284 2.04637887
v -1.73332395 -0.71175581 2.04037255
v -1.73979352 -0.70362242 2.03456412
v -1.74116011 -0.69251201 2.03050996
v -1.73705755 -0.68140159 2.02929636
v -1.72858511 -0.67326821 2.03124852
v -1.71801298 -0.67029118 2.03584335
v -1.70817395 -0.67326821 2.04184967
v -1.70170438 -0.68140159 2.04765810
v -1.69283339 -0.69684453 2.03723598
v -1.69692608 -0.70795956 2.03844056
v -1.70539572 -0.71609633 2.03649034
v -1.71597287 -0.71907459 2.03190787
v -1.72582339 -0.71609633 2.02592103
v -1.73230784 -0.70795956 2.02013398
v -1.73368873 -0.69684453 2.01609735
v -1.72959603 -0.68572950 2.01489277
v -1.72112640 -0.67759273 2.01684299
v -1.71054925 -0.67461446 2.02142546
v -1.70069873 -0.67759273 2.02741230
v -1.69421427 -0.68572950 2.03319936
v -1.68535759 -0.70114655 2.02275954
v -1.68944054 -0.71226612 2.02395530
v -1.69790748 -0.72040621 2.02200719
v -1.70848968 -0.72338569 2.01743720
v -1.71835167 -0.72040621 2.01146987
v -1.72485092 -0.71226612 2.00570413
v -1.72624597 -0.70114655 2.00168490
v -1.72216302 -0.69002698 2.00048915
v -1.71369609 -0.68188690 2.00243726
v -1.70311389 -0.67890742 2.00700724
v -1.69325190 -0.68188690 2.01297458
v -1.68675265 -0.69002698 2.01874032
v -1.67791046 -0.70541849 2.00828295
v -1.68198379 -0.71654251 2.00947006
v -1.69044812 -0.72468585 2.00752424
v -1.70103542 -0.72766653 2.00296686
v -1.71090884 -0.72468585 1.99701907
v -1.71742281 -0.71654251 1.99127457
v -1.71883191 -0.70541849 1.98727260
v -1.71475858 -0.69429447 1.98608549
v -1.70629425 -0.68615112 1.98803132
v -1.69570695 -0.68317045 1.99258870
v -1.68583353 -0.68615112 1.99853649
v -1.67931956 -0.69429447 2.00428098
v -1.67049206 -0.70966074 1.99380622
v -1.67455590 -0.72078913 1.99498487
v -1.68301771 -0.72893567 1.99304151
v -1.69361015 -0.73191752 1.98849684
v -1.70349499 -0.72893567 1.98256862
v -1.71002358 -0.72078913 1.97684531
v -1.71144660 -0.70966074 1.97286045
v -1.70738276 -0.69853235 1.97168180
v -1.69892095 -0.69038580 1.97362516
v -1.68832851 -0.68740396 1.97816982
v -1.67844367 -0.69038580 1.98409804
v -1.67191508 -0.69853235 1.98982136
v -1.66310244 -0.71387371 1.97932934
v -1.66715693 -0.72500638 1.98049972
v -1.67561632 -0.73315607 1.97855899
v -1.68621393 -0.73613906 1.97402716
v -1.69611015 -0.73315607 1.96811854
v -1.70265328 -0.72500638 1.96241633
v -1.70409010 -0.71387371 1.95844844
v -1.70003562 -0.70274103 1.95727806
v -1.69157623 -0.69459134 1.95921879
v -1.68097861 -0.69160835 1.96375062
v -1.67108240 -0.69459134 1.96965924
v -1.66453927 -0.70274103 1.97536144
v -1.65574168 -0.71805781 1.96485232
v -1.65978693 -0.72919469 1.96601461
v -1.66824400 -0.73734746 1.96407669
v -1.67884682 -0.74033157 1.95955781
v -1.68875439 -0.73734746 1.95366882
v -1.69531197 -0.72919469 1.94798765
v -1.69676247 -0.71805781 1.94403657
v -1.69271722 -0.70692092 1.94287428
v -1.68426015 -0.69876816 1.94481220
v -1.67365733 -0.69578404 1.94933107
v -1.66374976 -0.69876816 1.95522007
v -1.65719218 -0.70692092 1.96090124
v -1.64840983 -0.72221344 1.95037516
v -1.65244596 -0.73335445 1.95152955
v -1.66090080 -0.74151023 1.94959461
v -1.67150887 -0.74449546 1.94508880
v -1.68142776 -0.74151023 1.93921945
v -1.68799970 -0.73335445 1.93355925
v -1.68946375 -0.72221344 1.92962484
v -1.68542761 -0.71107243 1.92847045
v -1.67697277 -0.70291664 1.93040539
v -1.66636470 -0.69993142 1.93491120
v -1.65644581 -0.70291664 1.94078055
v -1.64987387 -0.71107243 1.94644075
v -1.64110693 -0.72634101 1.93589786
v -1.64513408 -0.73748607 1.93704455
v -1.65358678 -0.74564482 1.93511276
v -1.66420014 -0.74863112 1.93062013
v -1.67413031 -0.74564482 1.92477045
v -1.68071652 -0.73748607 1.91913114
v -1.68219399 -0.72634101 1.91521325
v -1.67816684 -0.71519595 1.91406656
v -1.66971414 -0.70703721 1.91599835
v -1.65910078 -0.70405090 1.92049098
v -1.64917061 -0.70703721 1.92634066
v -1.64258440 -0.71519595 1.93197997
v -1.63383304 -0.73044093 1.92142044
v -1.63785133 -0.74158995 1.92255960
v -1.64630199 -0.74975160 1.92063114
v -1.65692067 -0.75273898 1.91615180
v -1.66686209 -0.74975160 1.91032181
v -1.67346247 -0.74158995 1.90470332
v -1.67495324 -0.73044093 1.90080178
v -1.67093495 -0.71929190 1.89966263
v -1.66248429 -0.71113025 1.90159108
v -1.65186562 -0.70814288 1.90607042
v -1.64192419 -0.71113025 1.91190041
v -1.63532381 -0.71929190 1.91751891
v -1.62658821 -0.73451359 1.90694289
v -1.63059777 -0.74566651 1.90807471
v -1.63904647 -0.75383101 1.90614975
v -1.64967050 -0.75681942 1.90168381
v -1.65962314 -0.75383101 1.89587353
v -1.66623761 -0.74566651 1.89027577
v -1.66774155 -0.73451359 1.88639045
v -1.66373199 -0.72336068 1.88525863
v -1.65528328 -0.71519617 1.88718358
v -1.64465926 -0.71220776 1.89164952
v -1.63470661 -0.71519617 1.89745980
v -1.62809215 -0.72336068 1.90305756
v -1.61937247 -0.73855941 1.89246521
v -1.62337343 -0.74971614 1.89358988
v -1.63182027 -0.75788343 1.89166860
v -1.64244968 -0.76087287 1.88721617
v -1.65241350 -0.75788343 1.88142562
v -1.65904195 -0.74971614 1.87584851
v -1.66055894 -0.73855941 1.87197924
v -1.65655798 -0.72740268 1.87085456
v -1.64811114 -0.71923539 1.87277584
v -1.63748174 -0.71624595 1.87722827
v -1.62751791 -0.71923539 1.88301883
v -1.62088946 -0.72740268 1.88859593
v -1.61218588 -0.74257879 1.87798741
v -1.61617835 -0.75373925 1.87910513
v -1.62462342 -0.76190928 1.87718769
v -1.63525824 -0.76489971 1.87274888
v -1.64523321 -0.76190928 1.86697806
v -1.65187556 -0.75373925 1.86142153
v -1.65340546 -0.74257879 1.85756815
v -1.64941298 -0.73141832 1.85645043
v -1.64096791 -0.72324829 1.85836786
v -1.63033310 -0.72025786 1.86280668
v -1.62035812 -0.72324829 1.86857749
v -1.61371578 -0.73141832 1.87413403
v -1.60502846 -0.74657212 1.86350949
v -1.60901258 -0.75773625 1.86462044
v -1.61745597 -0.76590896 1.86270702
v -1.62809623 -0.76890037 1.85828193
v -1.63808231 -0.76590896 1.85253087
v -1.64473845 -0.75773625 1.84699483
v -1.64628114 -0.74657212 1.84315718
v -1.64229702 -0.73540800 1.84204622
v -1.63385363 -0.72723529 1.84395964
v -1.62321337 -0.72424387 1.84838473
v -1.61322729 -0.72723529 1.85413580
v -1.60657115 -0.73540800 1.85967184
v -1.59790025 -0.75053983 1.84903145
v -1.60187614 -0.76170754 1.85013583
v -1.61031793 -0.76988287 1.84822660
v -1.62096366 -0.77287525 1.84381534
v -1.63096081 -0.76988287 1.83808404
v -1.63763065 -0.76170754 1.83256840
v -1.63918600 -0.75053983 1.82874633
v -1.63521011 -0.73937212 1.82764195
v -1.62676832 -0.73119679 1.82955117
v -1.61612259 -0.72820441 1.83396244
v -1.60612544 -0.73119679 1.83969374
v -1.59945560 -0.73937212 1.84520938
v -1.59080128 -0.75448230 1.83455330
v -1.59476907 -0.76565352 1.83565130
v -1.60320936 -0.77383143 1.83374643
v -1.61386058 -0.77682475 1.82934910
v -1.62386876 -0.77383143 1.82363757
v -1.63055220 -0.76565352 1.81814225
v -1.63212009 -0.75448230 1.81433559
v -1.62815230 -0.74331108 1.81323759
v -1.61971201 -0.73513318 1.81514245
v -1.60906078 -0.73213986 1.81953978
v -1.59905261 -0.73513318 1.82525131
v -1.59236916 -0.74331108 1.83074664
v -1.58373158 -0.75839995 1.82007505
v -1.58769139 -0.76957461 1.82116686
v -1.59613026 -0.77775503 1.81926652
v -1.60678701 -0.78074927 1.81488322
v -1.61680617 -0.77775503 1.80919147
v -1.62350312 -0.76957461 1.80371636
v -1.62508341 -0.75839995 1.79992495
v -1.62112360 -0.74722529 1.79883314
v -1.61268473 -0.73904487 1.80073348
v -1.60202798 -0.73605063 1.80511678
v -1.59200882 -0.73904487 1.81080853
v -1.58531187 -0.74722529 1.81628364
v -1.57669118 -0.76229317 1.80559668
v -1.58064313 -0.77347119 1.80668250
v -1.58908067 -0.78165407 1.80478686
v -1.59974297 -0.78464922 1.80041770
v -1.60977308 -0.78165407 1.79474573
v -1.61648343 -0.77347119 1.78929075
v -1.61807599 -0.76229317 1.78551443
v -1.61412404 -0.75111515 1.78442861
v -1.60568650 -0.74293226 1.78632425
v -1.59502420 -0.73993712 1.79069341
v -1.58499409 -0.74293226 1.79636538
v -1.57828374 -0.75111515 1.80182036
v -1.56968009 -0.76616237 1.79111822
v -1.57362431 -0.77734368 1.79219823
v -1.58206060 -0.78552897 1.79030746
v -1.59272848 -0.78852500 1.78595253
v -1.60276948 -0.78552897 1.78030035
v -1.60949314 -0.77734368 1.77486541
v -1.61109785 -0.76616237 1.77110400
v -1.60715363 -0.75498105 1.77002399
v -1.59871733 -0.74679576 1.77191476
v -1.58804946 -0.74379974 1.77626969
v -1.57800845 -0.74679576 1.78192187
v -1.57128480 -0.75498105 1.78735681
v -1.56269833 -0.77000794 1.77663966
v -1.56663494 -0.78119248 1.77771406
v -1.57507008 -0.78938013 1.77582833
v -1.58574355 -0.79237702 1.77148773
v -1.59579542 -0.78938013 1.76585534
v -1.60253228 -0.78119248 1.76044034
v -1.60414900 -0.77000794 1.75669368
v -1.60021239 -0.75882341 1.75561927
v -1.59177725 -0.75063576 1.75750501
v -1.58110378 -0.74763887 1.76184560
v -1.57105192 -0.75063576 1.76747800
v -1.56431506 -0.75882341 1.77289300
v -1.55574593 -0.77383030 1.76216100
v -1.55967506 -0.78501799 1.76322999
v -1.56810912 -0.79320794 1.76134946
v -1.57878821 -0.79620568 1.75702329
v -1.58885088 -0.79320794 1.75141068
v -1.59560085 -0.78501799 1.74601553
v -1.59722946 -0.77383030 1.74228345
v -1.59330033 -0.76264261 1.74121446
v -1.58486627 -0.75445266 1.74309499
v -1.57418718 -0.75145493 1.74742115
v -1.56412451 -0.75445266 1.75303376
v -1.55737454 -0.76264261 1.75842892
v -1.54882289 -0.77762984 1.74768225
v -1.55274466 -0.78882061 1.74874602
v -1.56117772 -0.79701282 1.74687086
v -1.57186246 -0.80001137 1.74255922
v -1.58193589 -0.79701282 1.73696640
v -1.58869886 -0.78882061 1.73159098
v -1.59033922 -0.77762984 1.72787331
v -1.58641746 -0.76643907 1.72680953
v -1.57798439 -0.75824686 1.72868469
v -1.56729966 -0.75524831 1.73299633
v -1.55722622 -0.75824686 1.73858916
v -1.55046326 -0.76643907 1.74396458
v -1.54192922 -0.78140696 1.73320341
v -1.54584375 -0.79260074 1.73426216
v -1.55427590 -0.80079515 1.73239254
v -1.56496630 -0.80379451 1.72809552
v -1.57505045 -0.80079515 1.72252247
v -1.58182631 -0.79260074 1.71716669
v -1.58347831 -0.78140696 1.71346326
v -1.57956378 -0.77021318 1.71240451
v -1.57113162 -0.76201877 1.71427412
v -1.56044123 -0.75901941 1.71857115
v -1.55035708 -0.76201877 1.72414420
v -1.54358122 -0.77021318 1.72949998
v -1.53506493 -0.78516206 1.71872448
v -1.53897234 -0.79635878 1.71977841
v -1.54740367 -0.80455535 1.71791450
v -1.55809974 -0.80755550 1.71363218
v -1.56819456 -0.80455535 1.70807891
v -1.57498322 -0.79635878 1.70274266
v -1.57664671 -0.78516206 1.69905330
v -1.57273930 -0.77396534 1.69799937
v -1.56430798 -0.76576878 1.69986328
v -1.55361190 -0.76276863 1.70414559
v -1.54351709 -0.76576878 1.70969887
v -1.53672842 -0.77396534 1.71503512
v -1.52823003 -0.78889554 1.70424548
v -1.53213044 -0.80009513 1.70529478
v -1.54056102 -0.80829380 1.70343674
v -1.55126279 -0.81129473 1.69916922
v -1.56136823 -0.80829380 1.69363570
v -1.56816958 -0.80009513 1.68831889
v -1.56984444 -0.78889554 1.68464341
v -1.56594402 -0.77769595 1.68359411
v -1.55751344 -0.76949728 1.68545215
v -1.54681167 -0.76649636 1.68971967
v -1.53670624 -0.76949728 1.69525318
v -1.52990488 -0.77769595 1.70057000
v -1.52142451 -0.79260781 1.68976639
v -1.52531805 -0.80381020 1.69081126
v -1.53374796 -0.81201093 1.68895926
v -1.54445544 -0.81501260 1.68470663
v -1.55457144 -0.81201093 1.67919287
v -1.56138538 -0.80381020 1.67389537
v -1.56307148 -0.79260781 1.67023361
v -1.55917793 -0.78140541 1.66918874
v -1.55074803 -0.77320469 1.67104074
v -1.54004054 -0.77020301 1.67529337
v -1.52992454 -0.77320469 1.68080713
v -1.52311060 -0.78140541 1.68610463
v -1.51464836 -0.79629925 1.67528724
v -1.51853515 -0.80750438 1.67632787
v -1.52696447 -0.81570711 1.67448207
v -1.53767769 -0.81870952 1.67024442
v -1.54780420 -0.81570711 1.66475039
v -1.55463063 -0.80750438 1.65947210
v -1.55632783 -0.79629925 1.65582387
v -1.55244104 -0.78509411 1.65478324
v -1.54401172 -0.77689138 1.65662904
v -1.53329850 -0.77388897 1.66086669
v -1.52317199 -0.77689138 1.66636072
v -1.51634556 -0.78509411 1.67163901
v -1.50790160 -0.79997026 1.66080801
v -1.51178176 -0.81117807 1.66184461
v -1.52021056 -0.81938275 1.66000517
v -1.53092952 -0.82238588 1.65578258
v -1.54106650 -0.81938275 1.65030827
v -1.54790530 -0.81117807 1.64504909
v -1.54961347 -0.79997026 1.64141421
v -1.54573332 -0.78876245 1.64037762
v -1.53730451 -0.78055777 1.64221705
v -1.52658555 -0.77755464 1.64643964
v -1.51644857 -0.78055777 1.65191395
v -1.50960977 -0.78876245 1.65717314
v -1.50118420 -0.80362125 1.64632871
v -1.50505784 -0.81483166 1.64736147
v -1.51348621 -0.82303826 1.64552857
v -1.52421093 -0.82604208 1.64132112
v -1.53435832 -0.82303826 1.63586652
v -1.54120939 -0.81483166 1.63062632
v -1.54292841 -0.80362125 1.62700462
v -1.53905477 -0.79241083 1.62597186
v -1.53062640 -0.78420424 1.62780476
v -1.51990168 -0.78120042 1.63201221
v -1.50975429 -0.78420424 1.63746681
v -1.50290322 -0.79241083 1.64270702
v -1.49449615 -0.80725261 1.63184936
v -1.49836340 -0.81846556 1.63287848
v -1.50679141 -0.82667402 1.63105226
v -1.51752190 -0.82967852 1.62686005
v -1.52767965 -0.82667402 1.62142513
v -1.53454288 -0.81846556 1.61620379
v -1.53627262 -0.80725261 1.61259509
v -1.53240537 -0.79603965 1.61156597
v -1.52397736 -0.78783120 1.61339218
v -1.51324687 -0.78482669 1.61758440
v -1.50308912 -0.78783120 1.62301932
v -1.49622589 -0.79603965 1.62824065
v -1.48783745 -0.81086473 1.61736994
v -1.49169842 -0.82208016 1.61839562
v -1.50012615 -0.83029043 1.61657626
v -1.51086242 -0.83329560 1.61239935
v -1.52103046 -0.83029043 1.60698410
v -1.52790576 -0.82208016 1.60178151
v -1.52964608 -0.81086473 1.59818561
v -1.52578510 -0.79964929 1.59715993
v -1.51735738 -0.79143903 1.59897930
v -1.50662110 -0.78843386 1.60315620
v -1.49645306 -0.79143903 1.60857146
v -1.48957777 -0.79964929 1.61377405
v -1.48120806 -0.81445801 1.60289047
v -1.48506288 -0.82567586 1.60391291
v -1.49349040 -0.83388789 1.60210056
v -1.50423246 -0.83689371 1.59793904
v -1.51441075 -0.83388789 1.59254342
v -1.52129800 -0.82567586 1.58735946
v -1.52304877 -0.81445801 1.58377620
v -1.51919395 -0.80324016 1.58275376
v -1.51076644 -0.79502813 1.58456611
v -1.50002437 -0.79202232 1.58872763
v -1.48984608 -0.79502813 1.59412324
v -1.48295884 -0.80324016 1.59930720
v -1.47460798 -0.81803285 1.58841095
v -1.47845676 -0.82925305 1.58943035
v -1.48688414 -0.83746680 1.58762517
v -1.49763201 -0.84047325 1.58347912
v -1.50782048 -0.83746680 1.57810311
v -1.51471957 -0.82925305 1.57293766
v -1.51648067 -0.81803285 1.56936683
v -1.51263189 -0.80681265 1.56834743
v -1.50420451 -0.79859890 1.57015261
v -1.49345664 -0.79559245 1.57429866
v -1.48326817 -0.79859890 1.57967467
v -1.47636908 -0.80681265 1.58484012
v -1.46803718 -0.82158964 1.57393138
v -1.47188003 -0.83281212 1.57494793
v -1.48030735 -0.84102755 1.57315009
v -1.49106102 -0.84403461 1.56901958
v -1.50125963 -0.84102755 1.56366316
v -1.50817045 -0.83281212 1.55851609
v -1.50994174 -0.82158964 1.55495751
v -1.50609889 -0.81036715 1.55394096
v -1.49767158 -0.80215172 1.55573880
v -1.48691790 -0.79914466 1.55986931
v -1.47671929 -0.80215172 1.56522573
v -1.46980847 -0.81036715 1.57037280
v -1.46149563 -0.82512876 1.55945176
v -1.46533267 -0.83635348 1.56046568
v -1.47375999 -0.84457054 1.55867533
v -1.48451949 -0.84757819 1.55456043
v -1.49472816 -0.84457054 1.54922357
v -1.50165061 -0.83635348 1.54409475
v -1.50343197 -0.82512876 1.54054824
v -1.49959492 -0.81390405 1.53953432
v -1.49116760 -0.80568699 1.54132467
v -1.48040811 -0.80267934 1.54543957
v -1.47019943 -0.80568699 1.55077643
v -1.46327698 -0.81390405 1.55590525
v -1.45498329 -0.82865063 1.54497211
v -1.45881465 -0.83987750 1.54598358
v -1.46724204 -0.84809615 1.54420088
v -1.47800737 -0.85110438 1.54010167
v -1.48822605 -0.84809615 1.53478433
v -1.49516002 -0.83987750 1.52967364
v -1.49695131 -0.82865063 1.52613901
v -1.49311996 -0.81742375 1.52512753
v -1.48469256 -0.80920511 1.52691023
v -1.47392724 -0.80619687 1.53100944
v -1.46370855 -0.80920511 1.53632678
v -1.45677459 -0.81742375 1.54143747
v -1.44850015 -0.83215562 1.53049241
v -1.45232593 -0.84338460 1.53150165
v -1.46075347 -0.85160478 1.52972675
v -1.47152462 -0.85461358 1.52564330
v -1.48175326 -0.85160478 1.52034545
v -1.48869863 -0.84338460 1.51525276
v -1.49049973 -0.83215562 1.51172981
v -1.48667395 -0.82092664 1.51072057
v -1.47824641 -0.81270645 1.51249547
v -1.46747526 -0.80969766 1.51657892
v -1.45724662 -0.81270645 1.52187677
v -1.45030125 -0.82092664 1.52696946
v -1.44204616 -0.83564412 1.51601269
v -1.44586648 -0.84687514 1.51701989
v -1.45429423 -0.85509682 1.51525295
v -1.46507121 -0.85810617 1.51118532
v -1.47530974 -0.85509682 1.50590693
v -1.48226641 -0.84687514 1.50083210
v -1.48407719 -0.83564412 1.49732064
v -1.48025688 -0.82441310 1.49631344
v -1.47182912 -0.81619142 1.49808038
v -1.46105214 -0.81318208 1.50214801
v -1.45081361 -0.81619142 1.50742641
v -1.44385694 -0.82441310 1.51250123
v -1.43562129 -0.83911653 1.50153294
v -1.43943625 -0.85034954 1.50253830
v -1.44786429 -0.85857267 1.50077948
v -1.45864711 -0.86158255 1.49672774
v -1.46889547 -0.85857267 1.49146876
v -1.47586332 -0.85034954 1.48641166
v -1.47768365 -0.83911653 1.48291150
v -1.47386868 -0.82788353 1.48190614
v -1.46544065 -0.81966040 1.48366497
v -1.45465783 -0.81665052 1.48771670
v -1.44440947 -0.81966040 1.49297569
v -1.43744161 -0.82788353 1.49803278
v -1.42922549 -0.84257324 1.48705316
v -1.43303521 -0.85380817 1.48805689
v -1.44146359 -0.86203271 1.48630633
v -1.45225225 -0.86504310 1.48227056
v -1.46251038 -0.86203271 1.47703095
v -1.46948931 -0.85380817 1.47199145
v -1.47131906 -0.84257324 1.46850239
v -1.46750933 -0.83133831 1.46749867
v -1.45908095 -0.82311377 1.46924922
v -1.44829229 -0.82010338 1.47328500
v -1.43803416 -0.82311377 1.47852461
v -1.43105523 -0.83133831 1.48356411
v -1.42285871 -0.84601464 1.47257337
v -1.42666331 -0.85725143 1.47357566
v -1.43509210 -0.86547734 1.47183352
v -1.44588661 -0.86848823 1.46781377
v -1.45615443 -0.86547734 1.46259349
v -1.46314434 -0.85725143 1.45757145
v -1.46498337 -0.84601464 1.45409330
v -1.46117877 -0.83477784 1.45309101
v -1.45274998 -0.82655194 1.45483314
v -1.44195548 -0.82354105 1.45885290
v -1.43168765 -0.82655194 1.46407318
v -1.42469775 -0.83477784 1.46909522
v -1.41652092 -0.84944110 1.45809356
v -1.42032050 -0.86067970 1.45909461
v -1.42874977 -0.86890693 1.45736105
v -1.43955011 -0.87191831 1.45335738
v -1.44982758 -0.86890693 1.44815638
v -1.45682834 -0.86067970 1.44315166
v -1.45867654 -0.84944110 1.43968422
v -1.45487695 -0.83820250 1.43868317
v -1.44644768 -0.82997527 1.44041673
v -1.43564734 -0.82696390 1.44442040
v -1.42536987 -0.82997527 1.44962140
v -1.41836911 -0.83820250 1.45462612
v -1.41021205 -0.85285303 1.44361373
v -1.41400673 -0.86409338 1.44461375
v -1.42243654 -0.87232189 1.44288892
v -1.43324272 -0.87533373 1.43890139
v -1.44352977 -0.87232189 1.43371963
v -1.45054127 -0.86409338 1.42873208
v -1.45239850 -0.85285303 1.42527515
v -1.44860382 -0.84161268 1.42427513
v -1.44017401 -0.83338417 1.42599997
v -1.42936783 -0.83037233 1.42998750
v -1.41908079 -0.83338417 1.43516926
v -1.41206929 -0.84161268 1.44015681
v -1.40393207 -0.85625080 1.42913390
v -1.40772195 -0.86749284 1.43013309
v -1.41615236 -0.87572259 1.42841712
v -1.42696438 -0.87873488 1.42444580
v -1.43726093 -0.87572259 1.41928322
v -1.44428307 -0.86749284 1.41431271
v -1.44614921 -0.85625080 1.41086610
v -1.44235933 -0.84500876 1.40986691
v -1.43392891 -0.83677901 1.41158288
v -1.42311689 -0.83376671 1.41555420
v -1.41282034 -0.83677901 1.42071678
v -1.40579821 -0.84500876 1.42568729
v -1.39768090 -0.85963480 1.41465407
v -1.40146610 -0.87087848 1.41565262
v -1.40989717 -0.87910942 1.41394568
v -1.42071502 -0.88212216 1.40999061
v -1.43102102 -0.87910942 1.40484717
v -1.43805368 -0.87087848 1.39989354
v -1.43992860 -0.85963480 1.39645704
v -1.43614340 -0.84839112 1.39545849
v -1.42771233 -0.84016018 1.39716543
v -1.41689447 -0.83714745 1.40112050
v -1.40658848 -0.84016018 1.40626394
v -1.39955582 -0.84839112 1.41121757
v -1.39145849 -0.86300542 1.40017423
v -1.39523911 -0.87425067 1.40117236
v -1.40367091 -0.88248277 1.39947458
v -1.41449459 -0.88549593 1.39553582
v -1.42480997 -0.88248277 1.39041146
v -1.43185303 -0.87425067 1.38547457
v -1.43373661 -0.86300542 1.38204799
v -1.42995599 -0.85176016 1.38104986
v -1.42152419 -0.84352806 1.38274764
v -1.41070051 -0.84051490 1.38668640
v -1.40038513 -0.84352806 1.39181076
v -1.39334207 -0.85176016 1.39674765
v -1.38526478 -0.86636303 1.38569440
v -1.38904093 -0.87760981 1.38669230
v -1.39747351 -0.88584302 1.38500384
v -1.40830302 -0.88885659 1.38108144
v -1.41862771 -0.88584302 1.37597611
v -1.42568107 -0.87760981 1.37105580
v -1.42757317 -0.86636303 1.36763893
v -1.42379703 -0.85511625 1.36664103
v -1.41536445 -0.84688304 1.36832949
v -1.40453494 -0.84386947 1.37225189
v -1.39421025 -0.84688304 1.37735723
v -1.38715689 -0.85511625 1.38227753
v -1.37909971 -0.86970803 1.37121458
v -1.38287149 -0.88095627 1.37221245
v -1.39130491 -0.88919056 1.37053345
v -1.40214024 -0.89220452 1.36662746
v -1.41247417 -0.88919056 1.36154109
v -1.41953772 -0.88095627 1.35663723
v -1.42143822 -0.86970803 1.35322986
v -1.41766644 -0.85845978 1.35223199
v -1.40923302 -0.85022549 1.35391099
v -1.39839769 -0.84721153 1.35781698
v -1.38806377 -0.85022549 1.36290335
v -1.38100021 -0.85845978 1.36780721
v -1.37296320 -0.87304078 1.35673477
v -1.37673072 -0.88429044 1.35773282
v -1.38516504 -0.89252576 1.35606342
v -1.39600618 -0.89554010 1.35217389
v -1.40634928 -0.89252576 1.34710643
v -1.41342291 -0.88429044 1.34221885
v -1.41533169 -0.87304078 1.33882078
v -1.41156417 -0.86179112 1.33782273
v -1.40312985 -0.85355580 1.33949213
v -1.39228871 -0.85054146 1.34338166
v -1.38194561 -0.85355580 1.34844913
v -1.37487198 -0.86179112 1.35333671
v -1.36685518 -0.87636168 1.34225498
v -1.37061855 -0.88761270 1.34325340
v -1.37905382 -0.89584901 1.34159375
v -1.38990077 -0.89886371 1.33772073
v -1.40025297 -0.89584901 1.33267210
v -1.40733656 -0.88761270 1.32780066
v -1.40925349 -0.87636168 1.32441168
v -1.40549013 -0.86511066 1.32341326
v -1.39705486 -0.85687435 1.32507291
v -1.38620791 -0.85385965 1.32894594
v -1.37585571 -0.85687435 1.33399456
v -1.36877212 -0.86511066 1.33886601
v -1.36077559 -0.87967110 1.32777521
v -1.36453490 -0.89092342 1.32877421
v -1.37297118 -0.89916069 1.32712445
v -1.38382393 -0.90217574 1.32326797
v -1.39418517 -0.89916069 1.31823812
v -1.40127860 -0.89092342 1.31338265
v -1.40320356 -0.87967110 1.31000257
v -1.39944425 -0.86841878 1.30900357
v -1.39100797 -0.86018151 1.31065333
v -1.38015522 -0.85716646 1.31450981
v -1.36979399 -0.86018151 1.31953966
v -1.36270055 -0.86841878 1.32439513
v -1.35472434 -0.88296942 1.31329547
v -1.35847970 -0.89422299 1.31429524
v -1.36691704 -0.90246117 1.31265551
v -1.37777558 -0.90547656 1.30881562
v -1.38814578 -0.90246117 1.30380448
v -1.39524896 -0.89422299 1.29896482
v -1.39718182 -0.88296942 1.29559342
v -1.39342646 -0.87171585 1.29459364
v -1.38498912 -0.86347766 1.29623338
v -1.37413058 -0.86046228 1.30007327
v -1.36376038 -0.86347766 1.30508441
v -1.35665720 -0.87171585 1.30992407
v -1.34870135 -0.88625701 1.29881575
v -1.35245287 -0.89751178 1.29981651
v -1.36089132 -0.90575084 1.29818693
v -1.37175563 -0.90876654 1.29436368
v -1.38213473 -0.90575084 1.28937118
v -1.38924753 -0.89751178 1.28454717
v -1.39118817 -0.88625701 1.28118425
v -1.38743666 -0.87500225 1.28018349
v -1.37899820 -0.86676319 1.28181307
v -1.36813389 -0.86374748 1.28563632
v -1.35775479 -0.86676319 1.29062882
v -1.35064199 -0.87500225 1.29545283
v -1.34270655 -0.88953426 1.28433607
v -1.34645431 -0.90079017 1.28533800
v -1.35489393 -0.90903007 1.28371874
v -1.36576401 -0.91204608 1.27991215
v -1.37615193 -0.90903007 1.27493822
v -1.38327425 -0.90079017 1.27012970
v -1.38522254 -0.88953426 1.26677504
v -1.38147477 -0.87827835 1.26577311
v -1.37303515 -0.87003845 1.26739238
v -1.36216507 -0.86702244 1.27119896
v -1.35177716 -0.87003845 1.27617289
v -1.34465484 -0.87827835 1.28098141
v -1.33673984 -0.89280154 1.26985643
v -1.34048396 -0.90405854 1.27085974
v -1.34892479 -0.91229923 1.26925091
v -1.35980063 -0.91531554 1.26546103
v -1.37019729 -0.91229923 1.26050559
v -1.37732901 -0.90405854 1.25571240
v -1.37928484 -0.89280154 1.25236579
v -1.37554072 -0.88154454 1.25136248
v -1.36709988 -0.87330384 1.25297131
v -1.35622405 -0.87028754 1.25676119
v -1.34582738 -0.87330384 1.26171663
v -1.33869566 -0.88154454 1.26650982
v -1.33080113 -0.89605922 1.25537684
v -1.33454171 -0.90731726 1.25638172
v -1.34298381 -0.91555871 1.25478346
v -1.35386539 -0.91857530 1.25101032
v -1.36427073 -0.91555871 1.24607329
v -1.37141173 -0.90731726 1.24129526
v -1.37337497 -0.89605922 1.23795650
v -1.36963440 -0.88480118 1.23695161
v -1.36119230 -0.87655972 1.23854987
v -1.35031072 -0.87354314 1.24232302
v -1.33990538 -0.87655972 1.24726004
v -1.33276437 -0.88480118 1.25203807
v -1.32489035 -0.89930767 1.24089729
v -1.32862747 -0.91056670 1.24190395
v -1.33707089 -0.91880888 1.24031640
v -1.34795819 -0.92182573 1.23656002
v -1.35837214 -0.91880888 1.23164133
v -1.36552232 -0.91056670 1.22687830
v -1.36749285 -0.89930767 1.22354716
v -1.36375573 -0.88804865 1.22254050
v -1.35531231 -0.87980647 1.22412805
v -1.34442500 -0.87678962 1.22788442
v -1.33401106 -0.87980647 1.23280311
v -1.32686088 -0.88804865 1.23756615
v -1.31900738 -0.90254728 1.22641779
v -1.32274116 -0.91380724 1.22742642
v -1.33118594 -0.92205010 1.22584971
v -1.34207895 -0.92506720 1.22211013
v -1.35250143 -0.92205010 1.21720970
v -1.35966067 -0.91380724 1.21246149
v -1.36163837 -0.90254728 1.20913777
v -1.35790460 -0.89128732 1.20812913
v -1.34945982 -0.88304445 1.20970584
v -1.33856680 -0.88002735 1.21344542
v -1.32814433 -0.88304445 1.21834585
v -1.32098508 -0.89128732 1.22309407
v -1.31315215 -0.90577840 1.21193834
v -1.31688266 -0.91703924 1.21294915
v -1.32532885 -0.92528275 1.21138341
v -1.33622756 -0.92830009 1.20766066
v -1.34665850 -0.92528275 1.20277840
v -1.35382669 -0.91703924 1.19804484
v -1.35581144 -0.90577840 1.19472832
v -1.35208092 -0.89451755 1.19371751
v -1.34363473 -0.88627404 1.19528325
v -1.33273602 -0.88325671 1.19900601
v -1.32230509 -0.88627404 1.20388827
v -1.31513689 -0.89451755 1.20862183
v -1.30732454 -0.90900141 1.19745896
v -1.31105189 -0.92026309 1.19847214
v -1.31949954 -0.92850721 1.19691750
v -1.33040393 -0.93152476 1.19321160
v -1.34084324 -0.92850721 1.18834743
v -1.34802028 -0.92026309 1.18362834
v -1.35001195 -0.90900141 1.18031881
v -1.34628459 -0.89773973 1.17930563
v -1.33783695 -0.88949561 1.18086028
v -1.32693256 -0.88647805 1.18456618
v -1.31649324 -0.88949561 1.18943035
v -1.30931621 -0.89773973 1.19414944
v -1.30152445 -0.91221667 1.18297965
v -1.30524874 -0.92347913 1.18399540
v -1.31369788 -0.93172383 1.18245198
v -1.32460794 -0.93474160 1.17876295
v -1.33505556 -0.93172383 1.17391678
v -1.34224132 -0.92347913 1.16921199
v -1.34423980 -0.91221667 1.16590924
v -1.34051551 -0.90095421 1.16489349
v -1.33206637 -0.89270952 1.16643691
v -1.32115632 -0.88969175 1.17012594
v -1.31070869 -0.89270952 1.17497211
v -1.30352293 -0.90095421 1.17967689
v -1.29575178 -0.91542456 1.16850040
v -1.29947310 -0.92668776 1.16951892
v -1.30792378 -0.93493299 1.16798685
v -1.31883948 -0.93795095 1.16431471
v -1.32929534 -0.93493299 1.15948645
v -1.33648971 -0.92668776 1.15479579
v -1.33849488 -0.91542456 1.15149960
v -1.33477356 -0.90416137 1.15048108
v -1.32632288 -0.89591614 1.15201315
v -1.31540718 -0.89289818 1.15568529
v -1.30495133 -0.89591614 1.16051355
v -1.29775695 -0.90416137 1.16520421
v -1.29000642 -0.91862544 1.15402123
v -1.29372486 -0.92988932 1.15504271
v -1.30217713 -0.93813505 1.15352211
v -1.31309845 -0.94115319 1.14986689
v -1.32356246 -0.93813505 1.14505644
v -1.33076534 -0.92988932 1.14037974
v -1.33277709 -0.91862544 1.13708989
v -1.32905864 -0.90736157 1.13606840
v -1.32060637 -0.89911584 1.13758900
v -1.30968505 -0.89609769 1.14124422
v -1.29922104 -0.89911584 1.14605467
v -1.29201816 -0.90736157 1.15073137
v -1.28428826 -0.92181968 1.13954213
v -1.28800392 -0.93308418 1.14056677
v -1.29645781 -0.94133038 1.13905778
v -1.30738474 -0.94434869 1.13541948
v -1.31785683 -0.94133038 1.13062676
v -1.32506810 -0.93308418 1.12596382
v -1.32708629 -0.92181968 1.12268009
v -1.32337064 -0.91055517 1.12165545
v -1.31491674 -0.90230897 1.12316445
v -1.30398982 -0.89929066 1.12680274
v -1.29351773 -0.90230897 1.13159546
v -1.28630646 -0.91055517 1.13625840
v -1.27859719 -0.92500763 1.12506312
v -1.28231015 -0.93627272 1.12609112
v -1.29076571 -0.94451934 1.12459384
v -1.30169822 -0.94753781 1.12097248
v -1.31217831 -0.94451934 1.11619739
v -1.31939786 -0.93627272 1.11154803
v -1.32142240 -0.92500763 1.10827021
v -1.31770944 -0.91374254 1.10724222
v -1.30925387 -0.90549592 1.10873949
v -1.29832137 -0.90247744 1.11236085
v -1.28784127 -0.90549592 1.11713595
v -1.28062172 -0.91374254 1.12178530
v -1.27293308 -0.92818966 1.11058419
v -1.27664344 -0.93945529 1.11161574
v -1.28510071 -0.94770230 1.11013030
v -1.29603877 -0.95072091 1.10652590
v -1.30652680 -0.94770230 1.10176833
v -1.31375452 -0.93945529 1.09713238
v -1.31578527 -0.92818966 1.09386025
v -1.31207492 -0.91692403 1.09282870
v -1.30361765 -0.90867702 1.09431414
v -1.29267958 -0.90565841 1.09791854
v -1.28219155 -0.90867702 1.10267611
v -1.27496384 -0.91692403 1.10731206
v -1.26729583 -0.93136613 1.09610536
v -1.27100366 -0.94263225 1.09714065
v -1.27946268 -0.95087961 1.09566717
v -1.29040629 -0.95389836 1.09207973
v -1.30090216 -0.95087961 1.08733959
v -1.30813793 -0.94263225 1.08271686
v -1.31017479 -0.93136613 1.07945019
v -1.30646696 -0.92010002 1.07841490
v -1.29800794 -0.91185266 1.07988838
v -1.28706433 -0.90883391 1.08347582
v -1.27656846 -0.91185266 1.08821597
v -1.26933269 -0.92010002 1.09283870
v -1.26168530 -0.93453741 1.08162662
v -1.26539071 -0.94580396 1.08266586
v -1.27385151 -0.95405164 1.08120445
v -1.28480063 -0.95707050 1.07763398
v -1.29530428 -0.95405164 1.07291115
v -1.30254800 -0.94580396 1.06830145
v -1.30459084 -0.93453741 1.06504004
v -1.30088544 -0.92327086 1.06400081
v -1.29242464 -0.91502318 1.06546222
v -1.28147551 -0.91200432 1.06903269
v -1.27097187 -0.91502318 1.07375551
v -1.26372815 -0.92327086 1.07836521
v -1.25610138 -0.93770385 1.06714799
v -1.25980444 -0.94897078 1.06819135
v -1.26826706 -0.95721875 1.06674213
v -1.27922168 -0.96023772 1.06318864
v -1.28973302 -0.95721875 1.05848303
v -1.29698457 -0.94897078 1.05388617
v -1.29903329 -0.93770385 1.05062979
v -1.29533023 -0.92643691 1.04958642
v -1.28686761 -0.91818894 1.05103565
v -1.27591299 -0.91516997 1.05458914
v -1.26540166 -0.91818894 1.05929475
v -1.25815010 -0.92643691 1.06389161
v -1.25054393 -0.94086580 1.05266946
v -1.25424474 -0.95213307 1.05371715
v -1.26270921 -0.96038129 1.05228022
v -1.27366930 -0.96340035 1.04874371
v -1.28418825 -0.96038129 1.04405521
v -1.29144753 -0.95213307 1.03947100
v -1.29350201 -0.94086580 1.03621943
v -1.28980120 -0.92959852 1.03517174
v -1.28133673 -0.92135030 1.03660867
v -1.27037665 -0.91833125 1.04014518
v -1.25985769 -0.92135030 1.04483368
v -1.25259842 -0.92959852 1.04941789
v -1.24501283 -0.94402362 1.03819104
v -1.24871147 -0.95529119 1.03924324
v -1.25717783 -0.96353962 1.03781873
v -1.26814336 -0.96655876 1.03429919
v -1.27866985 -0.96353962 1.02962769
v -1.28593674 -0.95529119 1.02505595
v -1.28799687 -0.94402362 1.02180896
v -1.28429823 -0.93275606 1.02075676
v -1.27583187 -0.92450762 1.02218127
v -1.26486634 -0.92148849 1.02570081
v -1.25433985 -0.92450762 1.03037231
v -1.24707296 -0.93275606 1.03494405
v -1.23950795 -0.94717768 1.02371273
v -1.24320450 -0.95844549 1.02476964
v -1.25167278 -0.96669410 1.02335765
v -1.26264372 -0.96971330 1.01985509
v -1.27317767 -0.96669410 1.01520047
v -1.28045207 -0.95844549 1.01064100
v -1.28251773 -0.94717768 1.00739838
v -1.27882118 -0.93590986 1.00634147
v -1.27035290 -0.92766125 1.00775346
v -1.25938195 -0.92464205 1.01125602
v -1.24884800 -0.92766125 1.01591064
v -1.24157361 -0.93590986 1.02047011
v -1.23402913 -0.95032831 1.00923455
v -1.23772368 -0.96159632 1.01029636
v -1.24619392 -0.96984507 1.00889698
v -1.25717026 -0.97286432 1.00541139
v -1.26771159 -0.96984507 1.00077355
v -1.27499337 -0.96159632 0.99622615
v -1.27706446 -0.95032831 0.99298767
v -1.27336991 -0.93906030 0.99192587
v -1.26489967 -0.93081155 0.99332524
v -1.25392334 -0.92779229 0.99681083
v -1.24338201 -0.93081155 1.00144867
v -1.23610022 -0.93906030 1.00599607
v -1.22857626 -0.95347587 0.99475649
v -1.23226889 -0.96474403 0.99582338
v -1.24074112 -0.97299289 0.99443674
v -1.25172281 -0.97601219 0.99096811
v -1.26227144 -0.97299289 0.98634692
v -1.26956051 -0.96474403 0.98181140
v -1.27163691 -0.95347587 0.97857685
v -1.26794428 -0.94220772 0.97750995
v -1.25947205 -0.93395885 0.97889659
v -1.24849036 -0.93093956 0.98236522
v -1.23794173 -0.93395885 0.98698641
v -1.23065266 -0.94220772 0.99152193
v -1.22314919 -0.95662072 0.98027855
v -1.22683998 -0.96788898 0.98135072
v -1.23531423 -0.97613791 0.97997691
v -1.24630125 -0.97915724 0.97652524
v -1.25685710 -0.97613791 0.97192058
v -1.26415334 -0.96788898 0.96739675
v -1.26623494 -0.95662072 0.96416589
v -1.26254415 -0.94535246 0.96309373
v -1.25406991 -0.93710353 0.96446753
v -1.24308288 -0.93408421 0.96791920
v -1.23252703 -0.93710353 0.97252386
v -1.22523079 -0.94535246 0.97704770
v -1.21774777 -0.95976320 0.96580075
v -1.22143680 -0.97103151 0.96687838
v -1.22991310 -0.97928049 0.96551751
v -1.24090543 -0.98229982 0.96208279
v -1.25146842 -0.97928049 0.95749454
v -1.25877172 -0.97103151 0.95298218
v -1.26085841 -0.95976320 0.94975481
v -1.25716938 -0.94849489 0.94867718
v -1.24869308 -0.94024591 0.95003805
v -1.23770075 -0.93722658 0.95347277
v -1.22713776 -0.94024591 0.95806102
v -1.21983446 -0.94849489 0.96257337
v -1.21237185 -0.96290366 0.95132309
v -1.21605921 -0.97417198 0.95240636
v -1.22453758 -0.98242096 0.95105853
v -1.23553519 -0.98544029 0.94764074
v -1.24610524 -0.98242096 0.94306878
v -1.25341549 -0.97417198 0.93856771
v -1.25550717 -0.96290366 0.93534358
v -1.25181981 -0.95163534 0.93426030
v -1.24334144 -0.94338635 0.93560814
v -1.23234383 -0.94036702 0.93902593
v -1.22177378 -0.94338635 0.94359789
v -1.21446353 -0.95163534 0.94809896
v -1.20702130 -0.96604244 0.93684556
v -1.21070706 -0.97731072 0.93793468
v -1.21918754 -0.98555967 0.93659998
v -1.23019039 -0.98857900 0.93319910
v -1.24076742 -0.98555967 0.92864330
v -1.24808451 -0.97731072 0.92415331
v -1.25018107 -0.96604244 0.92093221
v -1.24649531 -0.95477416 0.91984310
v -1.23801483 -0.94652520 0.92117780
v -1.22701198 -0.94350588 0.92457868
v -1.21643495 -0.94652520 0.92913448
v -1.20911785 -0.95477416 0.93362447
v -1.20169595 -0.96917989 0.92236819
v -1.20538019 -0.98044808 0.92346332
v -1.21386280 -0.98869697 0.92214185
v -1.22487087 -0.99171628 0.91875787
v -1.23545480 -0.98869697 0.91421811
v -1.24277863 -0.98044808 0.90973899
v -1.24487995 -0.96917989 0.90652070
v -1.24119571 -0.95791169 0.90542557
v -1.23271310 -0.94966280 0.90674704
v -1.22170503 -0.94664350 0.91013102
v -1.21112110 -0.94966280 0.91467078
v -1.20379727 -0.95791169 0.91914990
v -1.19639566 -0.97231635 0.90789096
v -1.20007846 -0.98358441 0.90899230
v -1.20856322 -0.99183321 0.90768415
v -1.21957648 -0.99485247 0.90431704
v -1.23016722 -0.99183321 0.89979319
v -1.23749768 -0.98358441 0.89532475
v -1.23960365 -0.97231635 0.89210904
v -1.23592086 -0.96104829 0.89100770
v -1.22743609 -0.95279950 0.89231585
v -1.21642284 -0.94978023 0.89568296
v -1.20583209 -0.95279950 0.90020681
v -1.19850164 -0.96104829 0.90467525
v -1.19112026 -0.97545217 0.89341389
v -1.19480169 -0.98672005 0.89452161
v -1.20328864 -0.99496871 0.89322688
v -1.21430705 -0.99798793 0.88987662
v -1.22490453 -0.99496871 0.88536854
v -1.23224150 -0.98672005 0.88091057
v -1.23435203 -0.97545217 0.87769722
v -1.23067060 -0.96418429 0.87658950
v -1.22218365 -0.95593562 0.87788423
v -1.21116524 -0.95291640 0.88123449
v -1.20056776 -0.95593562 0.88574257
v -1.19323079 -0.96418429 0.89020054
v -1.18586960 -0.97858768 0.87893699
v -1.18954974 -0.98985533 0.88005127
v -1.19803890 -0.99810383 0.87877004
v -1.20906242 -1.00112299 0.87543661
v -1.21966656 -0.99810383 0.87094417
v -1.22700994 -0.98985533 0.86649646
v -1.22912492 -0.97858768 0.86328524
v -1.22544478 -0.96732002 0.86217095
v -1.21695561 -0.95907153 0.86345218
v -1.20593209 -0.95605237 0.86678561
v -1.19532795 -0.95907153 0.87127805
v -1.18798457 -0.96732002 0.87572577
v -1.18064351 -0.98172322 0.86446024
v -1.18432243 -0.99299060 0.86558127
v -1.19281383 -1.00123890 0.86431364
v -1.20384243 -1.00425799 0.86099701
v -1.21445315 -1.00123890 0.85652006
v -1.22180283 -0.99299060 0.85208240
v -1.22392215 -0.98172322 0.84887309
v -1.22024322 -0.97045584 0.84775206
v -1.21175183 -0.96220754 0.84901969
v -1.20072322 -0.95918845 0.85233633
v -1.19011251 -0.96220754 0.85681327
v -1.18276282 -0.97045584 0.86125093
v -1.17544183 -0.98485913 0.84998367
v -1.17911961 -0.99612620 0.85111162
v -1.18761326 -1.00437426 0.84985767
v -1.19864692 -1.00739326 0.84655780
v -1.20926412 -1.00437426 0.84209622
v -1.21662000 -0.99612620 0.83766840
v -1.21874356 -0.98485913 0.83446078
v -1.21506578 -0.97359206 0.83333282
v -1.20657212 -0.96534400 0.83458678
v -1.19553846 -0.96232500 0.83788664
v -1.18492126 -0.96534400 0.84234822
v -1.17756538 -0.97359206 0.84677604
v -1.17026439 -0.98799575 0.83550727
v -1.17394110 -0.99926245 0.83664232
v -1.18243703 -1.00751025 0.83540213
v -1.19347571 -1.01052915 0.83211900
v -1.20409932 -1.00751025 0.82767264
v -1.21146129 -0.99926245 0.82325446
v -1.21358897 -0.98799575 0.82004829
v -1.20991226 -0.97672904 0.81891323
v -1.20141633 -0.96848125 0.82015342
v -1.19037765 -0.96546234 0.82343655
v -1.17975404 -0.96848125 0.82788291
v -1.17239207 -0.97672904 0.83230110
v -1.16511102 -0.99113340 0.82103105
v -1.16878673 -1.00239969 0.82217338
v -1.17728496 -1.01064719 0.82094704
v -1.18832862 -1.01366598 0.81768060
v -1.19895857 -1.01064719 0.81324932
v -1.20632652 -1.00239969 0.80884055
v -1.20845823 -0.99113340 0.80563562
v -1.20478252 -0.97986711 0.80449328
v -1.19628429 -0.97161961 0.80571963
v -1.18524063 -0.96860082 0.80898606
v -1.17461068 -0.97161961 0.81341734
v -1.16724273 -0.97986711 0.81782611
v -1.15998155 -0.99427242 0.80655501
v -1.16365633 -1.00553826 0.80770480
v -1.17215689 -1.01378542 0.80649238
v -1.18320550 -1.01680409 0.80324260
v -1.19384169 -1.01378542 0.79882626
v -1.20121551 -1.00553826 0.79442669
v -1.20335115 -0.99427242 0.79122277
v -1.19967637 -0.98300659 0.79007298
v -1.19117581 -0.97475942 0.79128540
v -1.18012720 -0.97174075 0.79453517
v -1.16949101 -0.97475942 0.79895152
v -1.16211719 -0.98300659 0.80335108
v -1.15487580 -0.99741315 0.79207916
v -1.15854973 -1.00867848 0.79323658
v -1.16705263 -1.01692528 0.79203815
v -1.17810615 -1.01994381 0.78880500
v -1.18874851 -1.01692528 0.78440344
v -1.19612810 -1.00867848 0.78001287
v -1.19826756 -0.99741315 0.77680973
v -1.19459363 -0.98614781 0.77565231
v -1.18609073 -0.97790102 0.77685073
v -1.17503722 -0.97488248 0.78008389
v -1.16439486 -0.97790102 0.78448545
v -1.15701527 -0.98614781 0.78887602
v -1.14979360 -1.00055590 0.77760350
v -1.15346675 -1.01182068 0.77876872
v -1.16197200 -1.02006708 0.77758437
v -1.17303040 -1.02308547 0.77436780
v -1.18367884 -1.02006708 0.76998088
v -1.19106409 -1.01182068 0.76559908
v -1.19320728 -1.00055590 0.76239650
v -1.18953413 -0.98929111 0.76123128
v -1.18102888 -0.98104472 0.76241563
v -1.16997048 -0.97802633 0.76563220
v -1.15932204 -0.98104472 0.77001912
v -1.15193679 -0.98929111 0.77440092
v -1.14473477 -1.00370101 0.76312804
v -1.14840719 -1.01496520 0.76430123
v -1.15691483 -1.02321116 0.76313103
v -1.16797807 -1.02622939 0.75993099
v -1.17863251 -1.02321116 0.75555855
v -1.18602332 -1.01496520 0.75118531
v -1.18817012 -1.00370101 0.74798307
v -1.18449770 -0.99243682 0.74680988
v -1.17599006 -0.98419086 0.74798008
v -1.16492683 -0.98117263 0.75118012
v -1.15427238 -0.98419086 0.75555256
v -1.14688158 -0.99243682 0.75992580
v -1.13969912 -1.00684880 0.74865278
v -1.14337089 -1.01811235 0.74983412
v -1.15188093 -1.02635785 0.74867814
v -1.16294896 -1.02937591 0.74549458
v -1.17360933 -1.02635785 0.74113647
v -1.18100558 -1.01811235 0.73677157
v -1.18315591 -1.00684880 0.73356945
v -1.17948414 -0.99558525 0.73238810
v -1.17097410 -0.98733976 0.73354409
v -1.15990607 -0.98432170 0.73672764
v -1.14924570 -0.98733976 0.74108575
v -1.14184945 -0.99558525 0.74545065
v -1.13468646 -1.00999960 0.73417772
v -1.13835766 -1.02126247 0.73536738
v -1.14687011 -1.02950746 0.73422568
v -1.15794291 -1.03252533 0.73105856
v -1.16860911 -1.02950746 0.72671463
v -1.17601071 -1.02126247 0.72235785
v -1.17816446 -1.00999960 0.71915561
v -1.17449326 -0.99873673 0.71796596
v -1.16598082 -0.99049174 0.71910765
v -1.15490802 -0.98747387 0.72227478
v -1.14424182 -0.99049174 0.72661871
v -1.13684021 -0.99873673 0.73097549
v -1.12969662 -1.01315373 0.71970288
v -1.13336730 -1.02441586 0.72090101
v -1.14188218 -1.03266032 0.71977367
v -1.15295970 -1.03567800 0.71662293
v -1.16363166 -1.03266032 0.71229302
v -1.17103850 -1.02441586 0.70794414
v -1.17319557 -1.01315373 0.70474157
v -1.16952489 -1.00189159 0.70354343
v -1.16101001 -0.99364714 0.70467077
v -1.14993249 -0.99062946 0.70782152
v -1.13926054 -0.99364714 0.71215143
v -1.13185369 -1.00189159 0.71650031
v -1.12472939 -1.01631150 0.70522825
v -1.12839963 -1.02757286 0.70643503
v -1.13691695 -1.03581675 0.70532211
v -1.14799916 -1.03883422 0.70218769
v -1.15867679 -1.03581675 0.69787163
v -1.16608877 -1.02757286 0.69353043
v -1.16824907 -1.01631150 0.69032731
v -1.16457884 -1.00505014 0.68912053
v -1.15606151 -0.99680626 0.69023345
v -1.14497930 -0.99378879 0.69336787
v -1.13430167 -0.99680626 0.69768392
v -1.12688969 -1.00505014 0.70202512
v -1.11978460 -1.01947325 0.69075384
v -1.12345444 -1.03073378 0.69196943
v -1.13197423 -1.03897707 0.69087099
v -1.14306109 -1.04199432 0.68775283
v -1.15374431 -1.03897707 0.68345048
v -1.16116132 -1.03073378 0.67911674
v -1.16332474 -1.01947325 0.67591283
v -1.15965490 -1.00821271 0.67469724
v -1.15113511 -0.99996943 0.67579568
v -1.14004825 -0.99695217 0.67891383
v -1.12936503 -0.99996943 0.68321619
v -1.12194802 -1.00821271 0.68754993
v -1.11486203 -1.02263927 0.67627965
v -1.11853156 -1.03389894 0.67750422
v -1.12705382 -1.04214159 0.67642031
v -1.13814529 -1.04515861 0.67331837
v -1.14883401 -1.04214159 0.66902955
v -1.15625595 -1.03389894 0.66470304
v -1.15842241 -1.02263927 0.66149812
v -1.15475288 -1.01137961 0.66027356
v -1.14623061 -1.00313696 0.66135747
v -1.13513915 -1.00011994 0.66445941
v -1.12445042 -1.00313696 0.66874823
v -1.11702849 -1.01137961 0.67307474
v -1.10996150 -1.02580990 0.66180570
v -1.11363077 -1.03706866 0.66303940
v -1.12215553 -1.04531064 0.66197008
v -1.13325156 -1.04832741 0.65888428
v -1.14394571 -1.04531064 0.65460883
v -1.15137247 -1.03706866 0.65028933
v -1.15354186 -1.02580990 0.64708319
v -1.14987259 -1.01455115 0.64584949
v -1.14134783 -1.00630917 0.64691881
v -1.13025179 -1.00329239 0.65000461
v -1.11955765 -1.00630917 0.65428006
v -1.11213089 -1.01455115 0.65859956
v -1.10508280 -1.02898544 0.64733197
v -1.10875188 -1.04024324 0.64857497
v -1.11727914 -1.04848452 0.64752030
v -1.12837971 -1.05150103 0.64445058
v -1.13907919 -1.04848452 0.64018833
v -1.14651067 -1.04024324 0.63587562
v -1.14868290 -1.02898544 0.63266803
v -1.14501382 -1.01772765 0.63142503
v -1.13648656 -1.00948637 0.63247970
v -1.12538599 -1.00646985 0.63554942
v -1.11468651 -1.00948637 0.63981167
v -1.10725502 -1.01772765 0.64412438
v -1.10022573 -1.03216621 0.63285849
v -1.10389468 -1.04342300 0.63411093
v -1.11242446 -1.05166354 0.63307097
v -1.12352951 -1.05467979 0.63001726
v -1.13423426 -1.05166354 0.62576804
v -1.14167036 -1.04342300 0.62146188
v -1.14384532 -1.03216621 0.61825262
v -1.14017637 -1.02090942 0.61700018
v -1.13164660 -1.01266888 0.61804014
v -1.12054154 -1.00965263 0.62109385
v -1.10983680 -1.01266888 0.62534307
v -1.10240070 -1.02090942 0.62964923
v -1.09539009 -1.03535251 0.61838524
v -1.09905898 -1.04660825 0.61964730
v -1.10759128 -1.05484802 0.61862208
v -1.11870078 -1.05786399 0.61558432
v -1.12941070 -1.05484802 0.61134795
v -1.13685132 -1.04660825 0.60704813
v -1.13902893 -1.03535251 0.60383698
v -1.13536005 -1.02409677 0.60257493
v -1.12682774 -1.01585700 0.60360014
v -1.11571824 -1.01284104 0.60663791
v -1.10500832 -1.01585700 0.61087427
v -1.09756770 -1.02409677 0.61517409
v -1.09057567 -1.03854466 0.60391224
v -1.09424455 -1.04979930 0.60518406
v -1.10277939 -1.05803827 0.60417365
v -1.11389330 -1.06105394 0.60115175
v -1.12460831 -1.05803827 0.59692807
v -1.13205334 -1.04979930 0.59263435
v -1.13423350 -1.03854466 0.58942109
v -1.13056463 -1.02729002 0.58814927
v -1.12202978 -1.01905105 0.58915968
v -1.11091587 -1.01603537 0.59218159
v -1.10020087 -1.01905105 0.59640526
v -1.09275583 -1.02729002 0.60069898
v -1.08578226 -1.04174295 0.58943950
v -1.08945119 -1.05299645 0.59072123
v -1.09798858 -1.06123458 0.58972566
v -1.10910686 -1.06424995 0.58671955
v -1.11982688 -1.06123458 0.58250839
v -1.12727622 -1.05299645 0.57822054
v -1.12945884 -1.04174295 0.57500495
v -1.12578991 -1.03048945 0.57372322
v -1.11725251 -1.02225132 0.57471878
v -1.10613424 -1.01923595 0.57772489
v -1.09541422 -1.02225132 0.58193606
v -1.08796488 -1.03048945 0.58622390
v -1.08100964 -1.04494770 0.57496700
v -1.08467869 -1.05620001 0.57625880
v -1.09321864 -1.06443727 0.57527812
v -1.10434124 -1.06745232 0.57228773
v -1.11506618 -1.06443727 0.56808890
v -1.12251974 -1.05620001 0.56380670
v -1.12470472 -1.04494770 0.56058855
v -1.12103568 -1.03369539 0.55929675
v -1.11249572 -1.02545813 0.56027743
v -1.10137312 -1.02244308 0.56326783
v -1.09064818 -1.02545813 0.56746666
v -1.08319463 -1.03369539 0.57174885
v -1.07625761 -1.04815920 0.56049477
v -1.07992683 -1.05941028 0.56179679
v -1.08846936 -1.06764664 0.56083103
v -1.09959623 -1.07066135 0.55785627
v -1.11032602 -1.06764664 0.55366959
v -1.11778368 -1.05941028 0.54939282
v -1.11997094 -1.04815920 0.54617190
v -1.11630172 -1.03690813 0.54486988
v -1.10775919 -1.02867177 0.54583563
v -1.09663231 -1.02565705 0.54881039
v -1.08590252 -1.02867177 0.55299707
v -1.07844486 -1.03690813 0.55727385
v -1.07152594 -1.05137776 0.54602280
v -1.07519539 -1.06262756 0.54733519
v -1.08374050 -1.07086298 0.54638439
v -1.09487162 -1.07387735 0.54342518
v -1.10560617 -1.07086298 0.53925048
v -1.11306783 -1.06262756 0.53497889
v -1.11525727 -1.05137776 0.53175498
v -1.11158782 -1.04012797 0.53044259
v -1.10304270 -1.03189255 0.53139339
v -1.09191159 -1.02887817 0.53435259
v -1.08117704 -1.03189255 0.53852730
v -1.07371537 -1.04012797 0.54279889
v -1.06681442 -1.05460368 0.53155110
v -1.07048416 -1.06585215 0.53287400
v -1.07903186 -1.07408660 0.53193820
v -1.09016718 -1.07710062 0.52899446
v -1.10090640 -1.07408660 0.52483154
v -1.10837197 -1.06585215 0.52056491
v -1.11056349 -1.05460368 0.51733779
v -1.10689375 -1.04335521 0.51601489
v -1.09834605 -1.03512076 0.51695069
v -1.08721074 -1.03210674 0.51989443
v -1.07647151 -1.03512076 0.52405734
v -1.06900594 -1.04335521 0.52832398
v -1.06212282 -1.05783725 0.51707967
v -1.06579291 -1.06908435 0.51841322
v -1.07434321 -1.07731780 0.51749246
v -1.08548268 -1.08033145 0.51456410
v -1.09622650 -1.07731780 0.51041279
v -1.10369588 -1.06908435 0.50615087
v -1.10588939 -1.05783725 0.50292033
v -1.10221930 -1.04659015 0.50158678
v -1.09366900 -1.03835671 0.50250754
v -1.08252953 -1.03534306 0.50543590
v -1.07178571 -1.03835671 0.50958721
v -1.06431634 -1.04659015 0.51384913
v -1.05745092 -1.06107877 0.50260852
v -1.06112142 -1.07232445 0.50395287
v -1.06967433 -1.08055686 0.50304717
v -1.08081791 -1.08357013 0.50013409
v -1.09156624 -1.08055686 0.49599420
v -1.09903932 -1.07232445 0.49173677
v -1.10123474 -1.06107877 0.48850259
v -1.09756424 -1.04983309 0.48715824
v -1.08901133 -1.04160068 0.48806394
v -1.07786776 -1.03858741 0.49097702
v -1.06711942 -1.04160068 0.49511691
v -1.05964635 -1.04983309 0.49937434
v -1.05279850 -1.06432853 0.48813765
v -1.05646946 -1.07557274 0.48949294
v -1.06502499 -1.08380408 0.48860232
v -1.07617263 -1.08681696 0.48570444
v -1.08692539 -1.08380408 0.48157578
v -1.09440208 -1.07557274 0.47732261
v -1.09659931 -1.06432853 0.47408457
v -1.09292835 -1.05308431 0.47272928
v -1.08437282 -1.04485298 0.47361990
v -1.07322518 -1.04184010 0.47651778
v -1.06247242 -1.04485298 0.48064644
v -1.05499574 -1.05308431 0.48489961
v -1.04816533 -1.06758682 0.47366707
v -1.05183681 -1.07882952 0.47503343
v -1.06039496 -1.08705975 0.47415793
v -1.07154663 -1.09007223 0.47127515
v -1.08230373 -1.08705975 0.46715753
v -1.08978392 -1.07882952 0.46290838
v -1.09198288 -1.06758682 0.45966627
v -1.08831139 -1.05634411 0.45829990
v -1.07975324 -1.04811388 0.45917541
v -1.06860158 -1.04510141 0.46205819
v -1.05784447 -1.04811388 0.46617581
v -1.05036428 -1.05634411 0.47042495
v -1.04355117 -1.07085393 0.45919677
v -1.04722322 -1.08209508 0.46057435
v -1.05578400 -1.09032417 0.45971398
v -1.06693965 -1.09333623 0.45684620
v -1.07770102 -1.09032417 0.45273943
v -1.08518461 -1.08209508 0.44849407
v -1.08738520 -1.07085393 0.44524767
v -1.08371314 -1.05961278 0.44387009
v -1.07515236 -1.05138369 0.44473046
v -1.06399672 -1.04837164 0.44759824
v -1.05323535 -1.05138369 0.45170501
v -1.04575176 -1.05961278 0.45595037
v -1.03895579 -1.07413015 0.44472677
v -1.04262848 -1.08536969 0.44611570
v -1.05119190 -1.09359761 0.44527048
v -1.06235148 -1.09660924 0.44241761
v -1.07311703 -1.09359761 0.43832149
v -1.08060392 -1.08536969 0.43407968
v -1.08280606 -1.07413015 0.43082878
v -1.07913337 -1.06289061 0.42943986
v -1.07056995 -1.05466269 0.43028507
v -1.05941037 -1.05165106 0.43313795
v -1.04864482 -1.05466269 0.43723407
v -1.04115792 -1.06289061 0.44147587
v -1.03437896 -1.07741576 0.43025707
v -1.03805234 -1.08865366 0.43165748
v -1.04661840 -1.09688037 0.43082743
v -1.05778187 -1.09989155 0.42798935
v -1.06855152 -1.09688037 0.42390370
v -1.07604162 -1.08865366 0.41966521
v -1.07824520 -1.07741576 0.41640960
v -1.07457183 -1.06617787 0.41500919
v -1.06600577 -1.05795116 0.41583923
v -1.05484229 -1.05493997 0.41867731
v -1.04407265 -1.05795116 0.42276297
v -1.03658255 -1.06617787 0.42700146
v -1.02982044 -1.08071105 0.41578767
v -1.03349456 -1.09194725 0.41719969
v -1.04206327 -1.10017272 0.41638483
v -1.05323059 -1.10318345 0.41356144
v -1.06400425 -1.10017272 0.40948605
v -1.07149746 -1.09194725 0.40525064
v -1.07370241 -1.08071105 0.40199011
v -1.07002829 -1.06947485 0.40057809
v -1.06145958 -1.06124938 0.40139295
v -1.05029226 -1.05823865 0.40421633
v -1.03951860 -1.06124938 0.40829173
v -1.03202539 -1.06947485 0.41252713
v -1.02527999 -1.08401630 0.40131858
v -1.02895490 -1.09525076 0.40274233
v -1.03752627 -1.10347495 0.40194268
v -1.04869739 -1.10648522 0.39913387
v -1.05947499 -1.10347495 0.39506854
v -1.06697120 -1.09525076 0.39083598
v -1.06917743 -1.08401630 0.38757031
v -1.06550251 -1.07278184 0.38614655
v -1.05693115 -1.06455765 0.38694621
v -1.04576002 -1.06154738 0.38975502
v -1.03498243 -1.06455765 0.39382035
v -1.02748622 -1.07278184 0.39805291
v -1.02075736 -1.08733178 0.38684980
v -1.02443313 -1.09856445 0.38828542
v -1.03300715 -1.10678734 0.38750097
v -1.04418204 -1.10979712 0.38470664
v -1.05496348 -1.10678734 0.38065117
v -1.06246260 -1.09856445 0.37642122
v -1.06467002 -1.08733178 0.37315020
v -1.06099425 -1.07609911 0.37171458
v -1.05242023 -1.06787623 0.37249903
v -1.04124534 -1.06486644 0.37529336
v -1.03046390 -1.06787623 0.37934883
v -1.02296478 -1.07609911 0.38357878
v -1.01625233 -1.09065778 0.37238133
v -1.01992899 -1.10188862 0.37382894
v -1.02850569 -1.11011016 0.37305970
v -1.03968428 -1.11311945 0.37027974
v -1.05046949 -1.11011016 0.36623393
v -1.05797142 -1.10188862 0.36200635
v -1.06017994 -1.09065778 0.35872978
v -1.05650327 -1.07942695 0.35728217
v -1.04792658 -1.07120540 0.35805141
v -1.03674798 -1.06819611 0.36083137
v -1.02596277 -1.07120540 0.36487718
v -1.01846084 -1.07942695 0.36910476
v -1.01176462 -1.09399457 0.35791318
v -1.01544225 -1.10522352 0.35937290
v -1.02402161 -1.11344369 0.35861889
v -1.03520388 -1.11645248 0.35585316
v -1.04599277 -1.11344369 0.35181681
v -1.05349741 -1.10522352 0.34759137
v -1.05570694 -1.09399457 0.34430904
v -1.05202932 -1.08276561 0.34284932
v -1.04344995 -1.07454545 0.34360334
v -1.03226769 -1.07153666 0.34636906
v -1.02147879 -1.07454545 0.35040541
v -1.01397415 -1.08276561 0.35463085
v -1.00729401 -1.09734242 0.34344536
v -1.01097265 -1.10856944 0.34491731
v -1.01955469 -1.11678820 0.34417851
v -1.03074058 -1.11979647 0.34142692
v -1.04153307 -1.11678820 0.33739982
v -1.04904032 -1.10856944 0.33317627
v -1.05125078 -1.09734242 0.32988798
v -1.04757214 -1.08611539 0.32841602
v -1.03899010 -1.07789664 0.32915482
v -1.02780421 -1.07488836 0.33190641
v -1.01701172 -1.07789664 0.33593351
v -1.00950446 -1.08611539 0.34015706
v -1.00284024 -1.10070160 0.32897786
v -1.00651994 -1.11192665 0.33046216
v -1.01510466 -1.12014396 0.32973858
v -1.02629413 -1.12315170 0.32700100
v -1.03709014 -1.12014396 0.32298294
v -1.04459991 -1.11192665 0.31876106
v -1.04681120 -1.10070160 0.31546658
v -1.04313150 -1.08947655 0.31398228
v -1.03454678 -1.08125924 0.31470586
v -1.02335731 -1.07825150 0.31744345
v -1.01256130 -1.08125924 0.32146150
v -1.00505153 -1.08947655 0.32568339
v -0.99840305 -1.10407238 0.31451069
v -1.00208386 -1.11529541 0.31600746
v -1.01067127 -1.12351124 0.31529909
v -1.02186427 -1.12651844 0.31257539
v -1.03266372 -1.12351124 0.30856618
v -1.04017590 -1.11529541 0.30434571
v -1.04238795 -1.10407238 0.30104486
v -1.03870713 -1.09284935 0.29954809
v -1.03011973 -1.08463352 0.30025646
v -1.01892672 -1.08162632 0.30298016
v -1.00812728 -1.08463352 0.30698938
v -1.00061509 -1.09284935 0.31120985
v -0.99398219 -1.10745503 0.30004386
v -0.99766417 -1.11867599 0.30155321
v -1.00625427 -1.12689031 0.30086005
v -1.01745076 -1.12989695 0.29815011
v -1.02825356 -1.12689031 0.29414952
v -1.03576806 -1.11867599 0.28993023
v -1.03798077 -1.10745503 0.28662280
v -1.03429878 -1.09623407 0.28511346
v -1.02570869 -1.08801976 0.28580662
v -1.01451220 -1.08501311 0.28851656
v -1.00370940 -1.08801976 0.29251715
v -0.99619490 -1.09623407 0.29673644
v -0.98957740 -1.11084981 0.28557737
v -0.99326061 -1.12206866 0.28709941
v -1.00185340 -1.13028143 0.28642144
v -1.01305333 -1.13328751 0.28372513
v -1.02385940 -1.13028143 0.27973296
v -1.03137613 -1.12206866 0.27551462
v -1.03358941 -1.11084981 0.27220041
v -1.02990620 -1.09963097 0.27067837
v -1.02131342 -1.09141820 0.27135634
v -1.01011348 -1.08841212 0.27405264
v -0.99930741 -1.09141820 0.27804482
v -0.99179069 -1.09963097 0.28226316
v -0.98518843 -1.11425699 0.27111122
v -0.98887291 -1.12547368 0.27264605
v -0.99746840 -1.13368486 0.27198327
v -1.00867173 -1.13669036 0.26930047
v -1.01948098 -1.13368486 0.26531650
v -1.02699984 -1.12547368 0.26109886
v -1.02921361 -1.11425699 0.25777767
v -1.02552913 -1.10304031 0.25624283
v -1.01693365 -1.09482912 0.25690562
v -1.00573032 -1.09182362 0.25958842
v -0.99492106 -1.09482912 0.26357239
v -0.98740221 -1.10304031 0.26779003
v -0.98081501 -1.11767683 0.25664542
v -0.98450082 -1.12889130 0.25819316
v -0.99309900 -1.13710087 0.25754555
v -1.00430569 -1.14010578 0.25487611
v -1.01511805 -1.13710087 0.25090013
v -1.02263893 -1.12889130 0.24668295
v -1.02485311 -1.11767683 0.24335458
v -1.02116730 -1.10646235 0.24180684
v -1.01256912 -1.09825278 0.24245445
v -1.00136244 -1.09524787 0.24512389
v -0.99055007 -1.09825278 0.24909987
v -0.98302919 -1.10646235 0.25331705
v -0.97645689 -1.12110957 0.24217997
v -0.98014407 -1.13232179 0.24374071
v -0.98874496 -1.14052971 0.24310825
v -0.99995495 -1.14353401 0.24045206
v -1.01077033 -1.14052971 0.23648384
v -1.01829314 -1.13232179 0.23226690
v -1.02050764 -1.12110957 0.22893114
v -1.01682045 -1.10989735 0.22737040
v -1.00821957 -1.10168944 0.22800286
v -0.99700958 -1.09868513 0.23065906
v -0.98619419 -1.10168944 0.23462727
v -0.97867139 -1.10989735 0.23884422
v -0.97211378 -1.12455549 0.22771487
v -0.97580240 -1.13576540 0.22928873
v -0.98440599 -1.14397163 0.22867140
v -0.99561924 -1.14697532 0.22602830
v -1.00643757 -1.14397163 0.22206764
v -1.01396220 -1.13576540 0.21785068
v -1.01617694 -1.12455549 0.21450735
v -1.01248832 -1.11334557 0.21293349
v -1.00388473 -1.10513934 0.21355082
v -0.99267148 -1.10213565 0.21619392
v -0.98185315 -1.10513934 0.22015458
v -0.97432851 -1.11334557 0.22437154
v -0.96778544 -1.12801483 0.21325013
v -0.97147553 -1.13922239 0.21483720
v -0.98008183 -1.14742690 0.21423498
v -0.99129830 -1.15042996 0.21160484
v -1.00211948 -1.14742690 0.20765151
v -1.00964586 -1.13922239 0.20343430
v -1.01186073 -1.12801483 0.20008320
v -1.00817064 -1.11680726 0.19849613
v -0.99956434 -1.10860275 0.19909835
v -0.98834787 -1.10559969 0.20172850
v -0.97752669 -1.10860275 0.20568182
v -0.97000031 -1.11680726 0.20989903
v -0.96347158 -1.13148784 0.19878576
v -0.96716320 -1.14269301 0.20038613
v -0.97577222 -1.15089576 0.19979899
v -0.98699186 -1.15389818 0.19718166
v -0.99781581 -1.15089576 0.19323546
v -1.00534382 -1.14269301 0.18901775
v -1.00755876 -1.13148784 0.18565869
v -1.00386714 -1.12028267 0.18405831
v -0.99525812 -1.11207992 0.18464545
v -0.98403848 -1.10907750 0.18726278
v -0.97321453 -1.11207992 0.19120899
v -0.96568652 -1.12028267 0.19542669
v -0.95917193 -1.13497478 0.18432175
v -0.96286514 -1.14617750 0.18593553
v -0.97147688 -1.15437847 0.18536344
v -0.98269964 -1.15738023 0.18275878
v -0.99352629 -1.15437847 0.17881947
v -1.00105584 -1.14617750 0.17460103
v -1.00327075 -1.13497478 0.17123381
v -0.99957754 -1.12377205 0.16962003
v -0.99096581 -1.11557109 0.17019212
v -0.97974305 -1.11256932 0.17279678
v -0.96891640 -1.11557109 0.17673609
v -0.96138685 -1.12377205 0.18095452
v -0.95488623 -1.13847588 0.16985811
v -0.95858108 -1.14967612 0.17148538
v -0.96719554 -1.15787526 0.17092831
v -0.97842137 -1.16087635 0.16833618
v -0.98925063 -1.15787526 0.16440354
v -0.99678162 -1.14967612 0.16018413
v -0.99899643 -1.13847588 0.15680856
v -0.99530158 -1.12727565 0.15518129
v -0.98668713 -1.11907651 0.15573835
v -0.97546129 -1.11607541 0.15833049
v -0.96463203 -1.11907651 0.16226313
v -0.95710104 -1.12727565 0.16648253
v -0.95061420 -1.14199141 0.15539485
v -0.95431073 -1.15318910 0.15703570
v -0.96292791 -1.16138638 0.15649362
v -0.97415678 -1.16438680 0.15391386
v -0.98498857 -1.16138638 0.14998766
v -0.99252091 -1.15318910 0.14576705
v -0.99473551 -1.14199141 0.14238293
v -0.99103898 -1.13079371 0.14074208
v -0.98242180 -1.12259643 0.14128416
v -0.97119293 -1.11959601 0.14386392
v -0.96036114 -1.12259643 0.14779012
v -0.95282881 -1.13079371 0.15201073
v -0.94635556 -1.14552159 0.14093196
v -0.95005383 -1.15671670 0.14258648
v -0.95867374 -1.16491209 0.14205935
v -0.96990559 -1.16791181 0.13949181
v -0.98073982 -1.16491209 0.13557184
v -0.98827341 -1.15671670 0.13134978
v -0.99048773 -1.14552159 0.12795693
v -0.98678946 -1.13432648 0.12630241
v -0.97816955 -1.12613109 0.12682954
v -0.96693770 -1.12313136 0.12939708
v -0.95610347 -1.12613109 0.13331705
v -0.94856988 -1.13432648 0.13753911
f 1 2 14
f 1 14 13
f 2 3 15
f 2 15 14
f 3 4 16
f 3 16 15
f 4 5 17
f 4 17 16
f 5 6 18
f 5 18 17
f 6 7 19
f 6 19 18
f 7 8 20
f 7 20 19
f 8 9 21
f 8 21 20
f 9 10 22
f 9 22 21
f 10 11 23
f 10 23 22
f 11 12 24
f 11 24 23
f 12 1 13
f 12 13 24
f 13 14 26
f 13 26 25
f 14 15 27
f 14 27 26
f 15 16 28
f 15 28 27
f 16 17 29
f 16 29 28
f 17 18 30
f 17 30 29
f 18 19 31
f 18 31 30
f 19 20 32
f 19 32 31
f 20 21 33
f 20 33 32
f 21 22 34
f 21 34 33
f 22 23 35
f 22 35 34
f 23 24 36
f 23 36 35
f 24 13 25
f 24 25 36
f 25 26 38
f 25 38 37
f 26 27 39
f 26 39 38
f 27 28 40
f 27 40 39
f 28 29 41
f 28 41 40
f 29 30 42
f 29 42 41
f 30 31 43
f 30 43 42
f 31 32 44
f 31 44 43
f 32 33 45
f 32 45 44
f 33 34 46
f 33 46 45
f 34 35 47
f 34 47 46
f 35 36 48
f 35 48 47
f 36 25 37
f 36 37 48
f 37 38 50
f 37 50 49
f 38 39 51
f 38 51 50
f 39 40 52
f 39 52 51
f 40 41 53
f 40 53 52
f 41 42 54
f 41 54 53
f 42 43 55
f 42 55 54
f 43 44 56
f 43 56 55
f 44 45 57
f 44 57 56
f 45 46 58
f 45 58 57
f 46 47 59
f 46 59 58
f 47 48 60
f 47 60 59
f 48 37 49
f 48 49 60
f 49 50 62
f 49 62 61
f 50 51 63
f 50 63 62
f 51 52 64
f 51 64 63
f 52 53 65
f 52 65 64
f 53 54 66
f 53 66 65
f 54 55 67
f 54 67 66
f 55 56 68
f 55 68 67
f 56 57 69
f 56 69 68
f 57 58 70
f 57 70 69
f 58 59 71
f 58 71 70
f 59 60 72
f 59 72 71
f 60 49 61
f 60 61 72
f 61 62 74
f 61 74 73
f 62 63 75
f 62 75 74
f 63 64 76
f 63 76 75
f 64 65 77
f 64 77 76
f 65 66 78
f 65 78 77
f 66 67 79
f 66 79 78
f 67 68 80
f 67 80 79
f 68 69 81
f 68 81 80
f 69 70 82
f 69 82 81
f 70 71 83
f 70 83 82
f 71 72 84
f 71 84 83
f 72 61 73
f 72 73 84
f 73 74 86
f 73 86 85
f 74 75 87
f 74 87 86
f 75 76 88
f 75 88 87
f 76 77 89
f 76 89 88
f 77 78 90
f 77 90 89
f 78 79 91
f 78 91 90
f 79 80 92
f 79 92 91
f 80 81 93
f 80 93 92
f 81 82 94
f 81 94 93
f 82 83 95
f 82 95 94
f 83 84 96
f 83 96 95
f 84 73 85
f 84 85 96
f 85 86 98
f 85 98 97
f 86 87 99
f 86 99 98
f 87 88 100
f 87 100 99
f 88 89 101
f 88 101 100
f 89 90 102
f 89 102 101
f 90 91 103
f 90 103 102
f 91 92 104
f 91 104 103
f 92 93 105
f 92 105 104
f 93 94 106
f 93 106 105
f 94 95 107
f 94 107 106
f 95 96 108
f 95 108 107
f 96 85 97
f 96 97 108
f 97 98 110
f 97 110 109
f 98 99 111
f 98 111 110
f 99 100 112
f 99 112 111
f 100 101 113
f 100 113 112
f 101 102 114
f 101 114 113
f 102 103 115
f 102 115 114
f 103 104 116
f 103 116 115
f 104 105 117
f 104 117 116
f 105 106 118
f 105 118 117
f 106 107 119
f 106 119 118
f 107 108 120
f 107 120 119
f 108 97 109
f 108 109 120
f 109 110 122
f 109 122 121
f 110 111 123
f 110 123 122
f 111 112 124
f 111 124 123
f 112 113 125
f 112 125 124
f 113 114 126
f 113 126 125
f 114 115 127
f 114 127 126
f 115 116 128
f 115 128 127
f 116 117 129
f 116 129 128
f 117 118 130
f 117 130 129
f 118 119 131
f 118 131 130
f 119 120 132
f 119 132 131
f 120 109 121
f 120 121 132
f 121 122 134
f 121 134 133
f 122 123 135
f 122 135 134
f 123 124 136
f 123 136 135
f 124 125 137
f 124 137 136
f 125 126 138
f 125 138 137
f 126 127 139
f 126 139 138
f 127 128 140
f 127 140 139
f 128 129 141
f 128 141 140
f 129 130 142
f 129 142 141
f 130 131 143
f 130 143 142
f 131 132 144
f 131 144 143
f 132 121 133
f 132 133 144
f 133 134 146
f 133 146 145
f 134 135 147
f 134 147 146
f 135 136 148
f 135 148 147
f 136 137 149
f 136 149 148
f 137 138 150
f 137 150 149
f 138 139 151
f 138 151 150
f 139 140 152
f 139 152 151
f 140 141 153
f 140 153 152
f 141 142 154
f 141 154 153
f 142 143 155
f 142 155 154
f 143 144 156
f 143 156 155
f 144 133 145
f 144 145 156
f 145 146 158
f 145 158 157
f 146 147 159
f 146 159 158
f 147 148 160
f 147 160 159
f 148 149 161
f 148 161 160
f 149 150 162
f 149 162 161
f 150 151 163
f 150 163 162
f 151 152 164
f 151 164 163
f 152 153 165
f 152 165 164
f 153 154 166
f 153 166 165
f 154 155 167
f 154 167 166
f 155 156 168
f 155 168 167
f 156 145 157
f 156 157 168
f 157 158 170
f 157 170 169
f 158 159 171
f 158 171 170
f 159 160 172
f 159 172 171
f 160 161 173
f 160 173 172
f 161 162 174
f 161 174 173
f 162 163 175
f 162 175 174
f 163 164 176
f 163 176 175
f 164 165 177
f 164 177 176
f 165 166 178
f 165 178 177
f 166 167 179
f 166 179 178
f 167 168 180
f 167 180 179
f 168 157 169
f 168 169 180
f 169 170 182
f 169 182 181
f 170 171 183
f 170 183 182
f 171 172 184
f 171 184 183
f 172 173 185
f 172 185 184
f 173 174 186
f 173 186 185
f 174 175 187
f 174 187 186
f 175 176 188
f 175 188 187
f 176 177 189
f 176 189 188
f 177 178 190
f 177 190 189
f 178 179 191
f 178 191 190
f 179 180 192
f 179 192 191
f 180 169 181
f 180 181 192
f 181 182 194
f 181 194 193
f 182 183 195
f 182 195 194
f 183 184 196
f 183 196 195
f 184 185 197
f 184 197 196
f 185 186 198
f 185 198 197
f 186 187 199
f 186 199 198
f 187 188 200
f 187 200 199
f 188 189 201
f 188 201 200
f 189 190 202
f 189 202 201
f 190 191 203
f 190 203 202
f 191 192 204
f 191 204 203
f 192 181 193
f 192 193 204
f 193 194 206
f 193 206 205
f 194 195 207
f 194 207 206
f 195 196 208
f 195 208 207
f 196 197 209
f 196 209 208
f 197 198 210
f 197 210 209
f 198 199 211
f 198 211 210
f 199 200 212
f 199 212 211
f 200 201 213
f 200 213 212
f 201 202 214
f 201 214 213
f 202 203 215
f 202 215 214
f 203 204 216
f 203 216 215
f 204 193 205
f 204 205 216
f 205 206 218
f 205 218 217
f 206 207 219
f 206 219 218
f 207 208 220
f 207 220 219
f 208 209 221
f 208 221 220
f 209 210 222
f 209 222 221
f 210 211 223
f 210 223 222
f 211 212 224
f 211 224 223
f 212 213 225
f 212 225 224
f 213 214 226
f 213 226 225
f 214 215 227
f 214 227 226
f 215 216 228
f 215 228 227
f 216 205 217
f 216 217 228
f 217 218 230
f 217 230 229
f 218 219 231
f 218 231 230
f 219 220 232
f 219 232 231
f 220 221 233
f 220 233 232
f 221 222 234
f 221 234 233
f 222 223 235
f 222 235 234
f 223 224 236
f 223 236 235
f 224 225 237
f 224 237 236
f 225 226 238
f 225 238 237
f 226 227 239
f 226 239 238
f 227 228 240
f 227 240 239
f 228 217 229
f 228 229 240
f 229 230 242
f 229 242 241
f 230 231 243
f 230 243 242
f 231 232 244
f 231 244 243
f 232 233 245
f 232 245 244
f 233 234 246
f 233 246 245
f 234 235 247
f 234 247 246
f 235 236 248
f 235 248 247
f 236 237 249
f 236 249 248
f 237 238 250
f 237 250 249
f 238 239 251
f 238 251 250
f 239 240 252
f 239 252 251
f 240 229 241
f 240 241 252
f 241 242 254
f 241 254 253
f 242 243 255
f 242 255 254
f 243 244 256
f 243 256 255
f 244 245 257
f 244 257 256
f 245 246 258
f 245 258 257
f 246 247 259
f 246 259 258
f 247 248 260
f 247 260 259
f 248 249 261
f 248 261 260
f 249 250 262
f 249 262 261
f 250 251 263
f 250 263 262
f 251 252 264
f 251 264 263
f 252 241 253
f 252 253 264
f 253 254 266
f 253 266 265
f 254 255 267
f 254 267 266
f 255 256 268
f 255 268 267
f 256 257 269
f 256 269 268
f 257 258 270
f 257 270 269
f 258 259 271
f 258 271 270
f 259 260 272
f 259 272 271
f 260 261 273
f 260 273 272
f 261 262 274
f 261 274 273
f 262 263 275
f 262 275 274
f 263 264 276
f 263 276 275
f 264 253 265
f 264 265 276
f 265 266 278
f 265 278 277
f 266 267 279
f 266 279 278
f 267 268 280
f 267 280 279
f 268 269 281
f 268 281 280
f 269 270 282
f 269 282 281
f 270 271 283
f 270 283 282
f 271 272 284
f 271 284 283
f 272 273 285
f 272 285 284
f 273 274 286
f 273 286 285
f 274 275 287
f 274 287 286
f 275 276 288
f 275 288 287
f 276 265 277
f 276 277 288
f 277 278 290
f 277 290 289
f 278 279 291
f 278 291 290
f 279 280 292
f 279 292 291
f 280 281 293
f 280 293 292
f 281 282 294
f 281 294 293
f 282 283 295
f 282 295 294
f 283 284 296
f 283 296 295
f 284 285 297
f 284 297 296
f 285 286 298
f 285 298 297
f 286 287 299
f 286 299 298
f 287 288 300
f 287 300 299
f 288 277 289
f 288 289 300
f 289 290 302
f 289 302 301
f 290 291 303
f 290 303 302
f 291 292 304
f 291 304 303
f 292 293 305
f 292 305 304
f 293 294 306
f 293 306 305
f 294 295 307
f 294 307 306
f 295 296 308
f 295 308 307
f 296 297 309
f 296 309 308
f 297 298 310
f 297 310 309
f 298 299 311
f 298 311 310
f 299 300 312
f 299 312 311
f 300 289 301
f 300 301 312
f 301 302 314
f 301 314 313
f 302 303 315
f 302 315 314
f 303 304 316
f 303 316 315
f 304 305 317
f 304 317 316
f 305 306 318
f 305 318 317
f 306 307 319
f 306 319 318
f 307 308 320
f 307 320 319
f 308 309 321
f 308 321 320
f 309 310 322
f 309 322 321
f 310 311 323
f 310 323 322
f 311 312 324
f 311 324 323
f 312 301 313
f 312 313 324
f 313 314 326
f 313 326 325
f 314 315 327
f 314 327 326
f 315 316 328
f 315 328 327
f 316 317 329
f 316 329 328
f 317 318 330
f 317 330 329
f 318 319 331
f 318 331 330
f 319 320 332
f 319 332 331
f 320 321 333
f 320 333 332
f 321 322 334
f 321 334 333
f 322 323 335
f 322 335 334
f 323 324 336
f 323 336 335
f 324 313 325
f 324 325 336
f 325 326 338
f 325 338 337
f 326 327 339
f 326 339 338
f 327 328 340
f 327 340 339
f 328 329 341
f 328 341 340
f 329 330 342
f 329 342 341
f 330 331 343
f 330 343 342
f 331 332 344
f 331 344 343
f 332 333 345
f 332 345 344
f 333 334 346
f 333 346 345
f 334 335 347
f 334 347 346
f 335 336 348
f 335 348 347
f 336 325 337
f 336 337 348
f 337 338 350
f 337 350 349
f 338 339 351
f 338 351 350
f 339 340 352
f 339 352 351
f 340 341 353
f 340 353 352
f 341 342 354
f 341 354 353
f 342 343 355
f 342 355 354
f 343 344 356
f 343 356 355
f 344 345 357
f 344 357 356
f 345 346 358
f 345 358 357
f 346 347 359
f 346 359 358
f 347 348 360
f 347 360 359
f 348 337 349
f 348 349 360
f 349 350 362
f 349 362 361
f 350 351 363
f 350 363 362
f 351 352 364
f 351 364 363
f 352 353 365
f 352 365 364
f 353 354 366
f 353 366 365
f 354 355 367
f 354 367 366
f 355 356 368
f 355 368 367
f 356 357 369
f 356 369 368
f 357 358 370
f 357 370 369
f 358 359 371
f 358 371 370
f 359 360 372
f 359 372 371
f 360 349 361
f 360 361 372
f 361 362 374
f 361 374 373
f 362 363 375
f 362 375 374
f 363 364 376
f 363 376 375
f 364 365 377
f 364 377 376
f 365 366 378
f 365 378 377
f 366 367 379
f 366 379 378
f 367 368 380
f 367 380 379
f 368 369 381
f 368 381 380
f 369 370 382
f 369 382 381
f 370 371 383
f 370 383 382
f 371 372 384
f 371 384 383
f 372 361 373
f 372 373 384
f 373 374 386
f 373 386 385
f 374 375 387
f 374 387 386
f 375 376 388
f 375 388 387
f 376 377 389
f 376 389 388
f 377 378 390
f 377 390 389
f 378 379 391
f 378 391 390
f 379 380 392
f 379 392 391
f 380 381 393
f 380 393 392
f 381 382 394
f 381 394 393
f 382 383 395
f 382 395 394
f 383 384 396
f 383 396 395
f 384 373 385
f 384 385 396
f 385 386 398
f 385 398 397
f 386 387 399
f 386 399 398
f 387 388 400
f 387 400 399
f 388 389 401
f 388 401 400
f 389 390 402
f 389 402 401
f 390 391 403
f 390 403 402
f 391 392 404
f 391 404 403
f 392 393 405
f 392 405 404
f 393 394 406
f 393 406 405
f 394 395 407
f 394 407 406
f 395 396 408
f 395 408 407
f 396 385 397
f 396 397 408
f 397 398 410
f 397 410 409
f 398 399 411
f 398 411 410
f 399 400 412
f 399 412 411
f 400 401 413
f 400 413 412
f 401 402 414
f 401 414 413
f 402 403 415
f 402 415 414
f 403 404 416
f 403 416 415
f 404 405 417
f 404 417 416
f 405 406 418
f 405 418 417
f 406 407 419
f 406 419 418
f 407 408 420
f 407 420 419
f 408 397 409
f 408 409 420
f 409 410 422
f 409 422 421
f 410 411 423
f 410 423 422
f 411 412 424
f 411 424 423
f 412 413 425
f 412 425 424
f 413 414 426
f 413 426 425
f 414 415 427
f 414 427 426
f 415 416 428
f 415 428 427
f 416 417 429
f 416 429 428
f 417 418 430
f 417 430 429
f 418 419 431
f 418 431 430
f 419 420 432
f 419 432 431
f 420 409 421
f 420 421 432
f 421 422 434
f 421 434 433
f 422 423 435
f 422 435 434
f 423 424 436
f 423 436 435
f 424 425 437
f 424 437 436
f 425 426 438
f 425 438 437
f 426 427 439
f 426 439 438
f 427 428 440
f 427 440 439
f 428 429 441
f 428 441 440
f 429 430 442
f 429 442 441
f 430 431 443
f 430 443 442
f 431 432 444
f 431 444 443
f 432 421 433
f 432 433 444
f 433 434 446
f 433 446 445
f 434 435 447
f 434 447 446
f 435 436 448
f 435 448 447
f 436 437 449
f 436 449 448
f 437 438 450
f 437 450 449
f 438 439 451
f 438 451 450
f 439 440 452
f 439 452 451
f 440 441 453
f 440 453 452
f 441 442 454
f 441 454 453
f 442 443 455
f 442 455 454
f 443 444 456
f 443 456 455
f 444 433 445
f 444 445 456
f 445 446 458
f 445 458 457
f 446 447 459
f 446 459 458
f 447 448 460
f 447 460 459
f 448 449 461
f 448 461 460
f 449 450 462
f 449 462 461
f 450 451 463
f 450 463 462
f 451 452 464
f 451 464 463
f 452 453 465
f 452 465 464
f 453 454 466
f 453 466 465
f 454 455 467
f 454 467 466
f 455 456 468
f 455 468 467
f 456 445 457
f 456 457 468
f 457 458 470
f 457 470 469
f 458 459 471
f 458 471 470
f 459 460 472
f 459 472 471
f 460 461 473
f 460 473 472
f 461 462 474
f 461 474 473
f 462 463 475
f 462 475 474
f 463 464 476
f 463 476 475
f 464 465 477
f 464 477 476
f 465 466 478
f 465 478 477
f 466 467 479
f 466 479 478
f 467 468 480
f 467 480 479
f 468 457 469
f 468 469 480
f 469 470 482
f 469 482 481
f 470 471 483
f 470 483 482
f 471 472 484
f 471 484 483
f 472 473 485
f 472 485 484
f 473 474 486
f 473 486 485
f 474 475 487
f 474 487 486
f 475 476 488
f 475 488 487
f 476 477 489
f 476 489 488
f 477 478 490
f 477 490 489
f 478 479 491
f 478 491 490
f 479 480 492
f 479 492 491
f 480 469 481
f 480 481 492
f 481 482 494
f 481 494 493
f 482 483 495
f 482 495 494
f 483 484 496
f 483 496 495
f 484 485 497
f 484 497 496
f 485 486 498
f 485 498 497
f 486 487 499
f 486 499 498
f 487 488 500
f 487 500 499
f 488 489 501
f 488 501 500
f 489 490 502
f 489 502 501
f 490 491 503
f 490 503 502
f 491 492 504
f 491 504 503
f 492 481 493
f 492 493 504
f 493 494 506
f 493 506 505
f 494 495 507
f 494 507 506
f 495 496 508
f 495 508 507
f 496 497 509
f 496 509 508
f 497 498 510
f 497 510 509
f 498 499 511
f 498 511 510
f 499 500 512
f 499 512 511
f 500 501 513
f 500 513 512
f 501 502 514
f 501 514 513
f 502 503 515
f 502 515 514
f 503 504 516
f 503 516 515
f 504 493 505
f 504 505 516
f 505 506 518
f 505 518 517
f 506 507 519
f 506 519 518
f 507 508 520
f 507 520 519
f 508 509 521
f 508 521 520
f 509 510 522
f 509 522 521
f 510 511 523
f 510 523 522
f 511 512 524
f 511 524 523
f 512 513 525
f 512 525 524
f 513 514 526
f 513 526 525
f 514 515 527
f 514 527 526
f 515 516 528
f 515 528 527
f 516 505 517
f 516 517 528
f 517 518 530
f 517 530 529
f 518 519 531
f 518 531 530
f 519 520 532
f 519 532 531
f 520 521 533
f 520 533 532
f 521 522 534
f 521 534 533
f 522 523 535
f 522 535 534
f 523 524 536
f 523 536 535
f 524 525 537
f 524 537 536
f 525 526 538
f 525 538 537
f 526 527 539
f 526 539 538
f 527 528 540
f 527 540 539
f 528 517 529
f 528 529 540
f 529 530 542
f 529 542 541
f 530 531 543
f 530 543 542
f 531 532 544
f 531 544 543
f 532 533 545
f 532 545 544
f 533 534 546
f 533 546 545
f 534 535 547
f 534 547 546
f 535 536 548
f 535 548 547
f 536 537 549
f 536 549 548
f 537 538 550
f 537 550 549
f 538 539 551
f 538 551 550
f 539 540 552
f 539 552 551
f 540 529 541
f 540 541 552
f 541 542 554
f 541 554 553
f 542 543 555
f 542 555 554
f 543 544 556
f 543 556 555
f 544 545 557
f 544 557 556
f 545 546 558
f 545 558 557
f 546 547 559
f 546 559 558
f 547 548 560
f 547 560 559
f 548 549 561
f 548 561 560
f 549 550 562
f 549 562 561
f 550 551 563
f 550 563 562
f 551 552 564
f 551 564 563
f 552 541 553
f 552 553 564
f 553 554 566
f 553 566 565
f 554 555 567
f 554 567 566
f 555 556 568
f 555 568 567
f 556 557 569
f 556 569 568
f 557 558 570
f 557 570 569
f 558 559 571
f 558 571 570
f 559 560 572
f 559 572 571
f 560 561 573
f 560 573 572
f 561 562 574
f 561 574 573
f 562 563 575
f 562 575 574
f 563 564 576
f 563 576 575
f 564 553 565
f 564 565 576
f 565 566 578
f 565 578 577
f 566 567 579
f 566 579 578
f 567 568 580
f 567 580 579
f 568 569 581
f 568 581 580
f 569 570 582
f 569 582 581
f 570 571 583
f 570 583 582
f 571 572 584
f 571 584 583
f 572 573 585
f 572 585 584
f 573 574 586
f 573 586 585
f 574 575 587
f 574 587 586
f 575 576 588
f 575 588 587
f 576 565 577
f 576 577 588
f 577 578 590
f 577 590 589
f 578 579 591
f 578 591 590
f 579 580 592
f 579 592 591
f 580 581 593
f 580 593 592
f 581 582 594
f 581 594 593
f 582 583 595
f 582 595 594
f 583 584 596
f 583 596 595
f 584 585 597
f 584 597 596
f 585 586 598
f 585 598 597
f 586 587 599
f 586 599 598
f 587 588 600
f 587 600 599
f 588 577 589
f 588 589 600
f 589 590 602
f 589 602 601
f 590 591 603
f 590 603 602
f 591 592 604
f 591 604 603
f 592 593 605
f 592 605 604
f 593 594 606
f 593 606 605
f 594 595 607
f 594 607 606
f 595 596 608
f 595 608 607
f 596 597 609
f 596 609 608
f 597 598 610
f 597 610 609
f 598 599 611
f 598 611 610
f 599 600 612
f 599 612 611
f 600 589 601
f 600 601 612
f 601 602 614
f 601 614 613
f 602 603 615
f 602 615 614
f 603 604 616
f 603 616 615
f 604 605 617
f 604 617 616
f 605 606 618
f 605 618 617
f 606 607 619
f 606 619 618
f 607 608 620
f 607 620 619
f 608 609 621
f 608 621 620
f 609 610 622
f 609 622 621
f 610 611 623
f 610 623 622
f 611 612 624
f 611 624 623
f 612 601 613
f 612 613 624
f 613 614 626
f 613 626 625
f 614 615 627
f 614 627 626
f 615 616 628
f 615 628 627
f 616 617 629
f 616 629 628
f 617 618 630
f 617 630 629
f 618 619 631
f 618 631 630
f 619 620 632
f 619 632 631
f 620 621 633
f 620 633 632
f 621 622 634
f 621 634 633
f 622 623 635
f 622 635 634
f 623 624 636
f 623 636 635
f 624 613 625
f 624 625 636
f 625 626 638
f 625 638 637
f 626 627 639
f 626 639 638
f 627 628 640
f 627 640 639
f 628 629 641
f 628 641 640
f 629 630 642
f 629 642 641
f 630 631 643
f 630 643 642
f 631 632 644
f 631 644 643
f 632 633 645
f 632 645 644
f 633 634 646
f 633 646 645
f 634 635 647
f 634 647 646
f 635 636 648
f 635 648 647
f 636 625 637
f 636 637 648
f 637 638 650
f 637 650 649
f 638 639 651
f 638 651 650
f 639 640 652
f 639 652 651
f 640 641 653
f 640 653 652
f 641 642 654
f 641 654 653
f 642 643 655
f 642 655 654
f 643 644 656
f 643 656 655
f 644 645 657
f 644 657 656
f 645 646 658
f 645 658 657
f 646 647 659
f 646 659 658
f 647 648 660
f 647 660 659
f 648 637 649
f 648 649 660
f 649 650 662
f 649 662 661
f 650 651 663
f 650 663 662
f 651 652 664
f 651 664 663
f 652 653 665
f 652 665 664
f 653 654 666
f 653 666 665
f 654 655 667
f 654 667 666
f 655 656 668
f 655 668 667
f 656 657 669
f 656 669 668
f 657 658 670
f 657 670 669
f 658 659 671
f 658 671 670
f 659 660 672
f 659 672 671
f 660 649 661
f 660 661 672
f 661 662 674
f 661 674 673
f 662 663 675
f 662 675 674
f 663 664 676
f 663 676 675
f 664 665 677
f 664 677 676
f 665 666 678
f 665 678 677
f 666 667 679
f 666 679 678
f 667 668 680
f 667 680 679
f 668 669 681
f 668 681 680
f 669 670 682
f 669 682 681
f 670 671 683
f 670 683 682
f 671 672 684
f 671 684 683
f 672 661 673
f 672 673 684
f 673 674 686
f 673 686 685
f 674 675 687
f 674 687 686
f 675 676 688
f 675 688 687
f 676 677 689
f 676 689 688
f 677 678 690
f 677 690 689
f 678 679 691
f 678 691 690
f 679 680 692
f 679 692 691
f 680 681 693
f 680 693 692
f 681 682 694
f 681 694 693
f 682 683 695
f 682 695 694
f 683 684 696
f 683 696 695
f 684 673 685
f 684 685 696
f 685 686 698
f 685 698 697
f 686 687 699
f 686 699 698
f 687 688 700
f 687 700 699
f 688 689 701
f 688 701 700
f 689 690 702
f 689 702 701
f 690 691 703
f 690 703 702
f 691 692 704
f 691 704 703
f 692 693 705
f 692 705 704
f 693 694 706
f 693 706 705
f 694 695 707
f 694 707 706
f 695 696 708
f 695 708 707
f 696 685 697
f 696 697 708
f 697 698 710
f 697 710 709
f 698 699 711
f 698 711 710
f 699 700 712
f 699 712 711
f 700 701 713
f 700 713 712
f 701 702 714
f 701 714 713
f 702 703 715
f 702 715 714
f 703 704 716
f 703 716 715
f 704 705 717
f 704 717 716
f 705 706 718
f 705 718 717
f 706 707 719
f 706 719 718
f 707 708 720
f 707 720 719
f 708 697 709
f 708 709 720
f 709 710 722
f 709 722 721
f 710 711 723
f 710 723 722
f 711 712 724
f 711 724 723
f 712 713 725
f 712 725 724
f 713 714 726
f 713 726 725
f 714 715 727
f 714 727 726
f 715 716 728
f 715 728 727
f 716 717 729
f 716 729 728
f 717 718 730
f 717 730 729
f 718 719 731
f 718 731 730
f 719 720 732
f 719 732 731
f 720 709 721
f 720 721 732
f 721 722 734
f 721 734 733
f 722 723 735
f 722 735 734
f 723 724 736
f 723 736 735
f 724 725 737
f 724 737 736
f 725 726 738
f 725 738 737
f 726 727 739
f 726 739 738
f 727 728 740
f 727 740 739
f 728 729 741
f 728 741 740
f 729 730 742
f 729 742 741
f 730 731 743
f 730 743 742
f 731 732 744
f 731 744 743
f 732 721 733
f 732 733 744
f 733 734 746
f 733 746 745
f 734 735 747
f 734 747 746
f 735 736 748
f 735 748 747
f 736 737 749
f 736 749 748
f 737 738 750
f 737 750 749
f 738 739 751
f 738 751 750
f 739 740 752
f 739 752 751
f 740 741 753
f 740 753 752
f 741 742 754
f 741 754 753
f 742 743 755
f 742 755 754
f 743 744 756
f 743 756 755
f 744 733 745
f 744 745 756
f 745 746 758
f 745 758 757
f 746 747 759
f 746 759 758
f 747 748 760
f 747 760 759
f 748 749 761
f 748 761 760
f 749 750 762
f 749 762 761
f 750 751 763
f 750 763 762
f 751 752 764
f 751 764 763
f 752 753 765
f 752 765 764
f 753 754 766
f 753 766 765
f 754 755 767
f 754 767 766
f 755 756 768
f 755 768 767
f 756 745 757
f 756 757 768
f 757 758 770
f 757 770 769
f 758 759 771
f 758 771 770
f 759 760 772
f 759 772 771
f 760 761 773
f 760 773 772
f 761 762 774
f 761 774 773
f 762 763 775
f 762 775 774
f 763 764 776
f 763 776 775
f 764 765 777
f 764 777 776
f 765 766 778
f 765 778 777
f 766 767 779
f 766 779 778
f 767 768 780
f 767 780 779
f 768 757 769
f 768 769 780
f 769 770 782
f 769 782 781
f 770 771 783
f 770 783 782
f 771 772 784
f 771 784 783
f 772 773 785
f 772 785 784
f 773 774 786
f 773 786 785
f 774 775 787
f 774 787 786
f 775 776 788
f 775 788 787
f 776 777 789
f 776 789 788
f 777 778 790
f 777 790 789
f 778 779 791
f 778 791 790
f 779 780 792
f 779 792 791
f 780 769 781
f 780 781 792
f 781 782 794
f 781 794 793
f 782 783 795
f 782 795 794
f 783 784 796
f 783 796 795
f 784 785 797
f 784 797 796
f 785 786 798
f 785 798 797
f 786 787 799
f 786 799 798
f 787 788 800
f 787 800 799
f 788 789 801
f 788 801 800
f 789 790 802
f 789 802 801
f 790 791 803
f 790 803 802
f 791 792 804
f 791 804 803
f 792 781 793
f 792 793 804
f 793 794 806
f 793 806 805
f 794 795 807
f 794 807 806
f 795 796 808
f 795 808 807
f 796 797 809
f 796 809 808
f 797 798 810
f 797 810 809
f 798 799 811
f 798 811 810
f 799 800 812
f 799 812 811
f 800 801 813
f 800 813 812
f 801 802 814
f 801 814 813
f 802 803 815
f 802 815 814
f 803 804 816
f 803 816 815
f 804 793 805
f 804 805 816
f 805 806 818
f 805 818 817
f 806 807 819
f 806 819 818
f 807 808 820
f 807 820 819
f 808 809 821
f 808 821 820
f 809 810 822
f 809 822 821
f 810 811 823
f 810 823 822
f 811 812 824
f 811 824 823
f 812 813 825
f 812 825 824
f 813 814 826
f 813 826 825
f 814 815 827
f 814 827 826
f 815 816 828
f 815 828 827
f 816 805 817
f 816 817 828
f 817 818 830
f 817 830 829
f 818 819 831
f 818 831 830
f 819 820 832
f 819 832 831
f 820 821 833
f 820 833 832
f 821 822 834
f 821 834 833
f 822 823 835
f 822 835 834
f 823 824 836
f 823 836 835
f 824 825 837
f 824 837 836
f 825 826 838
f 825 838 837
f 826 827 839
f 826 839 838
f 827 828 840
f 827 840 839
f 828 817 829
f 828 829 840
f 829 830 842
f 829 842 841
f 830 831 843
f 830 843 842
f 831 832 844
f 831 844 843
f 832 833 845
f 832 845 844
f 833 834 846
f 833 846 845
f 834 835 847
f 834 847 846
f 835 836 848
f 835 848 847
f 836 837 849
f 836 849 848
f 837 838 850
f 837 850 849
f 838 839 851
f 838 851 850
f 839 840 852
f 839 852 851
f 840 829 841
f 840 841 852
f 841 842 854
f 841 854 853
f 842 843 855
f 842 855 854
f 843 844 856
f 843 856 855
f 844 845 857
f 844 857 856
f 845 846 858
f 845 858 857
f 846 847 859
f 846 859 858
f 847 848 860
f 847 860 859
f 848 849 861
f 848 861 860
f 849 850 862
f 849 862 861
f 850 851 863
f 850 863 862
f 851 852 864
f 851 864 863
f 852 841 853
f 852 853 864
f 853 854 866
f 853 866 865
f 854 855 867
f 854 867 866
f 855 856 868
f 855 868 867
f 856 857 869
f 856 869 868
f 857 858 870
f 857 870 869
f 858 859 871
f 858 871 870
f 859 860 872
f 859 872 871
f 860 861 873
f 860 873 872
f 861 862 874
f 861 874 873
f 862 863 875
f 862 875 874
f 863 864 876
f 863 876 875
f 864 853 865
f 864 865 876
f 865 866 878
f 865 878 877
f 866 867 879
f 866 879 878
f 867 868 880
f 867 880 879
f 868 869 881
f 868 881 880
f 869 870 882
f 869 882 881
f 870 871 883
f 870 883 882
f 871 872 884
f 871 884 883
f 872 873 885
f 872 885 884
f 873 874 886
f 873 886 885
f 874 875 887
f 874 887 886
f 875 876 888
f 875 888 887
f 876 865 877
f 876 877 888
f 877 878 890
f 877 890 889
f 878 879 891
f 878 891 890
f 879 880 892
f 879 892 891
f 880 881 893
f 880 893 892
f 881 882 894
f 881 894 893
f 882 883 895
f 882 895 894
f 883 884 896
f 883 896 895
f 884 885 897
f 884 897 896
f 885 886 898
f 885 898 897
f 886 887 899
f 886 899 898
f 887 888 900
f 887 900 899
f 888 877 889
f 888 889 900
f 889 890 902
f 889 902 901
f 890 891 903
f 890 903 902
f 891 892 904
f 891 904 903
f 892 893 905
f 892 905 904
f 893 894 906
f 893 906 905
f 894 895 907
f 894 907 906
f 895 896 908
f 895 908 907
f 896 897 909
f 896 909 908
f 897 898 910
f 897 910 909
f 898 899 911
f 898 911 910
f 899 900 912
f 899 912 911
f 900 889 901
f 900 901 912
f 901 902 914
f 901 914 913
f 902 903 915
f 902 915 914
f 903 904 916
f 903 916 915
f 904 905 917
f 904 917 916
f 905 906 918
f 905 918 917
f 906 907 919
f 906 919 918
f 907 908 920
f 907 920 919
f 908 909 921
f 908 921 920
f 909 910 922
f 909 922 921
f 910 911 923
f 910 923 922
f 911 912 924
f 911 924 923
f 912 901 913
f 912 913 924
f 913 914 926
f 913 926 925
f 914 915 927
f 914 927 926
f 915 916 928
f 915 928 927
f 916 917 929
f 916 929 928
f 917 918 930
f 917 930 929
f 918 919 931
f 918 931 930
f 919 920 932
f 919 932 931
f 920 921 933
f 920 933 932
f 921 922 934
f 921 934 933
f 922 923 935
f 922 935 934
f 923 924 936
f 923 936 935
f 924 913 925
f 924 925 936
f 925 926 938
f 925 938 937
f 926 927 939
f 926 939 938
f 927 928 940
f 927 940 939
f 928 929 941
f 928 941 940
f 929 930 942
f 929 942 941
f 930 931 943
f 930 943 942
f 931 932 944
f 931 944 943
f 932 933 945
f 932 945 944
f 933 934 946
f 933 946 945
f 934 935 947
f 934 947 946
f 935 936 948
f 935 948 947
f 936 925 937
f 936 937 948
f 937 938 950
f 937 950 949
f 938 939 951
f 938 951 950
f 939 940 952
f 939 952 951
f 940 941 953
f 940 953 952
f 941 942 954
f 941 954 953
f 942 943 955
f 942 955 954
f 943 944 956
f 943 956 955
f 944 945 957
f 944 957 956
f 945 946 958
f 945 958 957
f 946 947 959
f 946 959 958
f 947 948 960
f 947 960 959
f 948 937 949
f 948 949 960
f 949 950 962
f 949 962 961
f 950 951 963
f 950 963 962
f 951 952 964
f 951 964 963
f 952 953 965
f 952 965 964
f 953 954 966
f 953 966 965
f 954 955 967
f 954 967 966
f 955 956 968
f 955 968 967
f 956 957 969
f 956 969 968
f 957 958 970
f 957 970 969
f 958 959 971
f 958 971 970
f 959 960 972
f 959 972 971
f 960 949 961
f 960 961 972
f 961 962 974
f 961 974 973
f 962 963 975
f 962 975 974
f 963 964 976
f 963 976 975
f 964 965 977
f 964 977 976
f 965 966 978
f 965 978 977
f 966 967 979
f 966 979 978
f 967 968 980
f 967 980 979
f 968 969 981
f 968 981 980
f 969 970 982
f 969 982 981
f 970 971 983
f 970 983 982
f 971 972 984
f 971 984 983
f 972 961 973
f 972 973 984
f 973 974 986
f 973 986 985
f 974 975 987
f 974 987 986
f 975 976 988
f 975 988 987
f 976 977 989
f 976 989 988
f 977 978 990
f 977 990 989
f 978 979 991
f 978 991 990
f 979 980 992
f 979 992 991
f 980 981 993
f 980 993 992
f 981 982 994
f 981 994 993
f 982 983 995
f 982 995 994
f 983 984 996
f 983 996 995
f 984 973 985
f 984 985 996
f 985 986 998
f 985 998 997
f 986 987 999
f 986 999 998
f 987 988 1000
f 987 1000 999
f 988 989 1001
f 988 1001 1000
f 989 990 1002
f 989 1002 1001
f 990 991 1003
f 990 1003 1002
f 991 992 1004
f 991 1004 1003
f 992 993 1005
f 992 1005 1004
f 993 994 1006
f 993 1006 1005
f 994 995 1007
f 994 1007 1006
f 995 996 1008
f 995 1008 1007
f 996 985 997
f 996 997 1008
f 997 998 1010
f 997 1010 1009
f 998 999 1011
f 998 1011 1010
f 999 1000 1012
f 999 1012 1011
f 1000 1001 1013
f 1000 1013 1012
f 1001 1002 1014
f 1001 1014 1013
f 1002 1003 1015
f 1002 1015 1014
f 1003 1004 1016
f 1003 1016 1015
f 1004 1005 1017
f 1004 1017 1016
f 1005 1006 1018
f 1005 1018 1017
f 1006 1007 1019
f 1006 1019 1018
f 1007 1008 1020
f 1007 1020 1019
f 1008 997 1009
f 1008 1009 1020
f 1009 1010 1022
f 1009 1022 1021
f 1010 1011 1023
f 1010 1023 1022
f 1011 1012 1024
f 1011 1024 1023
f 1012 1013 1025
f 1012 1025 1024
f 1013 1014 1026
f 1013 1026 1025
f 1014 1015 1027
f 1014 1027 1026
f 1015 1016 1028
f 1015 1028 1027
f 1016 1017 1029
f 1016 1029 1028
f 1017 1018 1030
f 1017 1030 1029
f 1018 1019 1031
f 1018 1031 1030
f 1019 1020 1032
f 1019 1032 1031
f 1020 1009 1021
f 1020 1021 1032
f 1021 1022 1034
f 1021 1034 1033
f 1022 1023 1035
f 1022 1035 1034
f 1023 1024 1036
f 1023 1036 1035
f 1024 1025 1037
f 1024 1037 1036
f 1025 1026 1038
f 1025 1038 1037
f 1026 1027 1039
f 1026 1039 1038
f 1027 1028 1040
f 1027 1040 1039
f 1028 1029 1041
f 1028 1041 1040
f 1029 1030 1042
f 1029 1042 1041
f 1030 1031 1043
f 1030 1043 1042
f 1031 1032 1044
f 1031 1044 1043
f 1032 1021 1033
f 1032 1033 1044
f 1033 1034 1046
f 1033 1046 1045
f 1034 1035 1047
f 1034 1047 1046
f 1035 1036 1048
f 1035 1048 1047
f 1036 1037 1049
f 1036 1049 1048
f 1037 1038 1050
f 1037 1050 1049
f 1038 1039 1051
f 1038 1051 1050
f 1039 1040 1052
f 1039 1052 1051
f 1040 1041 1053
f 1040 1053 1052
f 1041 1042 1054
f 1041 1054 1053
f 1042 1043 1055
f 1042 1055 1054
f 1043 1044 1056
f 1043 1056 1055
f 1044 1033 1045
f 1044 1045 1056
f 1045 1046 1058
f 1045 1058 1057
f 1046 1047 1059
f 1046 1059 1058
f 1047 1048 1060
f 1047 1060 1059
f 1048 1049 1061
f 1048 1061 1060
f 1049 1050 1062
f 1049 1062 1061
f 1050 1051 1063
f 1050 1063 1062
f 1051 1052 1064
f 1051 1064 1063
f 1052 1053 1065
f 1052 1065 1064
f 1053 1054 1066
f 1053 1066 1065
f 1054 1055 1067
f 1054 1067 1066
f 1055 1056 1068
f 1055 1068 1067
f 1056 1045 1057
f 1056 1057 1068
f 1057 1058 1070
f 1057 1070 1069
f 1058 1059 1071
f 1058 1071 1070
f 1059 1060 1072
f 1059 1072 1071
f 1060 1061 1073
f 1060 1073 1072
f 1061 1062 1074
f 1061 1074 1073
f 1062 1063 1075
f 1062 1075 1074
f 1063 1064 1076
f 1063 1076 1075
f 1064 1065 1077
f 1064 1077 1076
f 1065 1066 1078
f 1065 1078 1077
f 1066 1067 1079
f 1066 1079 1078
f 1067 1068 1080
f 1067 1080 1079
f 1068 1057 1069
f 1068 1069 1080
f 1069 1070 1082
f 1069 1082 1081
f 1070 1071 1083
f 1070 1083 1082
f 1071 1072 1084
f 1071 1084 1083
f 1072 1073 1085
f 1072 1085 1084
f 1073 1074 1086
f 1073 1086 1085
f 1074 1075 1087
f 1074 1087 1086
f 1075 1076 1088
f 1075 1088 1087
f 1076 1077 1089
f 1076 1089 1088
f 1077 1078 1090
f 1077 1090 1089
f 1078 1079 1091
f 1078 1091 1090
f 1079 1080 1092
f 1079 1092 1091
f 1080 1069 1081
f 1080 1081 1092
f 1081 1082 1094
f 1081 1094 1093
f 1082 1083 1095
f 1082 1095 1094
f 1083 1084 1096
f 1083 1096 1095
f 1084 1085 1097
f 1084 1097 1096
f 1085 1086 1098
f 1085 1098 1097
f 1086 1087 1099
f 1086 1099 1098
f 1087 1088 1100
f 1087 1100 1099
f 1088 1089 1101
f 1088 1101 1100
f 1089 1090 1102
f 1089 1102 1101
f 1090 1091 1103
f 1090 1103 1102
f 1091 1092 1104
f 1091 1104 1103
f 1092 1081 1093
f 1092 1093 1104
f 1093 1094 1106
f 1093 1106 1105
f 1094 1095 1107
f 1094 1107 1106
f 1095 1096 1108
f 1095 1108 1107
f 1096 1097 1109
f 1096 1109 1108
f 1097 1098 1110
f 1097 1110 1109
f 1098 1099 1111
f 1098 1111 1110
f 1099 1100 1112
f 1099 1112 1111
f 1100 1101 1113
f 1100 1113 1112
f 1101 1102 1114
f 1101 1114 1113
f 1102 1103 1115
f 1102 1115 1114
f 1103 1104 1116
f 1103 1116 1115
f 1104 1093 1105
f 1104 1105 1116
f 1105 1106 1118
f 1105 1118 1117
f 1106 1107 1119
f 1106 1119 1118
f 1107 1108 1120
f 1107 1120 1119
f 1108 1109 1121
f 1108 1121 1120
f 1109 1110 1122
f 1109 1122 1121
f 1110 1111 1123
f 1110 1123 1122
f 1111 1112 1124
f 1111 1124 1123
f 1112 1113 1125
f 1112 1125 1124
f 1113 1114 1126
f 1113 1126 1125
f 1114 1115 1127
f 1114 1127 1126
f 1115 1116 1128
f 1115 1128 1127
f 1116 1105 1117
f 1116 1117 1128
f 1117 1118 1130
f 1117 1130 1129
f 1118 1119 1131
f 1118 1131 1130
f 1119 1120 1132
f 1119 1132 1131
f 1120 1121 1133
f 1120 1133 1132
f 1121 1122 1134
f 1121 1134 1133
f 1122 1123 1135
f 1122 1135 1134
f 1123 1124 1136
f 1123 1136 1135
f 1124 1125 1137
f 1124 1137 1136
f 1125 1126 1138
f 1125 1138 1137
f 1126 1127 1139
f 1126 1139 1138
f 1127 1128 1140
f 1127 1140 1139
f 1128 1117 1129
f 1128 1129 1140
f 1129 1130 1142
f 1129 1142 1141
f 1130 1131 1143
f 1130 1143 1142
f 1131 1132 1144
f 1131 1144 1143
f 1132 1133 1145
f 1132 1145 1144
f 1133 1134 1146
f 1133 1146 1145
f 1134 1135 1147
f 1134 1147 1146
f 1135 1136 1148
f 1135 1148 1147
f 1136 1137 1149
f 1136 1149 1148
f 1137 1138 1150
f 1137 1150 1149
f 1138 1139 1151
f 1138 1151 1150
f 1139 1140 1152
f 1139 1152 1151
f 1140 1129 1141
f 1140 1141 1152
f 1141 1142 1154
f 1141 1154 1153
f 1142 1143 1155
f 1142 1155 1154
f 1143 1144 1156
f 1143 1156 1155
f 1144 1145 1157
f 1144 1157 1156
f 1145 1146 1158
f 1145 1158 1157
f 1146 1147 1159
f 1146 1159 1158
f 1147 1148 1160
f 1147 1160 1159
f 1148 1149 1161
f 1148 1161 1160
f 1149 1150 1162
f 1149 1162 1161
f 1150 1151 1163
f 1150 1163 1162
f 1151 1152 1164
f 1151 1164 1163
f 1152 1141 1153
f 1152 1153 1164
f 1153 1154 1166
f 1153 1166 1165
f 1154 1155 1167
f 1154 1167 1166
f 1155 1156 1168
f 1155 1168 1167
f 1156 1157 1169
f 1156 1169 1168
f 1157 1158 1170
f 1157 1170 1169
f 1158 1159 1171
f 1158 1171 1170
f 1159 1160 1172
f 1159 1172 1171
f 1160 1161 1173
f 1160 1173 1172
f 1161 1162 1174
f 1161 1174 1173
f 1162 1163 1175
f 1162 1175 1174
f 1163 1164 1176
f 1163 1176 1175
f 1164 1153 1165
f 1164 1165 1176
f 1165 1166 1178
f 1165 1178 1177
f 1166 1167 1179
f 1166 1179 1178
f 1167 1168 1180
f 1167 1180 1179
f 1168 1169 1181
f 1168 1181 1180
f 1169 1170 1182
f 1169 1182 1181
f 1170 1171 1183
f 1170 1183 1182
f 1171 1172 1184
f 1171 1184 1183
f 1172 1173 1185
f 1172 1185 1184
f 1173 1174 1186
f 1173 1186 1185
f 1174 1175 1187
f 1174 1187 1186
f 1175 1176 1188
f 1175 1188 1187
f 1176 1165 1177
f 1176 1177 1188
f 1177 1178 1190
f 1177 1190 1189
f 1178 1179 1191
f 1178 1191 1190
f 1179 1180 1192
f 1179 1192 1191
f 1180 1181 1193
f 1180 1193 1192
f 1181 1182 1194
f 1181 1194 1193
f 1182 1183 1195
f 1182 1195 1194
f 1183 1184 1196
f 1183 1196 1195
f 1184 1185 1197
f 1184 1197 1196
f 1185 1186 1198
f 1185 1198 1197
f 1186 1187 1199
f 1186 1199 1198
f 1187 1188 1200
f 1187 1200 1199
f 1188 1177 1189
f 1188 1189 1200
f 1189 1190 1202
f 1189 1202 1201
f 1190 1191 1203
f 1190 1203 1202
f 1191 1192 1204
f 1191 1204 1203
f 1192 1193 1205
f 1192 1205 1204
f 1193 1194 1206
f 1193 1206 1205
f 1194 1195 1207
f 1194 1207 1206
f 1195 1196 1208
f 1195 1208 1207
f 1196 1197 1209
f 1196 1209 1208
f 1197 1198 1210
f 1197 1210 1209
f 1198 1199 1211
f 1198 1211 1210
f 1199 1200 1212
f 1199 1212 1211
f 1200 1189 1201
f 1200 1201 1212
f 1201 1202 1214
f 1201 1214 1213
f 1202 1203 1215
f 1202 1215 1214
f 1203 1204 1216
f 1203 1216 1215
f 1204 1205 1217
f 1204 1217 1216
f 1205 1206 1218
f 1205 1218 1217
f 1206 1207 1219
f 1206 1219 1218
f 1207 1208 1220
f 1207 1220 1219
f 1208 1209 1221
f 1208 1221 1220
f 1209 1210 1222
f 1209 1222 1221
f 1210 1211 1223
f 1210 1223 1222
f 1211 1212 1224
f 1211 1224 1223
f 1212 1201 1213
f 1212 1213 1224
f 1213 1214 1226
f 1213 1226 1225
f 1214 1215 1227
f 1214 1227 1226
f 1215 1216 1228
f 1215 1228 1227
f 1216 1217 1229
f 1216 1229 1228
f 1217 1218 1230
f 1217 1230 1229
f 1218 1219 1231
f 1218 1231 1230
f 1219 1220 1232
f 1219 1232 1231
f 1220 1221 1233
f 1220 1233 1232
f 1221 1222 1234
f 1221 1234 1233
f 1222 1223 1235
f 1222 1235 1234
f 1223 1224 1236
f 1223 1236 1235
f 1224 1213 1225
f 1224 1225 1236
f 1225 1226 1238
f 1225 1238 1237
f 1226 1227 1239
f 1226 1239 1238
f 1227 1228 1240
f 1227 1240 1239
f 1228 1229 1241
f 1228 1241 1240
f 1229 1230 1242
f 1229 1242 1241
f 1230 1231 1243
f 1230 1243 1242
f 1231 1232 1244
f 1231 1244 1243
f 1232 1233 1245
f 1232 1245 1244
f 1233 1234 1246
f 1233 1246 1245
f 1234 1235 1247
f 1234 1247 1246
f 1235 1236 1248
f 1235 1248 1247
f 1236 1225 1237
f 1236 1237 1248
f 1237 1238 1250
f 1237 1250 1249
f 1238 1239 1251
f 1238 1251 1250
f 1239 1240 1252
f 1239 1252 1251
f 1240 1241 1253
f 1240 1253 1252
f 1241 1242 1254
f 1241 1254 1253
f 1242 1243 1255
f 1242 1255 1254
f 1243 1244 1256
f 1243 1256 1255
f 1244 1245 1257
f 1244 1257 1256
f 1245 1246 1258
f 1245 1258 1257
f 1246 1247 1259
f 1246 1259 1258
f 1247 1248 1260
f 1247 1260 1259
f 1248 1237 1249
f 1248 1249 1260
f 1249 1250 1262
f 1249 1262 1261
f 1250 1251 1263
f 1250 1263 1262
f 1251 1252 1264
f 1251 1264 1263
f 1252 1253 1265
f 1252 1265 1264
f 1253 1254 1266
f 1253 1266 1265
f 1254 1255 1267
f 1254 1267 1266
f 1255 1256 1268
f 1255 1268 1267
f 1256 1257 1269
f 1256 1269 1268
f 1257 1258 1270
f 1257 1270 1269
f 1258 1259 1271
f 1258 1271 1270
f 1259 1260 1272
f 1259 1272 1271
f 1260 1249 1261
f 1260 1261 1272
f 1261 1262 1274
f 1261 1274 1273
f 1262 1263 1275
f 1262 1275 1274
f 1263 1264 1276
f 1263 1276 1275
f 1264 1265 1277
f 1264 1277 1276
f 1265 1266 1278
f 1265 1278 1277
f 1266 1267 1279
f 1266 1279 1278
f 1267 1268 1280
f 1267 1280 1279
f 1268 1269 1281
f 1268 1281 1280
f 1269 1270 1282
f 1269 1282 1281
f 1270 1271 1283
f 1270 1283 1282
f 1271 1272 1284
f 1271 1284 1283
f 1272 1261 1273
f 1272 1273 1284
f 1273 1274 1286
f 1273 1286 1285
f 1274 1275 1287
f 1274 1287 1286
f 1275 1276 1288
f 1275 1288 1287
f 1276 1277 1289
f 1276 1289 1288
f 1277 1278 1290
f 1277 1290 1289
f 1278 1279 1291
f 1278 1291 1290
f 1279 1280 1292
f 1279 1292 1291
f 1280 1281 1293
f 1280 1293 1292
f 1281 1282 1294
f 1281 1294 1293
f 1282 1283 1295
f 1282 1295 1294
f 1283 1284 1296
f 1283 1296 1295
f 1284 1273 1285
f 1284 1285 1296
f 1285 1286 1298
f 1285 1298 1297
f 1286 1287 1299
f 1286 1299 1298
f 1287 1288 1300
f 1287 1300 1299
f 1288 1289 1301
f 1288 1301 1300
f 1289 1290 1302
f 1289 1302 1301
f 1290 1291 1303
f 1290 1303 1302
f 1291 1292 1304
f 1291 1304 1303
f 1292 1293 1305
f 1292 1305 1304
f 1293 1294 1306
f 1293 1306 1305
f 1294 1295 1307
f 1294 1307 1306
f 1295 1296 1308
f 1295 1308 1307
f 1296 1285 1297
f 1296 1297 1308
f 1297 1298 1310
f 1297 1310 1309
f 1298 1299 1311
f 1298 1311 1310
f 1299 1300 1312
f 1299 1312 1311
f 1300 1301 1313
f 1300 1313 1312
f 1301 1302 1314
f 1301 1314 1313
f 1302 1303 1315
f 1302 1315 1314
f 1303 1304 1316
f 1303 1316 1315
f 1304 1305 1317
f 1304 1317 1316
f 1305 1306 1318
f 1305 1318 1317
f 1306 1307 1319
f 1306 1319 1318
f 1307 1308 1320
f 1307 1320 1319
f 1308 1297 1309
f 1308 1309 1320
f 1309 1310 1322
f 1309 1322 1321
f 1310 1311 1323
f 1310 1323 1322
f 1311 1312 1324
f 1311 1324 1323
f 1312 1313 1325
f 1312 1325 1324
f 1313 1314 1326
f 1313 1326 1325
f 1314 1315 1327
f 1314 1327 1326
f 1315 1316 1328
f 1315 1328 1327
f 1316 1317 1329
f 1316 1329 1328
f 1317 1318 1330
f 1317 1330 1329
f 1318 1319 1331
f 1318 1331 1330
f 1319 1320 1332
f 1319 1332 1331
f 1320 1309 1321
f 1320 1321 1332
f 1321 1322 1334
f 1321 1334 1333
f 1322 1323 1335
f 1322 1335 1334
f 1323 1324 1336
f 1323 1336 1335
f 1324 1325 1337
f 1324 1337 1336
f 1325 1326 1338
f 1325 1338 1337
f 1326 1327 1339
f 1326 1339 1338
f 1327 1328 1340
f 1327 1340 1339
f 1328 1329 1341
f 1328 1341 1340
f 1329 1330 1342
f 1329 1342 1341
f 1330 1331 1343
f 1330 1343 1342
f 1331 1332 1344
f 1331 1344 1343
f 1332 1321 1333
f 1332 1333 1344
f 1333 1334 1346
f 1333 1346 1345
f 1334 1335 1347
f 1334 1347 1346
f 1335 1336 1348
f 1335 1348 1347
f 1336 1337 1349
f 1336 1349 1348
f 1337 1338 1350
f 1337 1350 1349
f 1338 1339 1351
f 1338 1351 1350
f 1339 1340 1352
f 1339 1352 1351
f 1340 1341 1353
f 1340 1353 1352
f 1341 1342 1354
f 1341 1354 1353
f 1342 1343 1355
f 1342 1355 1354
f 1343 1344 1356
f 1343 1356 1355
f 1344 1333 1345
f 1344 1345 1356
f 1345 1346 1358
f 1345 1358 1357
f 1346 1347 1359
f 1346 1359 1358
f 1347 1348 1360
f 1347 1360 1359
f 1348 1349 1361
f 1348 1361 1360
f 1349 1350 1362
f 1349 1362 1361
f 1350 1351 1363
f 1350 1363 1362
f 1351 1352 1364
f 1351 1364 1363
f 1352 1353 1365
f 1352 1365 1364
f 1353 1354 1366
f 1353 1366 1365
f 1354 1355 1367
f 1354 1367 1366
f 1355 1356 1368
f 1355 1368 1367
f 1356 1345 1357
f 1356 1357 1368
f 1357 1358 1370
f 1357 1370 1369
f 1358 1359 1371
f 1358 1371 1370
f 1359 1360 1372
f 1359 1372 1371
f 1360 1361 1373
f 1360 1373 1372
f 1361 1362 1374
f 1361 1374 1373
f 1362 1363 1375
f 1362 1375 1374
f 1363 1364 1376
f 1363 1376 1375
f 1364 1365 1377
f 1364 1377 1376
f 1365 1366 1378
f 1365 1378 1377
f 1366 1367 1379
f 1366 1379 1378
f 1367 1368 1380
f 1367 1380 1379
f 1368 1357 1369
f 1368 1369 1380
f 1369 1370 1382
f 1369 1382 1381
f 1370 1371 1383
f 1370 1383 1382
f 1371 1372 1384
f 1371 1384 1383
f 1372 1373 1385
f 1372 1385 1384
f 1373 1374 1386
f 1373 1386 1385
f 1374 1375 1387
f 1374 1387 1386
f 1375 1376 1388
f 1375 1388 1387
f 1376 1377 1389
f 1376 1389 1388
f 1377 1378 1390
f 1377 1390 1389
f 1378 1379 1391
f 1378 1391 1390
f 1379 1380 1392
f 1379 1392 1391
f 1380 1369 1381
f 1380 1381 1392
f 1381 1382 1394
f 1381 1394 1393
f 1382 1383 1395
f 1382 1395 1394
f 1383 1384 1396
f 1383 1396 1395
f 1384 1385 1397
f 1384 1397 1396
f 1385 1386 1398
f 1385 1398 1397
f 1386 1387 1399
f 1386 1399 1398
f 1387 1388 1400
f 1387 1400 1399
f 1388 1389 1401
f 1388 1401 1400
f 1389 1390 1402
f 1389 1402 1401
f 1390 1391 1403
f 1390 1403 1402
f 1391 1392 1404
f 1391 1404 1403
f 1392 1381 1393
f 1392 1393 1404
f 1393 1394 1406
f 1393 1406 1405
f 1394 1395 1407
f 1394 1407 1406
f 1395 1396 1408
f 1395 1408 1407
f 1396 1397 1409
f 1396 1409 1408
f 1397 1398 1410
f 1397 1410 1409
f 1398 1399 1411
f 1398 1411 1410
f 1399 1400 1412
f 1399 1412 1411
f 1400 1401 1413
f 1400 1413 1412
f 1401 1402 1414
f 1401 1414 1413
f 1402 1403 1415
f 1402 1415 1414
f 1403 1404 1416
f 1403 1416 1415
f 1404 1393 1405
f 1404 1405 1416
f 1405 1406 1418
f 1405 1418 1417
f 1406 1407 1419
f 1406 1419 1418
f 1407 1408 1420
f 1407 1420 1419
f 1408 1409 1421
f 1408 1421 1420
f 1409 1410 1422
f 1409 1422 1421
f 1410 1411 1423
f 1410 1423 1422
f 1411 1412 1424
f 1411 1424 1423
f 1412 1413 1425
f 1412 1425 1424
f 1413 1414 1426
f 1413 1426 1425
f 1414 1415 1427
f 1414 1427 1426
f 1415 1416 1428
f 1415 1428 1427
f 1416 1405 1417
f 1416 1417 1428
f 1417 1418 1430
f 1417 1430 1429
f 1418 1419 1431
f 1418 1431 1430
f 1419 1420 1432
f 1419 1432 1431
f 1420 1421 1433
f 1420 1433 1432
f 1421 1422 1434
f 1421 1434 1433
f 1422 1423 1435
f 1422 1435 1434
f 1423 1424 1436
f 1423 1436 1435
f 1424 1425 1437
f 1424 1437 1436
f 1425 1426 1438
f 1425 1438 1437
f 1426 1427 1439
f 1426 1439 1438
f 1427 1428 1440
f 1427 1440 1439
f 1428 1417 1429
f 1428 1429 1440
f 1429 1430 1442
f 1429 1442 1441
f 1430 1431 1443
f 1430 1443 1442
f 1431 1432 1444
f 1431 1444 1443
f 1432 1433 1445
f 1432 1445 1444
f 1433 1434 1446
f 1433 1446 1445
f 1434 1435 1447
f 1434 1447 1446
f 1435 1436 1448
f 1435 1448 1447
f 1436 1437 1449
f 1436 1449 1448
f 1437 1438 1450
f 1437 1450 1449
f 1438 1439 1451
f 1438 1451 1450
f 1439 1440 1452
f 1439 1452 1451
f 1440 1429 1441
f 1440 1441 1452
f 1441 1442 1454
f 1441 1454 1453
f 1442 1443 1455
f 1442 1455 1454
f 1443 1444 1456
f 1443 1456 1455
f 1444 1445 1457
f 1444 1457 1456
f 1445 1446 1458
f 1445 1458 1457
f 1446 1447 1459
f 1446 1459 1458
f 1447 1448 1460
f 1447 1460 1459
f 1448 1449 1461
f 1448 1461 1460
f 1449 1450 1462
f 1449 1462 1461
f 1450 1451 1463
f 1450 1463 1462
f 1451 1452 1464
f 1451 1464 1463
f 1452 1441 1453
f 1452 1453 1464
f 1453 1454 1466
f 1453 1466 1465
f 1454 1455 1467
f 1454 1467 1466
f 1455 1456 1468
f 1455 1468 1467
f 1456 1457 1469
f 1456 1469 1468
f 1457 1458 1470
f 1457 1470 1469
f 1458 1459 1471
f 1458 1471 1470
f 1459 1460 1472
f 1459 1472 1471
f 1460 1461 1473
f 1460 1473 1472
f 1461 1462 1474
f 1461 1474 1473
f 1462 1463 1475
f 1462 1475 1474
f 1463 1464 1476
f 1463 1476 1475
f 1464 1453 1465
f 1464 1465 1476
f 1465 1466 1478
f 1465 1478 1477
f 1466 1467 1479
f 1466 1479 1478
f 1467 1468 1480
f 1467 1480 1479
f 1468 1469 1481
f 1468 1481 1480
f 1469 1470 1482
f 1469 1482 1481
f 1470 1471 1483
f 1470 1483 1482
f 1471 1472 1484
f 1471 1484 1483
f 1472 1473 1485
f 1472 1485 1484
f 1473 1474 1486
f 1473 1486 1485
f 1474 1475 1487
f 1474 1487 1486
f 1475 1476 1488
f 1475 1488 1487
f 1476 1465 1477
f 1476 1477 1488
f 1477 1478 1490
f 1477 1490 1489
f 1478 1479 1491
f 1478 1491 1490
f 1479 1480 1492
f 1479 1492 1491
f 1480 1481 1493
f 1480 1493 1492
f 1481 1482 1494
f 1481 1494 1493
f 1482 1483 1495
f 1482 1495 1494
f 1483 1484 1496
f 1483 1496 1495
f 1484 1485 1497
f 1484 1497 1496
f 1485 1486 1498
f 1485 1498 1497
f 1486 1487 1499
f 1486 1499 1498
f 1487 1488 1500
f 1487 1500 1499
f 1488 1477 1489
f 1488 1489 1500
f 1489 1490 1502
f 1489 1502 1501
f 1490 1491 1503
f 1490 1503 1502
f 1491 1492 1504
f 1491 1504 1503
f 1492 1493 1505
f 1492 1505 1504
f 1493 1494 1506
f 1493 1506 1505
f 1494 1495 1507
f 1494 1507 1506
f 1495 1496 1508
f 1495 1508 1507
f 1496 1497 1509
f 1496 1509 1508
f 1497 1498 1510
f 1497 1510 1509
f 1498 1499 1511
f 1498 1511 1510
f 1499 1500 1512
f 1499 1512 1511
f 1500 1489 1501
f 1500 1501 1512
f 1501 1502 1514
f 1501 1514 1513
f 1502 1503 1515
f 1502 1515 1514
f 1503 1504 1516
f 1503 1516 1515
f 1504 1505 1517
f 1504 1517 1516
f 1505 1506 1518
f 1505 1518 1517
f 1506 1507 1519
f 1506 1519 1518
f 1507 1508 1520
f 1507 1520 1519
f 1508 1509 1521
f 1508 1521 1520
f 1509 1510 1522
f 1509 1522 1521
f 1510 1511 1523
f 1510 1523 1522
f 1511 1512 1524
f 1511 1524 1523
f 1512 1501 1513
f 1512 1513 1524
f 1513 1514 1526
f 1513 1526 1525
f 1514 1515 1527
f 1514 1527 1526
f 1515 1516 1528
f 1515 1528 1527
f 1516 1517 1529
f 1516 1529 1528
f 1517 1518 1530
f 1517 1530 1529
f 1518 1519 1531
f 1518 1531 1530
f 1519 1520 1532
f 1519 1532 1531
f 1520 1521 1533
f 1520 1533 1532
f 1521 1522 1534
f 1521 1534 1533
f 1522 1523 1535
f 1522 1535 1534
f 1523 1524 1536
f 1523 1536 1535
f 1524 1513 1525
f 1524 1525 1536
f 1525 1526 1538
f 1525 1538 1537
f 1526 1527 1539
f 1526 1539 1538
f 1527 1528 1540
f 1527 1540 1539
f 1528 1529 1541
f 1528 1541 1540
f 1529 1530 1542
f 1529 1542 1541
f 1530 1531 1543
f 1530 1543 1542
f 1531 1532 1544
f 1531 1544 1543
f 1532 1533 1545
f 1532 1545 1544
f 1533 1534 1546
f 1533 1546 1545
f 1534 1535 1547
f 1534 1547 1546
f 1535 1536 1548
f 1535 1548 1547
f 1536 1525 1537
f 1536 1537 1548
f 1537 1538 1550
f 1537 1550 1549
f 1538 1539 1551
f 1538 1551 1550
f 1539 1540 1552
f 1539 1552 1551
f 1540 1541 1553
f 1540 1553 1552
f 1541 1542 1554
f 1541 1554 1553
f 1542 1543 1555
f 1542 1555 1554
f 1543 1544 1556
f 1543 1556 1555
f 1544 1545 1557
f 1544 1557 1556
f 1545 1546 1558
f 1545 1558 1557
f 1546 1547 1559
f 1546 1559 1558
f 1547 1548 1560
f 1547 1560 1559
f 1548 1537 1549
f 1548 1549 1560
f 1549 1550 1562
f 1549 1562 1561
f 1550 1551 1563
f 1550 1563 1562
f 1551 1552 1564
f 1551 1564 1563
f 1552 1553 1565
f 1552 1565 1564
f 1553 1554 1566
f 1553 1566 1565
f 1554 1555 1567
f 1554 1567 1566
f 1555 1556 1568
f 1555 1568 1567
f 1556 1557 1569
f 1556 1569 1568
f 1557 1558 1570
f 1557 1570 1569
f 1558 1559 1571
f 1558 1571 1570
f 1559 1560 1572
f 1559 1572 1571
f 1560 1549 1561
f 1560 1561 1572
f 1561 1562 1574
f 1561 1574 1573
f 1562 1563 1575
f 1562 1575 1574
f 1563 1564 1576
f 1563 1576 1575
f 1564 1565 1577
f 1564 1577 1576
f 1565 1566 1578
f 1565 1578 1577
f 1566 1567 1579
f 1566 1579 1578
f 1567 1568 1580
f 1567 1580 1579
f 1568 1569 1581
f 1568 1581 1580
f 1569 1570 1582
f 1569 1582 1581
f 1570 1571 1583
f 1570 1583 1582
f 1571 1572 1584
f 1571 1584 1583
f 1572 1561 1573
f 1572 1573 1584
f 1573 1574 1586
f 1573 1586 1585
f 1574 1575 1587
f 1574 1587 1586
f 1575 1576 1588
f 1575 1588 1587
f 1576 1577 1589
f 1576 1589 1588
f 1577 1578 1590
f 1577 1590 1589
f 1578 1579 1591
f 1578 1591 1590
f 1579 1580 1592
f 1579 1592 1591
f 1580 1581 1593
f 1580 1593 1592
f 1581 1582 1594
f 1581 1594 1593
f 1582 1583 1595
f 1582 1595 1594
f 1583 1584 1596
f 1583 1596 1595
f 1584 1573 1585
f 1584 1585 1596
f 1585 1586 1598
f 1585 1598 1597
f 1586 1587 1599
f 1586 1599 1598
f 1587 1588 1600
f 1587 1600 1599
f 1588 1589 1601
f 1588 1601 1600
f 1589 1590 1602
f 1589 1602 1601
f 1590 1591 1603
f 1590 1603 1602
f 1591 1592 1604
f 1591 1604 1603
f 1592 1593 1605
f 1592 1605 1604
f 1593 1594 1606
f 1593 1606 1605
f 1594 1595 1607
f 1594 1607 1606
f 1595 1596 1608
f 1595 1608 1607
f 1596 1585 1597
f 1596 1597 1608
f 1597 1598 1610
f 1597 1610 1609
f 1598 1599 1611
f 1598 1611 1610
f 1599 1600 1612
f 1599 1612 1611
f 1600 1601 1613
f 1600 1613 1612
f 1601 1602 1614
f 1601 1614 1613
f 1602 1603 1615
f 1602 1615 1614
f 1603 1604 1616
f 1603 1616 1615
f 1604 1605 1617
f 1604 1617 1616
f 1605 1606 1618
f 1605 1618 1617
f 1606 1607 1619
f 1606 1619 1618
f 1607 1608 1620
f 1607 1620 1619
f 1608 1597 1609
f 1608 1609 1620
f 1609 1610 1622
f 1609 1622 1621
f 1610 1611 1623
f 1610 1623 1622
f 1611 1612 1624
f 1611 1624 1623
f 1612 1613 1625
f 1612 1625 1624
f 1613 1614 1626
f 1613 1626 1625
f 1614 1615 1627
f 1614 1627 1626
f 1615 1616 1628
f 1615 1628 1627
f 1616 1617 1629
f 1616 1629 1628
f 1617 1618 1630
f 1617 1630 1629
f 1618 1619 1631
f 1618 1631 1630
f 1619 1620 1632
f 1619 1632 1631
f 1620 1609 1621
f 1620 1621 1632
f 1621 1622 1634
f 1621 1634 1633
f 1622 1623 1635
f 1622 1635 1634
f 1623 1624 1636
f 1623 1636 1635
f 1624 1625 1637
f 1624 1637 1636
f 1625 1626 1638
f 1625 1638 1637
f 1626 1627 1639
f 1626 1639 1638
f 1627 1628 1640
f 1627 1640 1639
f 1628 1629 1641
f 1628 1641 1640
f 1629 1630 1642
f 1629 1642 1641
f 1630 1631 1643
f 1630 1643 1642
f 1631 1632 1644
f 1631 1644 1643
f 1632 1621 1633
f 1632 1633 1644
f 1633 1634 1646
f 1633 1646 1645
f 1634 1635 1647
f 1634 1647 1646
f 1635 1636 1648
f 1635 1648 1647
f 1636 1637 1649
f 1636 1649 1648
f 1637 1638 1650
f 1637 1650 1649
f 1638 1639 1651
f 1638 1651 1650
f 1639 1640 1652
f 1639 1652 1651
f 1640 1641 1653
f 1640 1653 1652
f 1641 1642 1654
f 1641 1654 1653
f 1642 1643 1655
f 1642 1655 1654
f 1643 1644 1656
f 1643 1656 1655
f 1644 1633 1645
f 1644 1645 1656
f 1645 1646 1658
f 1645 1658 1657
f 1646 1647 1659
f 1646 1659 1658
f 1647 1648 1660
f 1647 1660 1659
f 1648 1649 1661
f 1648 1661 1660
f 1649 1650 1662
f 1649 1662 1661
f 1650 1651 1663
f 1650 1663 1662
f 1651 1652 1664
f 1651 1664 1663
f 1652 1653 1665
f 1652 1665 1664
f 1653 1654 1666
f 1653 1666 1665
f 1654 1655 1667
f 1654 1667 1666
f 1655 1656 1668
f 1655 1668 1667
f 1656 1645 1657
f 1656 1657 1668
f 1657 1658 1670
f 1657 1670 1669
f 1658 1659 1671
f 1658 1671 1670
f 1659 1660 1672
f 1659 1672 1671
f 1660 1661 1673
f 1660 1673 1672
f 1661 1662 1674
f 1661 1674 1673
f 1662 1663 1675
f 1662 1675 1674
f 1663 1664 1676
f 1663 1676 1675
f 1664 1665 1677
f 1664 1677 1676
f 1665 1666 1678
f 1665 1678 1677
f 1666 1667 1679
f 1666 1679 1678
f 1667 1668 1680
f 1667 1680 1679
f 1668 1657 1669
f 1668 1669 1680
f 1669 1670 1682
f 1669 1682 1681
f 1670 1671 1683
f 1670 1683 1682
f 1671 1672 1684
f 1671 1684 1683
f 1672 1673 1685
f 1672 1685 1684
f 1673 1674 1686
f 1673 1686 1685
f 1674 1675 1687
f 1674 1687 1686
f 1675 1676 1688
f 1675 1688 1687
f 1676 1677 1689
f 1676 1689 1688
f 1677 1678 1690
f 1677 1690 1689
f 1678 1679 1691
f 1678 1691 1690
f 1679 1680 1692
f 1679 1692 1691
f 1680 1669 1681
f 1680 1681 1692
f 1681 1682 1694
f 1681 1694 1693
f 1682 1683 1695
f 1682 1695 1694
f 1683 1684 1696
f 1683 1696 1695
f 1684 1685 1697
f 1684 1697 1696
f 1685 1686 1698
f 1685 1698 1697
f 1686 1687 1699
f 1686 1699 1698
f 1687 1688 1700
f 1687 1700 1699
f 1688 1689 1701
f 1688 1701 1700
f 1689 1690 1702
f 1689 1702 1701
f 1690 1691 1703
f 1690 1703 1702
f 1691 1692 1704
f 1691 1704 1703
f 1692 1681 1693
f 1692 1693 1704
f 1693 1694 1706
f 1693 1706 1705
f 1694 1695 1707
f 1694 1707 1706
f 1695 1696 1708
f 1695 1708 1707
f 1696 1697 1709
f 1696 1709 1708
f 1697 1698 1710
f 1697 1710 1709
f 1698 1699 1711
f 1698 1711 1710
f 1699 1700 1712
f 1699 1712 1711
f 1700 1701 1713
f 1700 1713 1712
f 1701 1702 1714
f 1701 1714 1713
f 1702 1703 1715
f 1702 1715 1714
f 1703 1704 1716
f 1703 1716 1715
f 1704 1693 1705
f 1704 1705 1716
f 1705 1706 1718
f 1705 1718 1717
f 1706 1707 1719
f 1706 1719 1718
f 1707 1708 1720
f 1707 1720 1719
f 1708 1709 1721
f 1708 1721 1720
f 1709 1710 1722
f 1709 1722 1721
f 1710 1711 1723
f 1710 1723 1722
f 1711 1712 1724
f 1711 1724 1723
f 1712 1713 1725
f 1712 1725 1724
f 1713 1714 1726
f 1713 1726 1725
f 1714 1715 1727
f 1714 1727 1726
f 1715 1716 1728
f 1715 1728 1727
f 1716 1705 1717
f 1716 1717 1728
f 1717 1718 1730
f 1717 1730 1729
f 1718 1719 1731
f 1718 1731 1730
f 1719 1720 1732
f 1719 1732 1731
f 1720 1721 1733
f 1720 1733 1732
f 1721 1722 1734
f 1721 1734 1733
f 1722 1723 1735
f 1722 1735 1734
f 1723 1724 1736
f 1723 1736 1735
f 1724 1725 1737
f 1724 1737 1736
f 1725 1726 1738
f 1725 1738 1737
f 1726 1727 1739
f 1726 1739 1738
f 1727 1728 1740
f 1727 1740 1739
f 1728 1717 1729
f 1728 1729 1740
f 1729 1730 1742
f 1729 1742 1741
f 1730 1731 1743
f 1730 1743 1742
f 1731 1732 1744
f 1731 1744 1743
f 1732 1733 1745
f 1732 1745 1744
f 1733 1734 1746
f 1733 1746 1745
f 1734 1735 1747
f 1734 1747 1746
f 1735 1736 1748
f 1735 1748 1747
f 1736 1737 1749
f 1736 1749 1748
f 1737 1738 1750
f 1737 1750 1749
f 1738 1739 1751
f 1738 1751 1750
f 1739 1740 1752
f 1739 1752 1751
f 1740 1729 1741
f 1740 1741 1752
f 1741 1742 1754
f 1741 1754 1753
f 1742 1743 1755
f 1742 1755 1754
f 1743 1744 1756
f 1743 1756 1755
f 1744 1745 1757
f 1744 1757 1756
f 1745 1746 1758
f 1745 1758 1757
f 1746 1747 1759
f 1746 1759 1758
f 1747 1748 1760
f 1747 1760 1759
f 1748 1749 1761
f 1748 1761 1760
f 1749 1750 1762
f 1749 1762 1761
f 1750 1751 1763
f 1750 1763 1762
f 1751 1752 1764
f 1751 1764 1763
f 1752 1741 1753
f 1752 1753 1764
f 1753 1754 1766
f 1753 1766 1765
f 1754 1755 1767
f 1754 1767 1766
f 1755 1756 1768
f 1755 1768 1767
f 1756 1757 1769
f 1756 1769 1768
f 1757 1758 1770
f 1757 1770 1769
f 1758 1759 1771
f 1758 1771 1770
f 1759 1760 1772
f 1759 1772 1771
f 1760 1761 1773
f 1760 1773 1772
f 1761 1762 1774
f 1761 1774 1773
f 1762 1763 1775
f 1762 1775 1774
f 1763 1764 1776
f 1763 1776 1775
f 1764 1753 1765
f 1764 1765 1776
f 1765 1766 1778
f 1765 1778 1777
f 1766 1767 1779
f 1766 1779 1778
f 1767 1768 1780
f 1767 1780 1779
f 1768 1769 1781
f 1768 1781 1780
f 1769 1770 1782
f 1769 1782 1781
f 1770 1771 1783
f 1770 1783 1782
f 1771 1772 1784
f 1771 1784 1783
f 1772 1773 1785
f 1772 1785 1784
f 1773 1774 1786
f 1773 1786 1785
f 1774 1775 1787
f 1774 1787 1786
f 1775 1776 1788
f 1775 1788 1787
f 1776 1765 1777
f 1776 1777 1788
f 1777 1778 1790
f 1777 1790 1789
f 1778 1779 1791
f 1778 1791 1790
f 1779 1780 1792
f 1779 1792 1791
f 1780 1781 1793
f 1780 1793 1792
f 1781 1782 1794
f 1781 1794 1793
f 1782 1783 1795
f 1782 1795 1794
f 1783 1784 1796
f 1783 1796 1795
f 1784 1785 1797
f 1784 1797 1796
f 1785 1786 1798
f 1785 1798 1797
f 1786 1787 1799
f 1786 1799 1798
f 1787 1788 1800
f 1787 1800 1799
f 1788 1777 1789
f 1788 1789 1800
f 1789 1790 1802
f 1789 1802 1801
f 1790 1791 1803
f 1790 1803 1802
f 1791 1792 1804
f 1791 1804 1803
f 1792 1793 1805
f 1792 1805 1804
f 1793 1794 1806
f 1793 1806 1805
f 1794 1795 1807
f 1794 1807 1806
f 1795 1796 1808
f 1795 1808 1807
f 1796 1797 1809
f 1796 1809 1808
f 1797 1798 1810
f 1797 1810 1809
f 1798 1799 1811
f 1798 1811 1810
f 1799 1800 1812
f 1799 1812 1811
f 1800 1789 1801
f 1800 1801 1812
f 1801 1802 1814
f 1801 1814 1813
f 1802 1803 1815
f 1802 1815 1814
f 1803 1804 1816
f 1803 1816 1815
f 1804 1805 1817
f 1804 1817 1816
f 1805 1806 1818
f 1805 1818 1817
f 1806 1807 1819
f 1806 1819 1818
f 1807 1808 1820
f 1807 1820 1819
f 1808 1809 1821
f 1808 1821 1820
f 1809 1810 1822
f 1809 1822 1821
f 1810 1811 1823
f 1810 1823 1822
f 1811 1812 1824
f 1811 1824 1823
f 1812 1801 1813
f 1812 1813 1824
f 1813 1814 1826
f 1813 1826 1825
f 1814 1815 1827
f 1814 1827 1826
f 1815 1816 1828
f 1815 1828 1827
f 1816 1817 1829
f 1816 1829 1828
f 1817 1818 1830
f 1817 1830 1829
f 1818 1819 1831
f 1818 1831 1830
f 1819 1820 1832
f 1819 1832 1831
f 1820 1821 1833
f 1820 1833 1832
f 1821 1822 1834
f 1821 1834 1833
f 1822 1823 1835
f 1822 1835 1834
f 1823 1824 1836
f 1823 1836 1835
f 1824 1813 1825
f 1824 1825 1836
f 1825 1826 1838
f 1825 1838 1837
f 1826 1827 1839
f 1826 1839 1838
f 1827 1828 1840
f 1827 1840 1839
f 1828 1829 1841
f 1828 1841 1840
f 1829 1830 1842
f 1829 1842 1841
f 1830 1831 1843
f 1830 1843 1842
f 1831 1832 1844
f 1831 1844 1843
f 1832 1833 1845
f 1832 1845 1844
f 1833 1834 1846
f 1833 1846 1845
f 1834 1835 1847
f 1834 1847 1846
f 1835 1836 1848
f 1835 1848 1847
f 1836 1825 1837
f 1836 1837 1848
f 1837 1838 1850
f 1837 1850 1849
f 1838 1839 1851
f 1838 1851 1850
f 1839 1840 1852
f 1839 1852 1851
f 1840 1841 1853
f 1840 1853 1852
f 1841 1842 1854
f 1841 1854 1853
f 1842 1843 1855
f 1842 1855 1854
f 1843 1844 1856
f 1843 1856 1855
f 1844 1845 1857
f 1844 1857 1856
f 1845 1846 1858
f 1845 1858 1857
f 1846 1847 1859
f 1846 1859 1858
f 1847 1848 1860
f 1847 1860 1859
f 1848 1837 1849
f 1848 1849 1860
f 1849 1850 1862
f 1849 1862 1861
f 1850 1851 1863
f 1850 1863 1862
f 1851 1852 1864
f 1851 1864 1863
f 1852 1853 1865
f 1852 1865 1864
f 1853 1854 1866
f 1853 1866 1865
f 1854 1855 1867
f 1854 1867 1866
f 1855 1856 1868
f 1855 1868 1867
f 1856 1857 1869
f 1856 1869 1868
f 1857 1858 1870
f 1857 1870 1869
f 1858 1859 1871
f 1858 1871 1870
f 1859 1860 1872
f 1859 1872 1871
f 1860 1849 1861
f 1860 1861 1872
f 1861 1862 1874
f 1861 1874 1873
f 1862 1863 1875
f 1862 1875 1874
f 1863 1864 1876
f 1863 1876 1875
f 1864 1865 1877
f 1864 1877 1876
f 1865 1866 1878
f 1865 1878 1877
f 1866 1867 1879
f 1866 1879 1878
f 1867 1868 1880
f 1867 1880 1879
f 1868 1869 1881
f 1868 1881 1880
f 1869 1870 1882
f 1869 1882 1881
f 1870 1871 1883
f 1870 1883 1882
f 1871 1872 1884
f 1871 1884 1883
f 1872 1861 1873
f 1872 1873 1884
f 1873 1874 1886
f 1873 1886 1885
f 1874 1875 1887
f 1874 1887 1886
f 1875 1876 1888
f 1875 1888 1887
f 1876 1877 1889
f 1876 1889 1888
f 1877 1878 1890
f 1877 1890 1889
f 1878 1879 1891
f 1878 1891 1890
f 1879 1880 1892
f 1879 1892 1891
f 1880 1881 1893
f 1880 1893 1892
f 1881 1882 1894
f 1881 1894 1893
f 1882 1883 1895
f 1882 1895 1894
f 1883 1884 1896
f 1883 1896 1895
f 1884 1873 1885
f 1884 1885 1896
f 1885 1886 1898
f 1885 1898 1897
f 1886 1887 1899
f 1886 1899 1898
f 1887 1888 1900
f 1887 1900 1899
f 1888 1889 1901
f 1888 1901 1900
f 1889 1890 1902
f 1889 1902 1901
f 1890 1891 1903
f 1890 1903 1902
f 1891 1892 1904
f 1891 1904 1903
f 1892 1893 1905
f 1892 1905 1904
f 1893 1894 1906
f 1893 1906 1905
f 1894 1895 1907
f 1894 1907 1906
f 1895 1896 1908
f 1895 1908 1907
f 1896 1885 1897
f 1896 1897 1908
f 1897 1898 1910
f 1897 1910 1909
f 1898 1899 1911
f 1898 1911 1910
f 1899 1900 1912
f 1899 1912 1911
f 1900 1901 1913
f 1900 1913 1912
f 1901 1902 1914
f 1901 1914 1913
f 1902 1903 1915
f 1902 1915 1914
f 1903 1904 1916
f 1903 1916 1915
f 1904 1905 1917
f 1904 1917 1916
f 1905 1906 1918
f 1905 1918 1917
f 1906 1907 1919
f 1906 1919 1918
f 1907 1908 1920
f 1907 1920 1919
f 1908 1897 1909
f 1908 1909 1920
f 1909 1910 1922
f 1909 1922 1921
f 1910 1911 1923
f 1910 1923 1922
f 1911 1912 1924
f 1911 1924 1923
f 1912 1913 1925
f 1912 1925 1924
f 1913 1914 1926
f 1913 1926 1925
f 1914 1915 1927
f 1914 1927 1926
f 1915 1916 1928
f 1915 1928 1927
f 1916 1917 1929
f 1916 1929 1928
f 1917 1918 1930
f 1917 1930 1929
f 1918 1919 1931
f 1918 1931 1930
f 1919 1920 1932
f 1919 1932 1931
f 1920 1909 1921
f 1920 1921 1932
f 1921 1922 1934
f 1921 1934 1933
f 1922 1923 1935
f 1922 1935 1934
f 1923 1924 1936
f 1923 1936 1935
f 1924 1925 1937
f 1924 1937 1936
f 1925 1926 1938
f 1925 1938 1937
f 1926 1927 1939
f 1926 1939 1938
f 1927 1928 1940
f 1927 1940 1939
f 1928 1929 1941
f 1928 1941 1940
f 1929 1930 1942
f 1929 1942 1941
f 1930 1931 1943
f 1930 1943 1942
f 1931 1932 1944
f 1931 1944 1943
f 1932 1921 1933
f 1932 1933 1944
f 1933 1934 1946
f 1933 1946 1945
f 1934 1935 1947
f 1934 1947 1946
f 1935 1936 1948
f 1935 1948 1947
f 1936 1937 1949
f 1936 1949 1948
f 1937 1938 1950
f 1937 1950 1949
f 1938 1939 1951
f 1938 1951 1950
f 1939 1940 1952
f 1939 1952 1951
f 1940 1941 1953
f 1940 1953 1952
f 1941 1942 1954
f 1941 1954 1953
f 1942 1943 1955
f 1942 1955 1954
f 1943 1944 1956
f 1943 1956 1955
f 1944 1933 1945
f 1944 1945 1956
f 1945 1946 1958
f 1945 1958 1957
f 1946 1947 1959
f 1946 1959 1958
f 1947 1948 1960
f 1947 1960 1959
f 1948 1949 1961
f 1948 1961 1960
f 1949 1950 1962
f 1949 1962 1961
f 1950 1951 1963
f 1950 1963 1962
f 1951 1952 1964
f 1951 1964 1963
f 1952 1953 1965
f 1952 1965 1964
f 1953 1954 1966
f 1953 1966 1965
f 1954 1955 1967
f 1954 1967 1966
f 1955 1956 1968
f 1955 1968 1967
f 1956 1945 1957
f 1956 1957 1968
f 1957 1958 1970
f 1957 1970 1969
f 1958 1959 1971
f 1958 1971 1970
f 1959 1960 1972
f 1959 1972 1971
f 1960 1961 1973
f 1960 1973 1972
f 1961 1962 1974
f 1961 1974 1973
f 1962 1963 1975
f 1962 1975 1974
f 1963 1964 1976
f 1963 1976 1975
f 1964 1965 1977
f 1964 1977 1976
f 1965 1966 1978
f 1965 1978 1977
f 1966 1967 1979
f 1966 1979 1978
f 1967 1968 1980
f 1967 1980 1979
f 1968 1957 1969
f 1968 1969 1980
f 1969 1970 1982
f 1969 1982 1981
f 1970 1971 1983
f 1970 1983 1982
f 1971 1972 1984
f 1971 1984 1983
f 1972 1973 1985
f 1972 1985 1984
f 1973 1974 1986
f 1973 1986 1985
f 1974 1975 1987
f 1974 1987 1986
f 1975 1976 1988
f 1975 1988 1987
f 1976 1977 1989
f 1976 1989 1988
f 1977 1978 1990
f 1977 1990 1989
f 1978 1979 1991
f 1978 1991 1990
f 1979 1980 1992
f 1979 1992 1991
f 1980 1969 1981
f 1980 1981 1992
f 1981 1982 1994
f 1981 1994 1993
f 1982 1983 1995
f 1982 1995 1994
f 1983 1984 1996
f 1983 1996 1995
f 1984 1985 1997
f 1984 1997 1996
f 1985 1986 1998
f 1985 1998 1997
f 1986 1987 1999
f 1986 1999 1998
f 1987 1988 2000
f 1987 2000 1999
f 1988 1989 2001
f 1988 2001 2000
f 1989 1990 2002
f 1989 2002 2001
f 1990 1991 2003
f 1990 2003 2002
f 1991 1992 2004
f 1991 2004 2003
f 1992 1981 1993
f 1992 1993 2004
f 1993 1994 2006
f 1993 2006 2005
f 1994 1995 2007
f 1994 2007 2006
f 1995 1996 2008
f 1995 2008 2007
f 1996 1997 2009
f 1996 2009 2008
f 1997 1998 2010
f 1997 2010 2009
f 1998 1999 2011
f 1998 2011 2010
f 1999 2000 2012
f 1999 2012 2011
f 2000 2001 2013
f 2000 2013 2012
f 2001 2002 2014
f 2001 2014 2013
f 2002 2003 2015
f 2002 2015 2014
f 2003 2004 2016
f 2003 2016 2015
f 2004 1993 2005
f 2004 2005 2016
f 2005 2006 2018
f 2005 2018 2017
f 2006 2007 2019
f 2006 2019 2018
f 2007 2008 2020
f 2007 2020 2019
f 2008 2009 2021
f 2008 2021 2020
f 2009 2010 2022
f 2009 2022 2021
f 2010 2011 2023
f 2010 2023 2022
f 2011 2012 2024
f 2011 2024 2023
f 2012 2013 2025
f 2012 2025 2024
f 2013 2014 2026
f 2013 2026 2025
f 2014 2015 2027
f 2014 2027 2026
f 2015 2016 2028
f 2015 2028 2027
f 2016 2005 2017
f 2016 2017 2028
f 2017 2018 2030
f 2017 2030 2029
f 2018 2019 2031
f 2018 2031 2030
f 2019 2020 2032
f 2019 2032 2031
f 2020 2021 2033
f 2020 2033 2032
f 2021 2022 2034
f 2021 2034 2033
f 2022 2023 2035
f 2022 2035 2034
f 2023 2024 2036
f 2023 2036 2035
f 2024 2025 2037
f 2024 2037 2036
f 2025 2026 2038
f 2025 2038 2037
f 2026 2027 2039
f 2026 2039 2038
f 2027 2028 2040
f 2027 2040 2039
f 2028 2017 2029
f 2028 2029 2040
f 2029 2030 2042
f 2029 2042 2041
f 2030 2031 2043
f 2030 2043 2042
f 2031 2032 2044
f 2031 2044 2043
f 2032 2033 2045
f 2032 2045 2044
f 2033 2034 2046
f 2033 2046 2045
f 2034 2035 2047
f 2034 2047 2046
f 2035 2036 2048
f 2035 2048 2047
f 2036 2037 2049
f 2036 2049 2048
f 2037 2038 2050
f 2037 2050 2049
f 2038 2039 2051
f 2038 2051 2050
f 2039 2040 2052
f 2039 2052 2051
f 2040 2029 2041
f 2040 2041 2052
f 2041 2042 2054
f 2041 2054 2053
f 2042 2043 2055
f 2042 2055 2054
f 2043 2044 2056
f 2043 2056 2055
f 2044 2045 2057
f 2044 2057 2056
f 2045 2046 2058
f 2045 2058 2057
f 2046 2047 2059
f 2046 2059 2058
f 2047 2048 2060
f 2047 2060 2059
f 2048 2049 2061
f 2048 2061 2060
f 2049 2050 2062
f 2049 2062 2061
f 2050 2051 2063
f 2050 2063 2062
f 2051 2052 2064
f 2051 2064 2063
f 2052 2041 2053
f 2052 2053 2064
f 2053 2054 2066
f 2053 2066 2065
f 2054 2055 2067
f 2054 2067 2066
f 2055 2056 2068
f 2055 2068 2067
f 2056 2057 2069
f 2056 2069 2068
f 2057 2058 2070
f 2057 2070 2069
f 2058 2059 2071
f 2058 2071 2070
f 2059 2060 2072
f 2059 2072 2071
f 2060 2061 2073
f 2060 2073 2072
f 2061 2062 2074
f 2061 2074 2073
f 2062 2063 2075
f 2062 2075 2074
f 2063 2064 2076
f 2063 2076 2075
f 2064 2053 2065
f 2064 2065 2076
f 2065 2066 2078
f 2065 2078 2077
f 2066 2067 2079
f 2066 2079 2078
f 2067 2068 2080
f 2067 2080 2079
f 2068 2069 2081
f 2068 2081 2080
f 2069 2070 2082
f 2069 2082 2081
f 2070 2071 2083
f 2070 2083 2082
f 2071 2072 2084
f 2071 2084 2083
f 2072 2073 2085
f 2072 2085 2084
f 2073 2074 2086
f 2073 2086 2085
f 2074 2075 2087
f 2074 2087 2086
f 2075 2076 2088
f 2075 2088 2087
f 2076 2065 2077
f 2076 2077 2088
f 2077 2078 2090
f 2077 2090 2089
f 2078 2079 2091
f 2078 2091 2090
f 2079 2080 2092
f 2079 2092 2091
f 2080 2081 2093
f 2080 2093 2092
f 2081 2082 2094
f 2081 2094 2093
f 2082 2083 2095
f 2082 2095 2094
f 2083 2084 2096
f 2083 2096 2095
f 2084 2085 2097
f 2084 2097 2096
f 2085 2086 2098
f 2085 2098 2097
f 2086 2087 2099
f 2086 2099 2098
f 2087 2088 2100
f 2087 2100 2099
f 2088 2077 2089
f 2088 2089 2100
f 2089 2090 2102
f 2089 2102 2101
f 2090 2091 2103
f 2090 2103 2102
f 2091 2092 2104
f 2091 2104 2103
f 2092 2093 2105
f 2092 2105 2104
f 2093 2094 2106
f 2093 2106 2105
f 2094 2095 2107
f 2094 2107 2106
f 2095 2096 2108
f 2095 2108 2107
f 2096 2097 2109
f 2096 2109 2108
f 2097 2098 2110
f 2097 2110 2109
f 2098 2099 2111
f 2098 2111 2110
f 2099 2100 2112
f 2099 2112 2111
f 2100 2089 2101
f 2100 2101 2112
f 2101 2102 2114
f 2101 2114 2113
f 2102 2103 2115
f 2102 2115 2114
f 2103 2104 2116
f 2103 2116 2115
f 2104 2105 2117
f 2104 2117 2116
f 2105 2106 2118
f 2105 2118 2117
f 2106 2107 2119
f 2106 2119 2118
f 2107 2108 2120
f 2107 2120 2119
f 2108 2109 2121
f 2108 2121 2120
f 2109 2110 2122
f 2109 2122 2121
f 2110 2111 2123
f 2110 2123 2122
f 2111 2112 2124
f 2111 2124 2123
f 2112 2101 2113
f 2112 2113 2124
f 2113 2114 2126
f 2113 2126 2125
f 2114 2115 2127
f 2114 2127 2126
f 2115 2116 2128
f 2115 2128 2127
f 2116 2117 2129
f 2116 2129 2128
f 2117 2118 2130
f 2117 2130 2129
f 2118 2119 2131
f 2118 2131 2130
f 2119 2120 2132
f 2119 2132 2131
f 2120 2121 2133
f 2120 2133 2132
f 2121 2122 2134
f 2121 2134 2133
f 2122 2123 2135
f 2122 2135 2134
f 2123 2124 2136
f 2123 2136 2135
f 2124 2113 2125
f 2124 2125 2136
f 2125 2126 2138
f 2125 2138 2137
f 2126 2127 2139
f 2126 2139 2138
f 2127 2128 2140
f 2127 2140 2139
f 2128 2129 2141
f 2128 2141 2140
f 2129 2130 2142
f 2129 2142 2141
f 2130 2131 2143
f 2130 2143 2142
f 2131 2132 2144
f 2131 2144 2143
f 2132 2133 2145
f 2132 2145 2144
f 2133 2134 2146
f 2133 2146 2145
f 2134 2135 2147
f 2134 2147 2146
f 2135 2136 2148
f 2135 2148 2147
f 2136 2125 2137
f 2136 2137 2148
f 2137 2138 2150
f 2137 2150 2149
f 2138 2139 2151
f 2138 2151 2150
f 2139 2140 2152
f 2139 2152 2151
f 2140 2141 2153
f 2140 2153 2152
f 2141 2142 2154
f 2141 2154 2153
f 2142 2143 2155
f 2142 2155 2154
f 2143 2144 2156
f 2143 2156 2155
f 2144 2145 2157
f 2144 2157 2156
f 2145 2146 2158
f 2145 2158 2157
f 2146 2147 2159
f 2146 2159 2158
f 2147 2148 2160
f 2147 2160 2159
f 2148 2137 2149
f 2148 2149 2160
f 2149 2150 2162
f 2149 2162 2161
f 2150 2151 2163
f 2150 2163 2162
f 2151 2152 2164
f 2151 2164 2163
f 2152 2153 2165
f 2152 2165 2164
f 2153 2154 2166
f 2153 2166 2165
f 2154 2155 2167
f 2154 2167 2166
f 2155 2156 2168
f 2155 2168 2167
f 2156 2157 2169
f 2156 2169 2168
f 2157 2158 2170
f 2157 2170 2169
f 2158 2159 2171
f 2158 2171 2170
f 2159 2160 2172
f 2159 2172 2171
f 2160 2149 2161
f 2160 2161 2172
f 2161 2162 2174
f 2161 2174 2173
f 2162 2163 2175
f 2162 2175 2174
f 2163 2164 2176
f 2163 2176 2175
f 2164 2165 2177
f 2164 2177 2176
f 2165 2166 2178
f 2165 2178 2177
f 2166 2167 2179
f 2166 2179 2178
f 2167 2168 2180
f 2167 2180 2179
f 2168 2169 2181
f 2168 2181 2180
f 2169 2170 2182
f 2169 2182 2181
f 2170 2171 2183
f 2170 2183 2182
f 2171 2172 2184
f 2171 2184 2183
f 2172 2161 2173
f 2172 2173 2184
f 2173 2174 2186
f 2173 2186 2185
f 2174 2175 2187
f 2174 2187 2186
f 2175 2176 2188
f 2175 2188 2187
f 2176 2177 2189
f 2176 2189 2188
f 2177 2178 2190
f 2177 2190 2189
f 2178 2179 2191
f 2178 2191 2190
f 2179 2180 2192
f 2179 2192 2191
f 2180 2181 2193
f 2180 2193 2192
f 2181 2182 2194
f 2181 2194 2193
f 2182 2183 2195
f 2182 2195 2194
f 2183 2184 2196
f 2183 2196 2195
f 2184 2173 2185
f 2184 2185 2196
f 2185 2186 2198
f 2185 2198 2197
f 2186 2187 2199
f 2186 2199 2198
f 2187 2188 2200
f 2187 2200 2199
f 2188 2189 2201
f 2188 2201 2200
f 2189 2190 2202
f 2189 2202 2201
f 2190 2191 2203
f 2190 2203 2202
f 2191 2192 2204
f 2191 2204 2203
f 2192 2193 2205
f 2192 2205 2204
f 2193 2194 2206
f 2193 2206 2205
f 2194 2195 2207
f 2194 2207 2206
f 2195 2196 2208
f 2195 2208 2207
f 2196 2185 2197
f 2196 2197 2208
f 2197 2198 2210
f 2197 2210 2209
f 2198 2199 2211
f 2198 2211 2210
f 2199 2200 2212
f 2199 2212 2211
f 2200 2201 2213
f 2200 2213 2212
f 2201 2202 2214
f 2201 2214 2213
f 2202 2203 2215
f 2202 2215 2214
f 2203 2204 2216
f 2203 2216 2215
f 2204 2205 2217
f 2204 2217 2216
f 2205 2206 2218
f 2205 2218 2217
f 2206 2207 2219
f 2206 2219 2218
f 2207 2208 2220
f 2207 2220 2219
f 2208 2197 2209
f 2208 2209 2220
f 2209 2210 2222
f 2209 2222 2221
f 2210 2211 2223
f 2210 2223 2222
f 2211 2212 2224
f 2211 2224 2223
f 2212 2213 2225
f 2212 2225 2224
f 2213 2214 2226
f 2213 2226 2225
f 2214 2215 2227
f 2214 2227 2226
f 2215 2216 2228
f 2215 2228 2227
f 2216 2217 2229
f 2216 2229 2228
f 2217 2218 2230
f 2217 2230 2229
f 2218 2219 2231
f 2218 2231 2230
f 2219 2220 2232
f 2219 2232 2231
f 2220 2209 2221
f 2220 2221 2232
f 2221 2222 2234
f 2221 2234 2233
f 2222 2223 2235
f 2222 2235 2234
f 2223 2224 2236
f 2223 2236 2235
f 2224 2225 2237
f 2224 2237 2236
f 2225 2226 2238
f 2225 2238 2237
f 2226 2227 2239
f 2226 2239 2238
f 2227 2228 2240
f 2227 2240 2239
f 2228 2229 2241
f 2228 2241 2240
f 2229 2230 2242
f 2229 2242 2241
f 2230 2231 2243
f 2230 2243 2242
f 2231 2232 2244
f 2231 2244 2243
f 2232 2221 2233
f 2232 2233 2244
f 2233 2234 2246
f 2233 2246 2245
f 2234 2235 2247
f 2234 2247 2246
f 2235 2236 2248
f 2235 2248 2247
f 2236 2237 2249
f 2236 2249 2248
f 2237 2238 2250
f 2237 2250 2249
f 2238 2239 2251
f 2238 2251 2250
f 2239 2240 2252
f 2239 2252 2251
f 2240 2241 2253
f 2240 2253 2252
f 2241 2242 2254
f 2241 2254 2253
f 2242 2243 2255
f 2242 2255 2254
f 2243 2244 2256
f 2243 2256 2255
f 2244 2233 2245
f 2244 2245 2256
f 2245 2246 2258
f 2245 2258 2257
f 2246 2247 2259
f 2246 2259 2258
f 2247 2248 2260
f 2247 2260 2259
f 2248 2249 2261
f 2248 2261 2260
f 2249 2250 2262
f 2249 2262 2261
f 2250 2251 2263
f 2250 2263 2262
f 2251 2252 2264
f 2251 2264 2263
f 2252 2253 2265
f 2252 2265 2264
f 2253 2254 2266
f 2253 2266 2265
f 2254 2255 2267
f 2254 2267 2266
f 2255 2256 2268
f 2255 2268 2267
f 2256 2245 2257
f 2256 2257 2268
f 2257 2258 2270
f 2257 2270 2269
f 2258 2259 2271
f 2258 2271 2270
f 2259 2260 2272
f 2259 2272 2271
f 2260 2261 2273
f 2260 2273 2272
f 2261 2262 2274
f 2261 2274 2273
f 2262 2263 2275
f 2262 2275 2274
f 2263 2264 2276
f 2263 2276 2275
f 2264 2265 2277
f 2264 2277 2276
f 2265 2266 2278
f 2265 2278 2277
f 2266 2267 2279
f 2266 2279 2278
f 2267 2268 2280
f 2267 2280 2279
f 2268 2257 2269
f 2268 2269 2280
f 2269 2270 2282
f 2269 2282 2281
f 2270 2271 2283
f 2270 2283 2282
f 2271 2272 2284
f 2271 2284 2283
f 2272 2273 2285
f 2272 2285 2284
f 2273 2274 2286
f 2273 2286 2285
f 2274 2275 2287
f 2274 2287 2286
f 2275 2276 2288
f 2275 2288 2287
f 2276 2277 2289
f 2276 2289 2288
f 2277 2278 2290
f 2277 2290 2289
f 2278 2279 2291
f 2278 2291 2290
f 2279 2280 2292
f 2279 2292 2291
f 2280 2269 2281
f 2280 2281 2292
f 2281 2282 2294
f 2281 2294 2293
f 2282 2283 2295
f 2282 2295 2294
f 2283 2284 2296
f 2283 2296 2295
f 2284 2285 2297
f 2284 2297 2296
f 2285 2286 2298
f 2285 2298 2297
f 2286 2287 2299
f 2286 2299 2298
f 2287 2288 2300
f 2287 2300 2299
f 2288 2289 2301
f 2288 2301 2300
f 2289 2290 2302
f 2289 2302 2301
f 2290 2291 2303
f 2290 2303 2302
f 2291 2292 2304
f 2291 2304 2303
f 2292 2281 2293
f 2292 2293 2304
f 2293 2294 2306
f 2293 2306 2305
f 2294 2295 2307
f 2294 2307 2306
f 2295 2296 2308
f 2295 2308 2307
f 2296 2297 2309
f 2296 2309 2308
f 2297 2298 2310
f 2297 2310 2309
f 2298 2299 2311
f 2298 2311 2310
f 2299 2300 2312
f 2299 2312 2311
f 2300 2301 2313
f 2300 2313 2312
f 2301 2302 2314
f 2301 2314 2313
f 2302 2303 2315
f 2302 2315 2314
f 2303 2304 2316
f 2303 2316 2315
f 2304 2293 2305
f 2304 2305 2316
f 2305 2306 2318
f 2305 2318 2317
f 2306 2307 2319
f 2306 2319 2318
f 2307 2308 2320
f 2307 2320 2319
f 2308 2309 2321
f 2308 2321 2320
f 2309 2310 2322
f 2309 2322 2321
f 2310 2311 2323
f 2310 2323 2322
f 2311 2312 2324
f 2311 2324 2323
f 2312 2313 2325
f 2312 2325 2324
f 2313 2314 2326
f 2313 2326 2325
f 2314 2315 2327
f 2314 2327 2326
f 2315 2316 2328
f 2315 2328 2327
f 2316 2305 2317
f 2316 2317 2328
f 2317 2318 2330
f 2317 2330 2329
f 2318 2319 2331
f 2318 2331 2330
f 2319 2320 2332
f 2319 2332 2331
f 2320 2321 2333
f 2320 2333 2332
f 2321 2322 2334
f 2321 2334 2333
f 2322 2323 2335
f 2322 2335 2334
f 2323 2324 2336
f 2323 2336 2335
f 2324 2325 2337
f 2324 2337 2336
f 2325 2326 2338
f 2325 2338 2337
f 2326 2327 2339
f 2326 2339 2338
f 2327 2328 2340
f 2327 2340 2339
f 2328 2317 2329
f 2328 2329 2340
f 2329 2330 2342
f 2329 2342 2341
f 2330 2331 2343
f 2330 2343 2342
f 2331 2332 2344
f 2331 2344 2343
f 2332 2333 2345
f 2332 2345 2344
f 2333 2334 2346
f 2333 2346 2345
f 2334 2335 2347
f 2334 2347 2346
f 2335 2336 2348
f 2335 2348 2347
f 2336 2337 2349
f 2336 2349 2348
f 2337 2338 2350
f 2337 2350 2349
f 2338 2339 2351
f 2338 2351 2350
f 2339 2340 2352
f 2339 2352 2351
f 2340 2329 2341
f 2340 2341 2352
f 2341 2342 2354
f 2341 2354 2353
f 2342 2343 2355
f 2342 2355 2354
f 2343 2344 2356
f 2343 2356 2355
f 2344 2345 2357
f 2344 2357 2356
f 2345 2346 2358
f 2345 2358 2357
f 2346 2347 2359
f 2346 2359 2358
f 2347 2348 2360
f 2347 2360 2359
f 2348 2349 2361
f 2348 2361 2360
f 2349 2350 2362
f 2349 2362 2361
f 2350 2351 2363
f 2350 2363 2362
f 2351 2352 2364
f 2351 2364 2363
f 2352 2341 2353
f 2352 2353 2364
f 2353 2354 2366
f 2353 2366 2365
f 2354 2355 2367
f 2354 2367 2366
f 2355 2356 2368
f 2355 2368 2367
f 2356 2357 2369
f 2356 2369 2368
f 2357 2358 2370
f 2357 2370 2369
f 2358 2359 2371
f 2358 2371 2370
f 2359 2360 2372
f 2359 2372 2371
f 2360 2361 2373
f 2360 2373 2372
f 2361 2362 2374
f 2361 2374 2373
f 2362 2363 2375
f 2362 2375 2374
f 2363 2364 2376
f 2363 2376 2375
f 2364 2353 2365
f 2364 2365 2376
f 2365 2366 2378
f 2365 2378 2377
f 2366 2367 2379
f 2366 2379 2378
f 2367 2368 2380
f 2367 2380 2379
f 2368 2369 2381
f 2368 2381 2380
f 2369 2370 2382
f 2369 2382 2381
f 2370 2371 2383
f 2370 2383 2382
f 2371 2372 2384
f 2371 2384 2383
f 2372 2373 2385
f 2372 2385 2384
f 2373 2374 2386
f 2373 2386 2385
f 2374 2375 2387
f 2374 2387 2386
f 2375 2376 2388
f 2375 2388 2387
f 2376 2365 2377
f 2376 2377 2388
f 2377 2378 2390
f 2377 2390 2389
f 2378 2379 2391
f 2378 2391 2390
f 2379 2380 2392
f 2379 2392 2391
f 2380 2381 2393
f 2380 2393 2392
f 2381 2382 2394
f 2381 2394 2393
f 2382 2383 2395
f 2382 2395 2394
f 2383 2384 2396
f 2383 2396 2395
f 2384 2385 2397
f 2384 2397 2396
f 2385 2386 2398
f 2385 2398 2397
f 2386 2387 2399
f 2386 2399 2398
f 2387 2388 2400
f 2387 2400 2399
f 2388 2377 2389
f 2388 2389 2400
f 2389 2390 2402
f 2389 2402 2401
f 2390 2391 2403
f 2390 2403 2402
f 2391 2392 2404
f 2391 2404 2403
f 2392 2393 2405
f 2392 2405 2404
f 2393 2394 2406
f 2393 2406 2405
f 2394 2395 2407
f 2394 2407 2406
f 2395 2396 2408
f 2395 2408 2407
f 2396 2397 2409
f 2396 2409 2408
f 2397 2398 2410
f 2397 2410 2409
f 2398 2399 2411
f 2398 2411 2410
f 2399 2400 2412
f 2399 2412 2411
f 2400 2389 2401
f 2400 2401 2412
f 2401 2402 2414
f 2401 2414 2413
f 2402 2403 2415
f 2402 2415 2414
f 2403 2404 2416
f 2403 2416 2415
f 2404 2405 2417
f 2404 2417 2416
f 2405 2406 2418
f 2405 2418 2417
f 2406 2407 2419
f 2406 2419 2418
f 2407 2408 2420
f 2407 2420 2419
f 2408 2409 2421
f 2408 2421 2420
f 2409 2410 2422
f 2409 2422 2421
f 2410 2411 2423
f 2410 2423 2422
f 2411 2412 2424
f 2411 2424 2423
f 2412 2401 2413
f 2412 2413 2424
f 2413 2414 2426
f 2413 2426 2425
f 2414 2415 2427
f 2414 2427 2426
f 2415 2416 2428
f 2415 2428 2427
f 2416 2417 2429
f 2416 2429 2428
f 2417 2418 2430
f 2417 2430 2429
f 2418 2419 2431
f 2418 2431 2430
f 2419 2420 2432
f 2419 2432 2431
f 2420 2421 2433
f 2420 2433 2432
f 2421 2422 2434
f 2421 2434 2433
f 2422 2423 2435
f 2422 2435 2434
f 2423 2424 2436
f 2423 2436 2435
f 2424 2413 2425
f 2424 2425 2436
f 2425 2426 2438
f 2425 2438 2437
f 2426 2427 2439
f 2426 2439 2438
f 2427 2428 2440
f 2427 2440 2439
f 2428 2429 2441
f 2428 2441 2440
f 2429 2430 2442
f 2429 2442 2441
f 2430 2431 2443
f 2430 2443 2442
f 2431 2432 2444
f 2431 2444 2443
f 2432 2433 2445
f 2432 2445 2444
f 2433 2434 2446
f 2433 2446 2445
f 2434 2435 2447
f 2434 2447 2446
f 2435 2436 2448
f 2435 2448 2447
f 2436 2425 2437
f 2436 2437 2448
f 2437 2438 2450
f 2437 2450 2449
f 2438 2439 2451
f 2438 2451 2450
f 2439 2440 2452
f 2439 2452 2451
f 2440 2441 2453
f 2440 2453 2452
f 2441 2442 2454
f 2441 2454 2453
f 2442 2443 2455
f 2442 2455 2454
f 2443 2444 2456
f 2443 2456 2455
f 2444 2445 2457
f 2444 2457 2456
f 2445 2446 2458
f 2445 2458 2457
f 2446 2447 2459
f 2446 2459 2458
f 2447 2448 2460
f 2447 2460 2459
f 2448 2437 2449
f 2448 2449 2460
f 2449 2450 2462
f 2449 2462 2461
f 2450 2451 2463
f 2450 2463 2462
f 2451 2452 2464
f 2451 2464 2463
f 2452 2453 2465
f 2452 2465 2464
f 2453 2454 2466
f 2453 2466 2465
f 2454 2455 2467
f 2454 2467 2466
f 2455 2456 2468
f 2455 2468 2467
f 2456 2457 2469
f 2456 2469 2468
f 2457 2458 2470
f 2457 2470 2469
f 2458 2459 2471
f 2458 2471 2470
f 2459 2460 2472
f 2459 2472 2471
f 2460 2449 2461
f 2460 2461 2472
f 2461 2462 2474
f 2461 2474 2473
f 2462 2463 2475
f 2462 2475 2474
f 2463 2464 2476
f 2463 2476 2475
f 2464 2465 2477
f 2464 2477 2476
f 2465 2466 2478
f 2465 2478 2477
f 2466 2467 2479
f 2466 2479 2478
f 2467 2468 2480
f 2467 2480 2479
f 2468 2469 2481
f 2468 2481 2480
f 2469 2470 2482
f 2469 2482 2481
f 2470 2471 2483
f 2470 2483 2482
f 2471 2472 2484
f 2471 2484 2483
f 2472 2461 2473
f 2472 2473 2484
f 2473 2474 2486
f 2473 2486 2485
f 2474 2475 2487
f 2474 2487 2486
f 2475 2476 2488
f 2475 2488 2487
f 2476 2477 2489
f 2476 2489 2488
f 2477 2478 2490
f 2477 2490 2489
f 2478 2479 2491
f 2478 2491 2490
f 2479 2480 2492
f 2479 2492 2491
f 2480 2481 2493
f 2480 2493 2492
f 2481 2482 2494
f 2481 2494 2493
f 2482 2483 2495
f 2482 2495 2494
f 2483 2484 2496
f 2483 2496 2495
f 2484 2473 2485
f 2484 2485 2496
f 2485 2486 2498
f 2485 2498 2497
f 2486 2487 2499
f 2486 2499 2498
f 2487 2488 2500
f 2487 2500 2499
f 2488 2489 2501
f 2488 2501 2500
f 2489 2490 2502
f 2489 2502 2501
f 2490 2491 2503
f 2490 2503 2502
f 2491 2492 2504
f 2491 2504 2503
f 2492 2493 2505
f 2492 2505 2504
f 2493 2494 2506
f 2493 2506 2505
f 2494 2495 2507
f 2494 2507 2506
f 2495 2496 2508
f 2495 2508 2507
f 2496 2485 2497
f 2496 2497 2508
f 2497 2498 2510
f 2497 2510 2509
f 2498 2499 2511
f 2498 2511 2510
f 2499 2500 2512
f 2499 2512 2511
f 2500 2501 2513
f 2500 2513 2512
f 2501 2502 2514
f 2501 2514 2513
f 2502 2503 2515
f 2502 2515 2514
f 2503 2504 2516
f 2503 2516 2515
f 2504 2505 2517
f 2504 2517 2516
f 2505 2506 2518
f 2505 2518 2517
f 2506 2507 2519
f 2506 2519 2518
f 2507 2508 2520
f 2507 2520 2519
f 2508 2497 2509
f 2508 2509 2520
f 2509 2510 2522
f 2509 2522 2521
f 2510 2511 2523
f 2510 2523 2522
f 2511 2512 2524
f 2511 2524 2523
f 2512 2513 2525
f 2512 2525 2524
f 2513 2514 2526
f 2513 2526 2525
f 2514 2515 2527
f 2514 2527 2526
f 2515 2516 2528
f 2515 2528 2527
f 2516 2517 2529
f 2516 2529 2528
f 2517 2518 2530
f 2517 2530 2529
f 2518 2519 2531
f 2518 2531 2530
f 2519 2520 2532
f 2519 2532 2531
f 2520 2509 2521
f 2520 2521 2532
f 2521 2522 2534
f 2521 2534 2533
f 2522 2523 2535
f 2522 2535 2534
f 2523 2524 2536
f 2523 2536 2535
f 2524 2525 2537
f 2524 2537 2536
f 2525 2526 2538
f 2525 2538 2537
f 2526 2527 2539
f 2526 2539 2538
f 2527 2528 2540
f 2527 2540 2539
f 2528 2529 2541
f 2528 2541 2540
f 2529 2530 2542
f 2529 2542 2541
f 2530 2531 2543
f 2530 2543 2542
f 2531 2532 2544
f 2531 2544 2543
f 2532 2521 2533
f 2532 2533 2544
f 2533 2534 2546
f 2533 2546 2545
f 2534 2535 2547
f 2534 2547 2546
f 2535 2536 2548
f 2535 2548 2547
f 2536 2537 2549
f 2536 2549 2548
f 2537 2538 2550
f 2537 2550 2549
f 2538 2539 2551
f 2538 2551 2550
f 2539 2540 2552
f 2539 2552 2551
f 2540 2541 2553
f 2540 2553 2552
f 2541 2542 2554
f 2541 2554 2553
f 2542 2543 2555
f 2542 2555 2554
f 2543 2544 2556
f 2543 2556 2555
f 2544 2533 2545
f 2544 2545 2556
f 2545 2546 2558
f 2545 2558 2557
f 2546 2547 2559
f 2546 2559 2558
f 2547 2548 2560
f 2547 2560 2559
f 2548 2549 2561
f 2548 2561 2560
f 2549 2550 2562
f 2549 2562 2561
f 2550 2551 2563
f 2550 2563 2562
f 2551 2552 2564
f 2551 2564 2563
f 2552 2553 2565
f 2552 2565 2564
f 2553 2554 2566
f 2553 2566 2565
f 2554 2555 2567
f 2554 2567 2566
f 2555 2556 2568
f 2555 2568 2567
f 2556 2545 2557
f 2556 2557 2568
f 2557 2558 2570
f 2557 2570 2569
f 2558 2559 2571
f 2558 2571 2570
f 2559 2560 2572
f 2559 2572 2571
f 2560 2561 2573
f 2560 2573 2572
f 2561 2562 2574
f 2561 2574 2573
f 2562 2563 2575
f 2562 2575 2574
f 2563 2564 2576
f 2563 2576 2575
f 2564 2565 2577
f 2564 2577 2576
f 2565 2566 2578
f 2565 2578 2577
f 2566 2567 2579
f 2566 2579 2578
f 2567 2568 2580
f 2567 2580 2579
f 2568 2557 2569
f 2568 2569 2580
f 2569 2570 2582
f 2569 2582 2581
f 2570 2571 2583
f 2570 2583 2582
f 2571 2572 2584
f 2571 2584 2583
f 2572 2573 2585
f 2572 2585 2584
f 2573 2574 2586
f 2573 2586 2585
f 2574 2575 2587
f 2574 2587 2586
f 2575 2576 2588
f 2575 2588 2587
f 2576 2577 2589
f 2576 2589 2588
f 2577 2578 2590
f 2577 2590 2589
f 2578 2579 2591
f 2578 2591 2590
f 2579 2580 2592
f 2579 2592 2591
f 2580 2569 2581
f 2580 2581 2592
f 2581 2582 2594
f 2581 2594 2593
f 2582 2583 2595
f 2582 2595 2594
f 2583 2584 2596
f 2583 2596 2595
f 2584 2585 2597
f 2584 2597 2596
f 2585 2586 2598
f 2585 2598 2597
f 2586 2587 2599
f 2586 2599 2598
f 2587 2588 2600
f 2587 2600 2599
f 2588 2589 2601
f 2588 2601 2600
f 2589 2590 2602
f 2589 2602 2601
f 2590 2591 2603
f 2590 2603 2602
f 2591 2592 2604
f 2591 2604 2603
f 2592 2581 2593
f 2592 2593 2604
f 2593 2594 2606
f 2593 2606 2605
f 2594 2595 2607
f 2594 2607 2606
f 2595 2596 2608
f 2595 2608 2607
f 2596 2597 2609
f 2596 2609 2608
f 2597 2598 2610
f 2597 2610 2609
f 2598 2599 2611
f 2598 2611 2610
f 2599 2600 2612
f 2599 2612 2611
f 2600 2601 2613
f 2600 2613 2612
f 2601 2602 2614
f 2601 2614 2613
f 2602 2603 2615
f 2602 2615 2614
f 2603 2604 2616
f 2603 2616 2615
f 2604 2593 2605
f 2604 2605 2616
f 2605 2606 2618
f 2605 2618 2617
f 2606 2607 2619
f 2606 2619 2618
f 2607 2608 2620
f 2607 2620 2619
f 2608 2609 2621
f 2608 2621 2620
f 2609 2610 2622
f 2609 2622 2621
f 2610 2611 2623
f 2610 2623 2622
f 2611 2612 2624
f 2611 2624 2623
f 2612 2613 2625
f 2612 2625 2624
f 2613 2614 2626
f 2613 2626 2625
f 2614 2615 2627
f 2614 2627 2626
f 2615 2616 2628
f 2615 2628 2627
f 2616 2605 2617
f 2616 2617 2628
f 2617 2618 2630
f 2617 2630 2629
f 2618 2619 2631
f 2618 2631 2630
f 2619 2620 2632
f 2619 2632 2631
f 2620 2621 2633
f 2620 2633 2632
f 2621 2622 2634
f 2621 2634 2633
f 2622 2623 2635
f 2622 2635 2634
f 2623 2624 2636
f 2623 2636 2635
f 2624 2625 2637
f 2624 2637 2636
f 2625 2626 2638
f 2625 2638 2637
f 2626 2627 2639
f 2626 2639 2638
f 2627 2628 2640
f 2627 2640 2639
f 2628 2617 2629
f 2628 2629 2640
f 2629 2630 2642
f 2629 2642 2641
f 2630 2631 2643
f 2630 2643 2642
f 2631 2632 2644
f 2631 2644 2643
f 2632 2633 2645
f 2632 2645 2644
f 2633 2634 2646
f 2633 2646 2645
f 2634 2635 2647
f 2634 2647 2646
f 2635 2636 2648
f 2635 2648 2647
f 2636 2637 2649
f 2636 2649 2648
f 2637 2638 2650
f 2637 2650 2649
f 2638 2639 2651
f 2638 2651 2650
f 2639 2640 2652
f 2639 2652 2651
f 2640 2629 2641
f 2640 2641 2652
f 2641 2642 2654
f 2641 2654 2653
f 2642 2643 2655
f 2642 2655 2654
f 2643 2644 2656
f 2643 2656 2655
f 2644 2645 2657
f 2644 2657 2656
f 2645 2646 2658
f 2645 2658 2657
f 2646 2647 2659
f 2646 2659 2658
f 2647 2648 2660
f 2647 2660 2659
f 2648 2649 2661
f 2648 2661 2660
f 2649 2650 2662
f 2649 2662 2661
f 2650 2651 2663
f 2650 2663 2662
f 2651 2652 2664
f 2651 2664 2663
f 2652 2641 2653
f 2652 2653 2664
f 2653 2654 2666
f 2653 2666 2665
f 2654 2655 2667
f 2654 2667 2666
f 2655 2656 2668
f 2655 2668 2667
f 2656 2657 2669
f 2656 2669 2668
f 2657 2658 2670
f 2657 2670 2669
f 2658 2659 2671
f 2658 2671 2670
f 2659 2660 2672
f 2659 2672 2671
f 2660 2661 2673
f 2660 2673 2672
f 2661 2662 2674
f 2661 2674 2673
f 2662 2663 2675
f 2662 2675 2674
f 2663 2664 2676
f 2663 2676 2675
f 2664 2653 2665
f 2664 2665 2676
f 2665 2666 2678
f 2665 2678 2677
f 2666 2667 2679
f 2666 2679 2678
f 2667 2668 2680
f 2667 2680 2679
f 2668 2669 2681
f 2668 2681 2680
f 2669 2670 2682
f 2669 2682 2681
f 2670 2671 2683
f 2670 2683 2682
f 2671 2672 2684
f 2671 2684 2683
f 2672 2673 2685
f 2672 2685 2684
f 2673 2674 2686
f 2673 2686 2685
f 2674 2675 2687
f 2674 2687 2686
f 2675 2676 2688
f 2675 2688 2687
f 2676 2665 2677
f 2676 2677 2688
f 2677 2678 2690
f 2677 2690 2689
f 2678 2679 2691
f 2678 2691 2690
f 2679 2680 2692
f 2679 2692 2691
f 2680 2681 2693
f 2680 2693 2692
f 2681 2682 2694
f 2681 2694 2693
f 2682 2683 2695
f 2682 2695 2694
f 2683 2684 2696
f 2683 2696 2695
f 2684 2685 2697
f 2684 2697 2696
f 2685 2686 2698
f 2685 2698 2697
f 2686 2687 2699
f 2686 2699 2698
f 2687 2688 2700
f 2687 2700 2699
f 2688 2677 2689
f 2688 2689 2700
f 2689 2690 2702
f 2689 2702 2701
f 2690 2691 2703
f 2690 2703 2702
f 2691 2692 2704
f 2691 2704 2703
f 2692 2693 2705
f 2692 2705 2704
f 2693 2694 2706
f 2693 2706 2705
f 2694 2695 2707
f 2694 2707 2706
f 2695 2696 2708
f 2695 2708 2707
f 2696 2697 2709
f 2696 2709 2708
f 2697 2698 2710
f 2697 2710 2709
f 2698 2699 2711
f 2698 2711 2710
f 2699 2700 2712
f 2699 2712 2711
f 2700 2689 2701
f 2700 2701 2712
f 2701 2702 2714
f 2701 2714 2713
f 2702 2703 2715
f 2702 2715 2714
f 2703 2704 2716
f 2703 2716 2715
f 2704 2705 2717
f 2704 2717 2716
f 2705 2706 2718
f 2705 2718 2717
f 2706 2707 2719
f 2706 2719 2718
f 2707 2708 2720
f 2707 2720 2719
f 2708 2709 2721
f 2708 2721 2720
f 2709 2710 2722
f 2709 2722 2721
f 2710 2711 2723
f 2710 2723 2722
f 2711 2712 2724
f 2711 2724 2723
f 2712 2701 2713
f 2712 2713 2724
f 2713 2714 2726
f 2713 2726 2725
f 2714 2715 2727
f 2714 2727 2726
f 2715 2716 2728
f 2715 2728 2727
f 2716 2717 2729
f 2716 2729 2728
f 2717 2718 2730
f 2717 2730 2729
f 2718 2719 2731
f 2718 2731 2730
f 2719 2720 2732
f 2719 2732 2731
f 2720 2721 2733
f 2720 2733 2732
f 2721 2722 2734
f 2721 2734 2733
f 2722 2723 2735
f 2722 2735 2734
f 2723 2724 2736
f 2723 2736 2735
f 2724 2713 2725
f 2724 2725 2736
f 2725 2726 2738
f 2725 2738 2737
f 2726 2727 2739
f 2726 2739 2738
f 2727 2728 2740
f 2727 2740 2739
f 2728 2729 2741
f 2728 2741 2740
f 2729 2730 2742
f 2729 2742 2741
f 2730 2731 2743
f 2730 2743 2742
f 2731 2732 2744
f 2731 2744 2743
f 2732 2733 2745
f 2732 2745 2744
f 2733 2734 2746
f 2733 2746 2745
f 2734 2735 2747
f 2734 2747 2746
f 2735 2736 2748
f 2735 2748 2747
f 2736 2725 2737
f 2736 2737 2748
f 2737 2738 2750
f 2737 2750 2749
f 2738 2739 2751
f 2738 2751 2750
f 2739 2740 2752
f 2739 2752 2751
f 2740 2741 2753
f 2740 2753 2752
f 2741 2742 2754
f 2741 2754 2753
f 2742 2743 2755
f 2742 2755 2754
f 2743 2744 2756
f 2743 2756 2755
f 2744 2745 2757
f 2744 2757 2756
f 2745 2746 2758
f 2745 2758 2757
f 2746 2747 2759
f 2746 2759 2758
f 2747 2748 2760
f 2747 2760 2759
f 2748 2737 2749
f 2748 2749 2760
f 2749 2750 2762
f 2749 2762 2761
f 2750 2751 2763
f 2750 2763 2762
f 2751 2752 2764
f 2751 2764 2763
f 2752 2753 2765
f 2752 2765 2764
f 2753 2754 2766
f 2753 2766 2765
f 2754 2755 2767
f 2754 2767 2766
f 2755 2756 2768
f 2755 2768 2767
f 2756 2757 2769
f 2756 2769 2768
f 2757 2758 2770
f 2757 2770 2769
f 2758 2759 2771
f 2758 2771 2770
f 2759 2760 2772
f 2759 2772 2771
f 2760 2749 2761
f 2760 2761 2772
f 2761 2762 2774
f 2761 2774 2773
f 2762 2763 2775
f 2762 2775 2774
f 2763 2764 2776
f 2763 2776 2775
f 2764 2765 2777
f 2764 2777 2776
f 2765 2766 2778
f 2765 2778 2777
f 2766 2767 2779
f 2766 2779 2778
f 2767 2768 2780
f 2767 2780 2779
f 2768 2769 2781
f 2768 2781 2780
f 2769 2770 2782
f 2769 2782 2781
f 2770 2771 2783
f 2770 2783 2782
f 2771 2772 2784
f 2771 2784 2783
f 2772 2761 2773
f 2772 2773 2784
f 2773 2774 2786
f 2773 2786 2785
f 2774 2775 2787
f 2774 2787 2786
f 2775 2776 2788
f 2775 2788 2787
f 2776 2777 2789
f 2776 2789 2788
f 2777 2778 2790
f 2777 2790 2789
f 2778 2779 2791
f 2778 2791 2790
f 2779 2780 2792
f 2779 2792 2791
f 2780 2781 2793
f 2780 2793 2792
f 2781 2782 2794
f 2781 2794 2793
f 2782 2783 2795
f 2782 2795 2794
f 2783 2784 2796
f 2783 2796 2795
f 2784 2773 2785
f 2784 2785 2796
f 2785 2786 2798
f 2785 2798 2797
f 2786 2787 2799
f 2786 2799 2798
f 2787 2788 2800
f 2787 2800 2799
f 2788 2789 2801
f 2788 2801 2800
f 2789 2790 2802
f 2789 2802 2801
f 2790 2791 2803
f 2790 2803 2802
f 2791 2792 2804
f 2791 2804 2803
f 2792 2793 2805
f 2792 2805 2804
f 2793 2794 2806
f 2793 2806 2805
f 2794 2795 2807
f 2794 2807 2806
f 2795 2796 2808
f 2795 2808 2807
f 2796 2785 2797
f 2796 2797 2808
f 2797 2798 2810
f 2797 2810 2809
f 2798 2799 2811
f 2798 2811 2810
f 2799 2800 2812
f 2799 2812 2811
f 2800 2801 2813
f 2800 2813 2812
f 2801 2802 2814
f 2801 2814 2813
f 2802 2803 2815
f 2802 2815 2814
f 2803 2804 2816
f 2803 2816 2815
f 2804 2805 2817
f 2804 2817 2816
f 2805 2806 2818
f 2805 2818 2817
f 2806 2807 2819
f 2806 2819 2818
f 2807 2808 2820
f 2807 2820 2819
f 2808 2797 2809
f 2808 2809 2820
f 2809 2810 2822
f 2809 2822 2821
f 2810 2811 2823
f 2810 2823 2822
f 2811 2812 2824
f 2811 2824 2823
f 2812 2813 2825
f 2812 2825 2824
f 2813 2814 2826
f 2813 2826 2825
f 2814 2815 2827
f 2814 2827 2826
f 2815 2816 2828
f 2815 2828 2827
f 2816 2817 2829
f 2816 2829 2828
f 2817 2818 2830
f 2817 2830 2829
f 2818 2819 2831
f 2818 2831 2830
f 2819 2820 2832
f 2819 2832 2831
f 2820 2809 2821
f 2820 2821 2832
f 2821 2822 2834
f 2821 2834 2833
f 2822 2823 2835
f 2822 2835 2834
f 2823 2824 2836
f 2823 2836 2835
f 2824 2825 2837
f 2824 2837 2836
f 2825 2826 2838
f 2825 2838 2837
f 2826 2827 2839
f 2826 2839 2838
f 2827 2828 2840
f 2827 2840 2839
f 2828 2829 2841
f 2828 2841 2840
f 2829 2830 2842
f 2829 2842 2841
f 2830 2831 2843
f 2830 2843 2842
f 2831 2832 2844
f 2831 2844 2843
f 2832 2821 2833
f 2832 2833 2844
f 2833 2834 2846
f 2833 2846 2845
f 2834 2835 2847
f 2834 2847 2846
f 2835 2836 2848
f 2835 2848 2847
f 2836 2837 2849
f 2836 2849 2848
f 2837 2838 2850
f 2837 2850 2849
f 2838 2839 2851
f 2838 2851 2850
f 2839 2840 2852
f 2839 2852 2851
f 2840 2841 2853
f 2840 2853 2852
f 2841 2842 2854
f 2841 2854 2853
f 2842 2843 2855
f 2842 2855 2854
f 2843 2844 2856
f 2843 2856 2855
f 2844 2833 2845
f 2844 2845 2856
f 2845 2846 2858
f 2845 2858 2857
f 2846 2847 2859
f 2846 2859 2858
f 2847 2848 2860
f 2847 2860 2859
f 2848 2849 2861
f 2848 2861 2860
f 2849 2850 2862
f 2849 2862 2861
f 2850 2851 2863
f 2850 2863 2862
f 2851 2852 2864
f 2851 2864 2863
f 2852 2853 2865
f 2852 2865 2864
f 2853 2854 2866
f 2853 2866 2865
f 2854 2855 2867
f 2854 2867 2866
f 2855 2856 2868
f 2855 2868 2867
f 2856 2845 2857
f 2856 2857 2868
f 2857 2858 2870
f 2857 2870 2869
f 2858 2859 2871
f 2858 2871 2870
f 2859 2860 2872
f 2859 2872 2871
f 2860 2861 2873
f 2860 2873 2872
f 2861 2862 2874
f 2861 2874 2873
f 2862 2863 2875
f 2862 2875 2874
f 2863 2864 2876
f 2863 2876 2875
f 2864 2865 2877
f 2864 2877 2876
f 2865 2866 2878
f 2865 2878 2877
f 2866 2867 2879
f 2866 2879 2878
f 2867 2868 2880
f 2867 2880 2879
f 2868 2857 2869
f 2868 2869 2880
f 2869 2870 2882
f 2869 2882 2881
f 2870 2871 2883
f 2870 2883 2882
f 2871 2872 2884
f 2871 2884 2883
f 2872 2873 2885
f 2872 2885 2884
f 2873 2874 2886
f 2873 2886 2885
f 2874 2875 2887
f 2874 2887 2886
f 2875 2876 2888
f 2875 2888 2887
f 2876 2877 2889
f 2876 2889 2888
f 2877 2878 2890
f 2877 2890 2889
f 2878 2879 2891
f 2878 2891 2890
f 2879 2880 2892
f 2879 2892 2891
f 2880 2869 2881
f 2880 2881 2892
f 2881 2882 2894
f 2881 2894 2893
f 2882 2883 2895
f 2882 2895 2894
f 2883 2884 2896
f 2883 2896 2895
f 2884 2885 2897
f 2884 2897 2896
f 2885 2886 2898
f 2885 2898 2897
f 2886 2887 2899
f 2886 2899 2898
f 2887 2888 2900
f 2887 2900 2899
f 2888 2889 2901
f 2888 2901 2900
f 2889 2890 2902
f 2889 2902 2901
f 2890 2891 2903
f 2890 2903 2902
f 2891 2892 2904
f 2891 2904 2903
f 2892 2881 2893
f 2892 2893 2904
f 2893 2894 2906
f 2893 2906 2905
f 2894 2895 2907
f 2894 2907 2906
f 2895 2896 2908
f 2895 2908 2907
f 2896 2897 2909
f 2896 2909 2908
f 2897 2898 2910
f 2897 2910 2909
f 2898 2899 2911
f 2898 2911 2910
f 2899 2900 2912
f 2899 2912 2911
f 2900 2901 2913
f 2900 2913 2912
f 2901 2902 2914
f 2901 2914 2913
f 2902 2903 2915
f 2902 2915 2914
f 2903 2904 2916
f 2903 2916 2915
f 2904 2893 2905
f 2904 2905 2916
f 2905 2906 2918
f 2905 2918 2917
f 2906 2907 2919
f 2906 2919 2918
f 2907 2908 2920
f 2907 2920 2919
f 2908 2909 2921
f 2908 2921 2920
f 2909 2910 2922
f 2909 2922 2921
f 2910 2911 2923
f 2910 2923 2922
f 2911 2912 2924
f 2911 2924 2923
f 2912 2913 2925
f 2912 2925 2924
f 2913 2914 2926
f 2913 2926 2925
f 2914 2915 2927
f 2914 2927 2926
f 2915 2916 2928
f 2915 2928 2927
f 2916 2905 2917
f 2916 2917 2928
f 2917 2918 2930
f 2917 2930 2929
f 2918 2919 2931
f 2918 2931 2930
f 2919 2920 2932
f 2919 2932 2931
f 2920 2921 2933
f 2920 2933 2932
f 2921 2922 2934
f 2921 2934 2933
f 2922 2923 2935
f 2922 2935 2934
f 2923 2924 2936
f 2923 2936 2935
f 2924 2925 2937
f 2924 2937 2936
f 2925 2926 2938
f 2925 2938 2937
f 2926 2927 2939
f 2926 2939 2938
f 2927 2928 2940
f 2927 2940 2939
f 2928 2917 2929
f 2928 2929 2940
f 2929 2930 2942
f 2929 2942 2941
f 2930 2931 2943
f 2930 2943 2942
f 2931 2932 2944
f 2931 2944 2943
f 2932 2933 2945
f 2932 2945 2944
f 2933 2934 2946
f 2933 2946 2945
f 2934 2935 2947
f 2934 2947 2946
f 2935 2936 2948
f 2935 2948 2947
f 2936 2937 2949
f 2936 2949 2948
f 2937 2938 2950
f 2937 2950 2949
f 2938 2939 2951
f 2938 2951 2950
f 2939 2940 2952
f 2939 2952 2951
f 2940 2929 2941
f 2940 2941 2952
f 2941 2942 2954
f 2941 2954 2953
f 2942 2943 2955
f 2942 2955 2954
f 2943 2944 2956
f 2943 2956 2955
f 2944 2945 2957
f 2944 2957 2956
f 2945 2946 2958
f 2945 2958 2957
f 2946 2947 2959
f 2946 2959 2958
f 2947 2948 2960
f 2947 2960 2959
f 2948 2949 2961
f 2948 2961 2960
f 2949 2950 2962
f 2949 2962 2961
f 2950 2951 2963
f 2950 2963 2962
f 2951 2952 2964
f 2951 2964 2963
f 2952 2941 2953
f 2952 2953 2964
f 2953 2954 2966
f 2953 2966 2965
f 2954 2955 2967
f 2954 2967 2966
f 2955 2956 2968
f 2955 2968 2967
f 2956 2957 2969
f 2956 2969 2968
f 2957 2958 2970
f 2957 2970 2969
f 2958 2959 2971
f 2958 2971 2970
f 2959 2960 2972
f 2959 2972 2971
f 2960 2961 2973
f 2960 2973 2972
f 2961 2962 2974
f 2961 2974 2973
f 2962 2963 2975
f 2962 2975 2974
f 2963 2964 2976
f 2963 2976 2975
f 2964 2953 2965
f 2964 2965 2976
f 2965 2966 2978
f 2965 2978 2977
f 2966 2967 2979
f 2966 2979 2978
f 2967 2968 2980
f 2967 2980 2979
f 2968 2969 2981
f 2968 2981 2980
f 2969 2970 2982
f 2969 2982 2981
f 2970 2971 2983
f 2970 2983 2982
f 2971 2972 2984
f 2971 2984 2983
f 2972 2973 2985
f 2972 2985 2984
f 2973 2974 2986
f 2973 2986 2985
f 2974 2975 2987
f 2974 2987 2986
f 2975 2976 2988
f 2975 2988 2987
f 2976 2965 2977
f 2976 2977 2988
f 2977 2978 2990
f 2977 2990 2989
f 2978 2979 2991
f 2978 2991 2990
f 2979 2980 2992
f 2979 2992 2991
f 2980 2981 2993
f 2980 2993 2992
f 2981 2982 2994
f 2981 2994 2993
f 2982 2983 2995
f 2982 2995 2994
f 2983 2984 2996
f 2983 2996 2995
f 2984 2985 2997
f 2984 2997 2996
f 2985 2986 2998
f 2985 2998 2997
f 2986 2987 2999
f 2986 2999 2998
f 2987 2988 3000
f 2987 3000 2999
f 2988 2977 2989
f 2988 2989 3000
f 2989 2990 3002
f 2989 3002 3001
f 2990 2991 3003
f 2990 3003 3002
f 2991 2992 3004
f 2991 3004 3003
f 2992 2993 3005
f 2992 3005 3004
f 2993 2994 3006
f 2993 3006 3005
f 2994 2995 3007
f 2994 3007 3006
f 2995 2996 3008
f 2995 3008 3007
f 2996 2997 3009
f 2996 3009 3008
f 2997 2998 3010
f 2997 3010 3009
f 2998 2999 3011
f 2998 3011 3010
f 2999 3000 3012
f 2999 3012 3011
f 3000 2989 3001
f 3000 3001 3012
f 3001 3002 3014
f 3001 3014 3013
f 3002 3003 3015
f 3002 3015 3014
f 3003 3004 3016
f 3003 3016 3015
f 3004 3005 3017
f 3004 3017 3016
f 3005 3006 3018
f 3005 3018 3017
f 3006 3007 3019
f 3006 3019 3018
f 3007 3008 3020
f 3007 3020 3019
f 3008 3009 3021
f 3008 3021 3020
f 3009 3010 3022
f 3009 3022 3021
f 3010 3011 3023
f 3010 3023 3022
f 3011 3012 3024
f 3011 3024 3023
f 3012 3001 3013
f 3012 3013 3024
f 3013 3014 3026
f 3013 3026 3025
f 3014 3015 3027
f 3014 3027 3026
f 3015 3016 3028
f 3015 3028 3027
f 3016 3017 3029
f 3016 3029 3028
f 3017 3018 3030
f 3017 3030 3029
f 3018 3019 3031
f 3018 3031 3030
f 3019 3020 3032
f 3019 3032 3031
f 3020 3021 3033
f 3020 3033 3032
f 3021 3022 3034
f 3021 3034 3033
f 3022 3023 3035
f 3022 3035 3034
f 3023 3024 3036
f 3023 3036 3035
f 3024 3013 3025
f 3024 3025 3036
f 3025 3026 3038
f 3025 3038 3037
f 3026 3027 3039
f 3026 3039 3038
f 3027 3028 3040
f 3027 3040 3039
f 3028 3029 3041
f 3028 3041 3040
f 3029 3030 3042
f 3029 3042 3041
f 3030 3031 3043
f 3030 3043 3042
f 3031 3032 3044
f 3031 3044 3043
f 3032 3033 3045
f 3032 3045 3044
f 3033 3034 3046
f 3033 3046 3045
f 3034 3035 3047
f 3034 3047 3046
f 3035 3036 3048
f 3035 3048 3047
f 3036 3025 3037
f 3036 3037 3048
f 3037 3038 3050
f 3037 3050 3049
f 3038 3039 3051
f 3038 3051 3050
f 3039 3040 3052
f 3039 3052 3051
f 3040 3041 3053
f 3040 3053 3052
f 3041 3042 3054
f 3041 3054 3053
f 3042 3043 3055
f 3042 3055 3054
f 3043 3044 3056
f 3043 3056 3055
f 3044 3045 3057
f 3044 3057 3056
f 3045 3046 3058
f 3045 3058 3057
f 3046 3047 3059
f 3046 3059 3058
f 3047 3048 3060
f 3047 3060 3059
f 3048 3037 3049
f 3048 3049 3060
f 3049 3050 3062
f 3049 3062 3061
f 3050 3051 3063
f 3050 3063 3062
f 3051 3052 3064
f 3051 3064 3063
f 3052 3053 3065
f 3052 3065 3064
f 3053 3054 3066
f 3053 3066 3065
f 3054 3055 3067
f 3054 3067 3066
f 3055 3056 3068
f 3055 3068 3067
f 3056 3057 3069
f 3056 3069 3068
f 3057 3058 3070
f 3057 3070 3069
f 3058 3059 3071
f 3058 3071 3070
f 3059 3060 3072
f 3059 3072 3071
f 3060 3049 3061
f 3060 3061 3072
f 3061 3062 3074
f 3061 3074 3073
f 3062 3063 3075
f 3062 3075 3074
f 3063 3064 3076
f 3063 3076 3075
f 3064 3065 3077
f 3064 3077 3076
f 3065 3066 3078
f 3065 3078 3077
f 3066 3067 3079
f 3066 3079 3078
f 3067 3068 3080
f 3067 3080 3079
f 3068 3069 3081
f 3068 3081 3080
f 3069 3070 3082
f 3069 3082 3081
f 3070 3071 3083
f 3070 3083 3082
f 3071 3072 3084
f 3071 3084 3083
f 3072 3061 3073
f 3072 3073 3084
f 3073 3074 3086
f 3073 3086 3085
f 3074 3075 3087
f 3074 3087 3086
f 3075 3076 3088
f 3075 3088 3087
f 3076 3077 3089
f 3076 3089 3088
f 3077 3078 3090
f 3077 3090 3089
f 3078 3079 3091
f 3078 3091 3090
f 3079 3080 3092
f 3079 3092 3091
f 3080 3081 3093
f 3080 3093 3092
f 3081 3082 3094
f 3081 3094 3093
f 3082 3083 3095
f 3082 3095 3094
f 3083 3084 3096
f 3083 3096 3095
f 3084 3073 3085
f 3084 3085 3096
f 3085 3086 3098
f 3085 3098 3097
f 3086 3087 3099
f 3086 3099 3098
f 3087 3088 3100
f 3087 3100 3099
f 3088 3089 3101
f 3088 3101 3100
f 3089 3090 3102
f 3089 3102 3101
f 3090 3091 3103
f 3090 3103 3102
f 3091 3092 3104
f 3091 3104 3103
f 3092 3093 3105
f 3092 3105 3104
f 3093 3094 3106
f 3093 3106 3105
f 3094 3095 3107
f 3094 3107 3106
f 3095 3096 3108
f 3095 3108 3107
f 3096 3085 3097
f 3096 3097 3108
f 3097 3098 3110
f 3097 3110 3109
f 3098 3099 3111
f 3098 3111 3110
f 3099 3100 3112
f 3099 3112 3111
f 3100 3101 3113
f 3100 3113 3112
f 3101 3102 3114
f 3101 3114 3113
f 3102 3103 3115
f 3102 3115 3114
f 3103 3104 3116
f 3103 3116 3115
f 3104 3105 3117
f 3104 3117 3116
f 3105 3106 3118
f 3105 3118 3117
f 3106 3107 3119
f 3106 3119 3118
f 3107 3108 3120
f 3107 3120 3119
f 3108 3097 3109
f 3108 3109 3120
f 3109 3110 3122
f 3109 3122 3121
f 3110 3111 3123
f 3110 3123 3122
f 3111 3112 3124
f 3111 3124 3123
f 3112 3113 3125
f 3112 3125 3124
f 3113 3114 3126
f 3113 3126 3125
f 3114 3115 3127
f 3114 3127 3126
f 3115 3116 3128
f 3115 3128 3127
f 3116 3117 3129
f 3116 3129 3128
f 3117 3118 3130
f 3117 3130 3129
f 3118 3119 3131
f 3118 3131 3130
f 3119 3120 3132
f 3119 3132 3131
f 3120 3109 3121
f 3120 3121 3132
f 3121 3122 3134
f 3121 3134 3133
f 3122 3123 3135
f 3122 3135 3134
f 3123 3124 3136
f 3123 3136 3135
f 3124 3125 3137
f 3124 3137 3136
f 3125 3126 3138
f 3125 3138 3137
f 3126 3127 3139
f 3126 3139 3138
f 3127 3128 3140
f 3127 3140 3139
f 3128 3129 3141
f 3128 3141 3140
f 3129 3130 3142
f 3129 3142 3141
f 3130 3131 3143
f 3130 3143 3142
f 3131 3132 3144
f 3131 3144 3143
f 3132 3121 3133
f 3132 3133 3144
f 3133 3134 3146
f 3133 3146 3145
f 3134 3135 3147
f 3134 3147 3146
f 3135 3136 3148
f 3135 3148 3147
f 3136 3137 3149
f 3136 3149 3148
f 3137 3138 3150
f 3137 3150 3149
f 3138 3139 3151
f 3138 3151 3150
f 3139 3140 3152
f 3139 3152 3151
f 3140 3141 3153
f 3140 3153 3152
f 3141 3142 3154
f 3141 3154 3153
f 3142 3143 3155
f 3142 3155 3154
f 3143 3144 3156
f 3143 3156 3155
f 3144 3133 3145
f 3144 3145 3156
f 3145 3146 3158
f 3145 3158 3157
f 3146 3147 3159
f 3146 3159 3158
f 3147 3148 3160
f 3147 3160 3159
f 3148 3149 3161
f 3148 3161 3160
f 3149 3150 3162
f 3149 3162 3161
f 3150 3151 3163
f 3150 3163 3162
f 3151 3152 3164
f 3151 3164 3163
f 3152 3153 3165
f 3152 3165 3164
f 3153 3154 3166
f 3153 3166 3165
f 3154 3155 3167
f 3154 3167 3166
f 3155 3156 3168
f 3155 3168 3167
f 3156 3145 3157
f 3156 3157 3168
f 3157 3158 3170
f 3157 3170 3169
f 3158 3159 3171
f 3158 3171 3170
f 3159 3160 3172
f 3159 3172 3171
f 3160 3161 3173
f 3160 3173 3172
f 3161 3162 3174
f 3161 3174 3173
f 3162 3163 3175
f 3162 3175 3174
f 3163 3164 3176
f 3163 3176 3175
f 3164 3165 3177
f 3164 3177 3176
f 3165 3166 3178
f 3165 3178 3177
f 3166 3167 3179
f 3166 3179 3178
f 3167 3168 3180
f 3167 3180 3179
f 3168 3157 3169
f 3168 3169 3180
f 3169 3170 3182
f 3169 3182 3181
f 3170 3171 3183
f 3170 3183 3182
f 3171 3172 3184
f 3171 3184 3183
f 3172 3173 3185
f 3172 3185 3184
f 3173 3174 3186
f 3173 3186 3185
f 3174 3175 3187
f 3174 3187 3186
f 3175 3176 3188
f 3175 3188 3187
f 3176 3177 3189
f 3176 3189 3188
f 3177 3178 3190
f 3177 3190 3189
f 3178 3179 3191
f 3178 3191 3190
f 3179 3180 3192
f 3179 3192 3191
f 3180 3169 3181
f 3180 3181 3192
f 3181 3182 3194
f 3181 3194 3193
f 3182 3183 3195
f 3182 3195 3194
f 3183 3184 3196
f 3183 3196 3195
f 3184 3185 3197
f 3184 3197 3196
f 3185 3186 3198
f 3185 3198 3197
f 3186 3187 3199
f 3186 3199 3198
f 3187 3188 3200
f 3187 3200 3199
f 3188 3189 3201
f 3188 3201 3200
f 3189 3190 3202
f 3189 3202 3201
f 3190 3191 3203
f 3190 3203 3202
f 3191 3192 3204
f 3191 3204 3203
f 3192 3181 3193
f 3192 3193 3204
f 3193 3194 3206
f 3193 3206 3205
f 3194 3195 3207
f 3194 3207 3206
f 3195 3196 3208
f 3195 3208 3207
f 3196 3197 3209
f 3196 3209 3208
f 3197 3198 3210
f 3197 3210 3209
f 3198 3199 3211
f 3198 3211 3210
f 3199 3200 3212
f 3199 3212 3211
f 3200 3201 3213
f 3200 3213 3212
f 3201 3202 3214
f 3201 3214 3213
f 3202 3203 3215
f 3202 3215 3214
f 3203 3204 3216
f 3203 3216 3215
f 3204 3193 3205
f 3204 3205 3216
f 3205 3206 3218
f 3205 3218 3217
f 3206 3207 3219
f 3206 3219 3218
f 3207 3208 3220
f 3207 3220 3219
f 3208 3209 3221
f 3208 3221 3220
f 3209 3210 3222
f 3209 3222 3221
f 3210 3211 3223
f 3210 3223 3222
f 3211 3212 3224
f 3211 3224 3223
f 3212 3213 3225
f 3212 3225 3224
f 3213 3214 3226
f 3213 3226 3225
f 3214 3215 3227
f 3214 3227 3226
f 3215 3216 3228
f 3215 3228 3227
f 3216 3205 3217
f 3216 3217 3228
f 3217 3218 3230
f 3217 3230 3229
f 3218 3219 3231
f 3218 3231 3230
f 3219 3220 3232
f 3219 3232 3231
f 3220 3221 3233
f 3220 3233 3232
f 3221 3222 3234
f 3221 3234 3233
f 3222 3223 3235
f 3222 3235 3234
f 3223 3224 3236
f 3223 3236 3235
f 3224 3225 3237
f 3224 3237 3236
f 3225 3226 3238
f 3225 3238 3237
f 3226 3227 3239
f 3226 3239 3238
f 3227 3228 3240
f 3227 3240 3239
f 3228 3217 3229
f 3228 3229 3240
f 3229 3230 3242
f 3229 3242 3241
f 3230 3231 3243
f 3230 3243 3242
f 3231 3232 3244
f 3231 3244 3243
f 3232 3233 3245
f 3232 3245 3244
f 3233 3234 3246
f 3233 3246 3245
f 3234 3235 3247
f 3234 3247 3246
f 3235 3236 3248
f 3235 3248 3247
f 3236 3237 3249
f 3236 3249 3248
f 3237 3238 3250
f 3237 3250 3249
f 3238 3239 3251
f 3238 3251 3250
f 3239 3240 3252
f 3239 3252 3251
f 3240 3229 3241
f 3240 3241 3252
f 3241 3242 3254
f 3241 3254 3253
f 3242 3243 3255
f 3242 3255 3254
f 3243 3244 3256
f 3243 3256 3255
f 3244 3245 3257
f 3244 3257 3256
f 3245 3246 3258
f 3245 3258 3257
f 3246 3247 3259
f 3246 3259 3258
f 3247 3248 3260
f 3247 3260 3259
f 3248 3249 3261
f 3248 3261 3260
f 3249 3250 3262
f 3249 3262 3261
f 3250 3251 3263
f 3250 3263 3262
f 3251 3252 3264
f 3251 3264 3263
f 3252 3241 3253
f 3252 3253 3264
f 3253 3254 3266
f 3253 3266 3265
f 3254 3255 3267
f 3254 3267 3266
f 3255 3256 3268
f 3255 3268 3267
f 3256 3257 3269
f 3256 3269 3268
f 3257 3258 3270
f 3257 3270 3269
f 3258 3259 3271
f 3258 3271 3270
f 3259 3260 3272
f 3259 3272 3271
f 3260 3261 3273
f 3260 3273 3272
f 3261 3262 3274
f 3261 3274 3273
f 3262 3263 3275
f 3262 3275 3274
f 3263 3264 3276
f 3263 3276 3275
f 3264 3253 3265
f 3264 3265 3276
f 3265 3266 3278
f 3265 3278 3277
f 3266 3267 3279
f 3266 3279 3278
f 3267 3268 3280
f 3267 3280 3279
f 3268 3269 3281
f 3268 3281 3280
f 3269 3270 3282
f 3269 3282 3281
f 3270 3271 3283
f 3270 3283 3282
f 3271 3272 3284
f 3271 3284 3283
f 3272 3273 3285
f 3272 3285 3284
f 3273 3274 3286
f 3273 3286 3285
f 3274 3275 3287
f 3274 3287 3286
f 3275 3276 3288
f 3275 3288 3287
f 3276 3265 3277
f 3276 3277 3288
f 3277 3278 3290
f 3277 3290 3289
f 3278 3279 3291
f 3278 3291 3290
f 3279 3280 3292
f 3279 3292 3291
f 3280 3281 3293
f 3280 3293 3292
f 3281 3282 3294
f 3281 3294 3293
f 3282 3283 3295
f 3282 3295 3294
f 3283 3284 3296
f 3283 3296 3295
f 3284 3285 3297
f 3284 3297 3296
f 3285 3286 3298
f 3285 3298 3297
f 3286 3287 3299
f 3286 3299 3298
f 3287 3288 3300
f 3287 3300 3299
f 3288 3277 3289
f 3288 3289 3300
f 3289 3290 3302
f 3289 3302 3301
f 3290 3291 3303
f 3290 3303 3302
f 3291 3292 3304
f 3291 3304 3303
f 3292 3293 3305
f 3292 3305 3304
f 3293 3294 3306
f 3293 3306 3305
f 3294 3295 3307
f 3294 3307 3306
f 3295 3296 3308
f 3295 3308 3307
f 3296 3297 3309
f 3296 3309 3308
f 3297 3298 3310
f 3297 3310 3309
f 3298 3299 3311
f 3298 3311 3310
f 3299 3300 3312
f 3299 3312 3311
f 3300 3289 3301
f 3300 3301 3312
f 3301 3302 3314
f 3301 3314 3313
f 3302 3303 3315
f 3302 3315 3314
f 3303 3304 3316
f 3303 3316 3315
f 3304 3305 3317
f 3304 3317 3316
f 3305 3306 3318
f 3305 3318 3317
f 3306 3307 3319
f 3306 3319 3318
f 3307 3308 3320
f 3307 3320 3319
f 3308 3309 3321
f 3308 3321 3320
f 3309 3310 3322
f 3309 3322 3321
f 3310 3311 3323
f 3310 3323 3322
f 3311 3312 3324
f 3311 3324 3323
f 3312 3301 3313
f 3312 3313 3324
f 3313 3314 3326
f 3313 3326 3325
f 3314 3315 3327
f 3314 3327 3326
f 3315 3316 3328
f 3315 3328 3327
f 3316 3317 3329
f 3316 3329 3328
f 3317 3318 3330
f 3317 3330 3329
f 3318 3319 3331
f 3318 3331 3330
f 3319 3320 3332
f 3319 3332 3331
f 3320 3321 3333
f 3320 3333 3332
f 3321 3322 3334
f 3321 3334 3333
f 3322 3323 3335
f 3322 3335 3334
f 3323 3324 3336
f 3323 3336 3335
f 3324 3313 3325
f 3324 3325 3336
f 3325 3326 3338
f 3325 3338 3337
f 3326 3327 3339
f 3326 3339 3338
f 3327 3328 3340
f 3327 3340 3339
f 3328 3329 3341
f 3328 3341 3340
f 3329 3330 3342
f 3329 3342 3341
f 3330 3331 3343
f 3330 3343 3342
f 3331 3332 3344
f 3331 3344 3343
f 3332 3333 3345
f 3332 3345 3344
f 3333 3334 3346
f 3333 3346 3345
f 3334 3335 3347
f 3334 3347 3346
f 3335 3336 3348
f 3335 3348 3347
f 3336 3325 3337
f 3336 3337 3348
f 3337 3338 3350
f 3337 3350 3349
f 3338 3339 3351
f 3338 3351 3350
f 3339 3340 3352
f 3339 3352 3351
f 3340 3341 3353
f 3340 3353 3352
f 3341 3342 3354
f 3341 3354 3353
f 3342 3343 3355
f 3342 3355 3354
f 3343 3344 3356
f 3343 3356 3355
f 3344 3345 3357
f 3344 3357 3356
f 3345 3346 3358
f 3345 3358 3357
f 3346 3347 3359
f 3346 3359 3358
f 3347 3348 3360
f 3347 3360 3359
f 3348 3337 3349
f 3348 3349 3360
f 3349 3350 3362
f 3349 3362 3361
f 3350 3351 3363
f 3350 3363 3362
f 3351 3352 3364
f 3351 3364 3363
f 3352 3353 3365
f 3352 3365 3364
f 3353 3354 3366
f 3353 3366 3365
f 3354 3355 3367
f 3354 3367 3366
f 3355 3356 3368
f 3355 3368 3367
f 3356 3357 3369
f 3356 3369 3368
f 3357 3358 3370
f 3357 3370 3369
f 3358 3359 3371
f 3358 3371 3370
f 3359 3360 3372
f 3359 3372 3371
f 3360 3349 3361
f 3360 3361 3372
f 3361 3362 3374
f 3361 3374 3373
f 3362 3363 3375
f 3362 3375 3374
f 3363 3364 3376
f 3363 3376 3375
f 3364 3365 3377
f 3364 3377 3376
f 3365 3366 3378
f 3365 3378 3377
f 3366 3367 3379
f 3366 3379 3378
f 3367 3368 3380
f 3367 3380 3379
f 3368 3369 3381
f 3368 3381 3380
f 3369 3370 3382
f 3369 3382 3381
f 3370 3371 3383
f 3370 3383 3382
f 3371 3372 3384
f 3371 3384 3383
f 3372 3361 3373
f 3372 3373 3384
f 3373 3374 3386
f 3373 3386 3385
f 3374 3375 3387
f 3374 3387 3386
f 3375 3376 3388
f 3375 3388 3387
f 3376 3377 3389
f 3376 3389 3388
f 3377 3378 3390
f 3377 3390 3389
f 3378 3379 3391
f 3378 3391 3390
f 3379 3380 3392
f 3379 3392 3391
f 3380 3381 3393
f 3380 3393 3392
f 3381 3382 3394
f 3381 3394 3393
f 3382 3383 3395
f 3382 3395 3394
f 3383 3384 3396
f 3383 3396 3395
f 3384 3373 3385
f 3384 3385 3396
f 3385 3386 3398
f 3385 3398 3397
f 3386 3387 3399
f 3386 3399 3398
f 3387 3388 3400
f 3387 3400 3399
f 3388 3389 3401
f 3388 3401 3400
f 3389 3390 3402
f 3389 3402 3401
f 3390 3391 3403
f 3390 3403 3402
f 3391 3392 3404
f 3391 3404 3403
f 3392 3393 3405
f 3392 3405 3404
f 3393 3394 3406
f 3393 3406 3405
f 3394 3395 3407
f 3394 3407 3406
f 3395 3396 3408
f 3395 3408 3407
f 3396 3385 3397
f 3396 3397 3408
f 3397 3398 3410
f 3397 3410 3409
f 3398 3399 3411
f 3398 3411 3410
f 3399 3400 3412
f 3399 3412 3411
f 3400 3401 3413
f 3400 3413 3412
f 3401 3402 3414
f 3401 3414 3413
f 3402 3403 3415
f 3402 3415 3414
f 3403 3404 3416
f 3403 3416 3415
f 3404 3405 3417
f 3404 3417 3416
f 3405 3406 3418
f 3405 3418 3417
f 3406 3407 3419
f 3406 3419 3418
f 3407 3408 3420
f 3407 3420 3419
f 3408 3397 3409
f 3408 3409 3420
f 3409 3410 3422
f 3409 3422 3421
f 3410 3411 3423
f 3410 3423 3422
f 3411 3412 3424
f 3411 3424 3423
f 3412 3413 3425
f 3412 3425 3424
f 3413 3414 3426
f 3413 3426 3425
f 3414 3415 3427
f 3414 3427 3426
f 3415 3416 3428
f 3415 3428 3427
f 3416 3417 3429
f 3416 3429 3428
f 3417 3418 3430
f 3417 3430 3429
f 3418 3419 3431
f 3418 3431 3430
f 3419 3420 3432
f 3419 3432 3431
f 3420 3409 3421
f 3420 3421 3432
f 3421 3422 3434
f 3421 3434 3433
f 3422 3423 3435
f 3422 3435 3434
f 3423 3424 3436
f 3423 3436 3435
f 3424 3425 3437
f 3424 3437 3436
f 3425 3426 3438
f 3425 3438 3437
f 3426 3427 3439
f 3426 3439 3438
f 3427 3428 3440
f 3427 3440 3439
f 3428 3429 3441
f 3428 3441 3440
f 3429 3430 3442
f 3429 3442 3441
f 3430 3431 3443
f 3430 3443 3442
f 3431 3432 3444
f 3431 3444 3443
f 3432 3421 3433
f 3432 3433 3444
f 3433 3434 3446
f 3433 3446 3445
f 3434 3435 3447
f 3434 3447 3446
f 3435 3436 3448
f 3435 3448 3447
f 3436 3437 3449
f 3436 3449 3448
f 3437 3438 3450
f 3437 3450 3449
f 3438 3439 3451
f 3438 3451 3450
f 3439 3440 3452
f 3439 3452 3451
f 3440 3441 3453
f 3440 3453 3452
f 3441 3442 3454
f 3441 3454 3453
f 3442 3443 3455
f 3442 3455 3454
f 3443 3444 3456
f 3443 3456 3455
f 3444 3433 3445
f 3444 3445 3456
f 3445 3446 3458
f 3445 3458 3457
f 3446 3447 3459
f 3446 3459 3458
f 3447 3448 3460
f 3447 3460 3459
f 3448 3449 3461
f 3448 3461 3460
f 3449 3450 3462
f 3449 3462 3461
f 3450 3451 3463
f 3450 3463 3462
f 3451 3452 3464
f 3451 3464 3463
f 3452 3453 3465
f 3452 3465 3464
f 3453 3454 3466
f 3453 3466 3465
f 3454 3455 3467
f 3454 3467 3466
f 3455 3456 3468
f 3455 3468 3467
f 3456 3445 3457
f 3456 3457 3468
f 3457 3458 3470
f 3457 3470 3469
f 3458 3459 3471
f 3458 3471 3470
f 3459 3460 3472
f 3459 3472 3471
f 3460 3461 3473
f 3460 3473 3472
f 3461 3462 3474
f 3461 3474 3473
f 3462 3463 3475
f 3462 3475 3474
f 3463 3464 3476
f 3463 3476 3475
f 3464 3465 3477
f 3464 3477 3476
f 3465 3466 3478
f 3465 3478 3477
f 3466 3467 3479
f 3466 3479 3478
f 3467 3468 3480
f 3467 3480 3479
f 3468 3457 3469
f 3468 3469 3480
f 3469 3470 3482
f 3469 3482 3481
f 3470 3471 3483
f 3470 3483 3482
f 3471 3472 3484
f 3471 3484 3483
f 3472 3473 3485
f 3472 3485 3484
f 3473 3474 3486
f 3473 3486 3485
f 3474 3475 3487
f 3474 3487 3486
f 3475 3476 3488
f 3475 3488 3487
f 3476 3477 3489
f 3476 3489 3488
f 3477 3478 3490
f 3477 3490 3489
f 3478 3479 3491
f 3478 3491 3490
f 3479 3480 3492
f 3479 3492 3491
f 3480 3469 3481
f 3480 3481 3492
f 3481 3482 3494
f 3481 3494 3493
f 3482 3483 3495
f 3482 3495 3494
f 3483 3484 3496
f 3483 3496 3495
f 3484 3485 3497
f 3484 3497 3496
f 3485 3486 3498
f 3485 3498 3497
f 3486 3487 3499
f 3486 3499 3498
f 3487 3488 3500
f 3487 3500 3499
f 3488 3489 3501
f 3488 3501 3500
f 3489 3490 3502
f 3489 3502 3501
f 3490 3491 3503
f 3490 3503 3502
f 3491 3492 3504
f 3491 3504 3503
f 3492 3481 3493
f 3492 3493 3504
f 3493 3494 3506
f 3493 3506 3505
f 3494 3495 3507
f 3494 3507 3506
f 3495 3496 3508
f 3495 3508 3507
f 3496 3497 3509
f 3496 3509 3508
f 3497 3498 3510
f 3497 3510 3509
f 3498 3499 3511
f 3498 3511 3510
f 3499 3500 3512
f 3499 3512 3511
f 3500 3501 3513
f 3500 3513 3512
f 3501 3502 3514
f 3501 3514 3513
f 3502 3503 3515
f 3502 3515 3514
f 3503 3504 3516
f 3503 3516 3515
f 3504 3493 3505
f 3504 3505 3516
f 3505 3506 3518
f 3505 3518 3517
f 3506 3507 3519
f 3506 3519 3518
f 3507 3508 3520
f 3507 3520 3519
f 3508 3509 3521
f 3508 3521 3520
f 3509 3510 3522
f 3509 3522 3521
f 3510 3511 3523
f 3510 3523 3522
f 3511 3512 3524
f 3511 3524 3523
f 3512 3513 3525
f 3512 3525 3524
f 3513 3514 3526
f 3513 3526 3525
f 3514 3515 3527
f 3514 3527 3526
f 3515 3516 3528
f 3515 3528 3527
f 3516 3505 3517
f 3516 3517 3528
f 3517 3518 3530
f 3517 3530 3529
f 3518 3519 3531
f 3518 3531 3530
f 3519 3520 3532
f 3519 3532 3531
f 3520 3521 3533
f 3520 3533 3532
f 3521 3522 3534
f 3521 3534 3533
f 3522 3523 3535
f 3522 3535 3534
f 3523 3524 3536
f 3523 3536 3535
f 3524 3525 3537
f 3524 3537 3536
f 3525 3526 3538
f 3525 3538 3537
f 3526 3527 3539
f 3526 3539 3538
f 3527 3528 3540
f 3527 3540 3539
f 3528 3517 3529
f 3528 3529 3540
f 3529 3530 3542
f 3529 3542 3541
f 3530 3531 3543
f 3530 3543 3542
f 3531 3532 3544
f 3531 3544 3543
f 3532 3533 3545
f 3532 3545 3544
f 3533 3534 3546
f 3533 3546 3545
f 3534 3535 3547
f 3534 3547 3546
f 3535 3536 3548
f 3535 3548 3547
f 3536 3537 3549
f 3536 3549 3548
f 3537 3538 3550
f 3537 3550 3549
f 3538 3539 3551
f 3538 3551 3550
f 3539 3540 3552
f 3539 3552 3551
f 3540 3529 3541
f 3540 3541 3552
f 3541 3542 3554
f 3541 3554 3553
f 3542 3543 3555
f 3542 3555 3554
f 3543 3544 3556
f 3543 3556 3555
f 3544 3545 3557
f 3544 3557 3556
f 3545 3546 3558
f 3545 3558 3557
f 3546 3547 3559
f 3546 3559 3558
f 3547 3548 3560
f 3547 3560 3559
f 3548 3549 3561
f 3548 3561 3560
f 3549 3550 3562
f 3549 3562 3561
f 3550 3551 3563
f 3550 3563 3562
f 3551 3552 3564
f 3551 3564 3563
f 3552 3541 3553
f 3552 3553 3564
f 3553 3554 3566
f 3553 3566 3565
f 3554 3555 3567
f 3554 3567 3566
f 3555 3556 3568
f 3555 3568 3567
f 3556 3557 3569
f 3556 3569 3568
f 3557 3558 3570
f 3557 3570 3569
f 3558 3559 3571
f 3558 3571 3570
f 3559 3560 3572
f 3559 3572 3571
f 3560 3561 3573
f 3560 3573 3572
f 3561 3562 3574
f 3561 3574 3573
f 3562 3563 3575
f 3562 3575 3574
f 3563 3564 3576
f 3563 3576 3575
f 3564 3553 3565
f 3564 3565 3576
f 3565 3566 3578
f 3565 3578 3577
f 3566 3567 3579
f 3566 3579 3578
f 3567 3568 3580
f 3567 3580 3579
f 3568 3569 3581
f 3568 3581 3580
f 3569 3570 3582
f 3569 3582 3581
f 3570 3571 3583
f 3570 3583 3582
f 3571 3572 3584
f 3571 3584 3583
f 3572 3573 3585
f 3572 3585 3584
f 3573 3574 3586
f 3573 3586 3585
f 3574 3575 3587
f 3574 3587 3586
f 3575 3576 3588
f 3575 3588 3587
f 3576 3565 3577
f 3576 3577 3588
f 3577 3578 3590
f 3577 3590 3589
f 3578 3579 3591
f 3578 3591 3590
f 3579 3580 3592
f 3579 3592 3591
f 3580 3581 3593
f 3580 3593 3592
f 3581 3582 3594
f 3581 3594 3593
f 3582 3583 3595
f 3582 3595 3594
f 3583 3584 3596
f 3583 3596 3595
f 3584 3585 3597
f 3584 3597 3596
f 3585 3586 3598
f 3585 3598 3597
f 3586 3587 3599
f 3586 3599 3598
f 3587 3588 3600
f 3587 3600 3599
f 3588 3577 3589
f 3588 3589 3600
f 3589 3590 3602
f 3589 3602 3601
f 3590 3591 3603
f 3590 3603 3602
f 3591 3592 3604
f 3591 3604 3603
f 3592 3593 3605
f 3592 3605 3604
f 3593 3594 3606
f 3593 3606 3605
f 3594 3595 3607
f 3594 3607 3606
f 3595 3596 3608
f 3595 3608 3607
f 3596 3597 3609
f 3596 3609 3608
f 3597 3598 3610
f 3597 3610 3609
f 3598 3599 3611
f 3598 3611 3610
f 3599 3600 3612
f 3599 3612 3611
f 3600 3589 3601
f 3600 3601 3612
f 3601 3602 3614
f 3601 3614 3613
f 3602 3603 3615
f 3602 3615 3614
f 3603 3604 3616
f 3603 3616 3615
f 3604 3605 3617
f 3604 3617 3616
f 3605 3606 3618
f 3605 3618 3617
f 3606 3607 3619
f 3606 3619 3618
f 3607 3608 3620
f 3607 3620 3619
f 3608 3609 3621
f 3608 3621 3620
f 3609 3610 3622
f 3609 3622 3621
f 3610 3611 3623
f 3610 3623 3622
f 3611 3612 3624
f 3611 3624 3623
f 3612 3601 3613
f 3612 3613 3624
f 3613 3614 3626
f 3613 3626 3625
f 3614 3615 3627
f 3614 3627 3626
f 3615 3616 3628
f 3615 3628 3627
f 3616 3617 3629
f 3616 3629 3628
f 3617 3618 3630
f 3617 3630 3629
f 3618 3619 3631
f 3618 3631 3630
f 3619 3620 3632
f 3619 3632 3631
f 3620 3621 3633
f 3620 3633 3632
f 3621 3622 3634
f 3621 3634 3633
f 3622 3623 3635
f 3622 3635 3634
f 3623 3624 3636
f 3623 3636 3635
f 3624 3613 3625
f 3624 3625 3636
f 3625 3626 3638
f 3625 3638 3637
f 3626 3627 3639
f 3626 3639 3638
f 3627 3628 3640
f 3627 3640 3639
f 3628 3629 3641
f 3628 3641 3640
f 3629 3630 3642
f 3629 3642 3641
f 3630 3631 3643
f 3630 3643 3642
f 3631 3632 3644
f 3631 3644 3643
f 3632 3633 3645
f 3632 3645 3644
f 3633 3634 3646
f 3633 3646 3645
f 3634 3635 3647
f 3634 3647 3646
f 3635 3636 3648
f 3635 3648 3647
f 3636 3625 3637
f 3636 3637 3648
f 3637 3638 3650
f 3637 3650 3649
f 3638 3639 3651
f 3638 3651 3650
f 3639 3640 3652
f 3639 3652 3651
f 3640 3641 3653
f 3640 3653 3652
f 3641 3642 3654
f 3641 3654 3653
f 3642 3643 3655
f 3642 3655 3654
f 3643 3644 3656
f 3643 3656 3655
f 3644 3645 3657
f 3644 3657 3656
f 3645 3646 3658
f 3645 3658 3657
f 3646 3647 3659
f 3646 3659 3658
f 3647 3648 3660
f 3647 3660 3659
f 3648 3637 3649
f 3648 3649 3660
f 3649 3650 3662
f 3649 3662 3661
f 3650 3651 3663
f 3650 3663 3662
f 3651 3652 3664
f 3651 3664 3663
f 3652 3653 3665
f 3652 3665 3664
f 3653 3654 3666
f 3653 3666 3665
f 3654 3655 3667
f 3654 3667 3666
f 3655 3656 3668
f 3655 3668 3667
f 3656 3657 3669
f 3656 3669 3668
f 3657 3658 3670
f 3657 3670 3669
f 3658 3659 3671
f 3658 3671 3670
f 3659 3660 3672
f 3659 3672 3671
f 3660 3649 3661
f 3660 3661 3672
f 3661 3662 3674
f 3661 3674 3673
f 3662 3663 3675
f 3662 3675 3674
f 3663 3664 3676
f 3663 3676 3675
f 3664 3665 3677
f 3664 3677 3676
f 3665 3666 3678
f 3665 3678 3677
f 3666 3667 3679
f 3666 3679 3678
f 3667 3668 3680
f 3667 3680 3679
f 3668 3669 3681
f 3668 3681 3680
f 3669 3670 3682
f 3669 3682 3681
f 3670 3671 3683
f 3670 3683 3682
f 3671 3672 3684
f 3671 3684 3683
f 3672 3661 3673
f 3672 3673 3684
f 3673 3674 3686
f 3673 3686 3685
f 3674 3675 3687
f 3674 3687 3686
f 3675 3676 3688
f 3675 3688 3687
f 3676 3677 3689
f 3676 3689 3688
f 3677 3678 3690
f 3677 3690 3689
f 3678 3679 3691
f 3678 3691 3690
f 3679 3680 3692
f 3679 3692 3691
f 3680 3681 3693
f 3680 3693 3692
f 3681 3682 3694
f 3681 3694 3693
f 3682 3683 3695
f 3682 3695 3694
f 3683 3684 3696
f 3683 3696 3695
f 3684 3673 3685
f 3684 3685 3696
f 3685 3686 3698
f 3685 3698 3697
f 3686 3687 3699
f 3686 3699 3698
f 3687 3688 3700
f 3687 3700 3699
f 3688 3689 3701
f 3688 3701 3700
f 3689 3690 3702
f 3689 3702 3701
f 3690 3691 3703
f 3690 3703 3702
f 3691 3692 3704
f 3691 3704 3703
f 3692 3693 3705
f 3692 3705 3704
f 3693 3694 3706
f 3693 3706 3705
f 3694 3695 3707
f 3694 3707 3706
f 3695 3696 3708
f 3695 3708 3707
f 3696 3685 3697
f 3696 3697 3708
f 3697 3698 3710
f 3697 3710 3709
f 3698 3699 3711
f 3698 3711 3710
f 3699 3700 3712
f 3699 3712 3711
f 3700 3701 3713
f 3700 3713 3712
f 3701 3702 3714
f 3701 3714 3713
f 3702 3703 3715
f 3702 3715 3714
f 3703 3704 3716
f 3703 3716 3715
f 3704 3705 3717
f 3704 3717 3716
f 3705 3706 3718
f 3705 3718 3717
f 3706 3707 3719
f 3706 3719 3718
f 3707 3708 3720
f 3707 3720 3719
f 3708 3697 3709
f 3708 3709 3720
f 3709 3710 3722
f 3709 3722 3721
f 3710 3711 3723
f 3710 3723 3722
f 3711 3712 3724
f 3711 3724 3723
f 3712 3713 3725
f 3712 3725 3724
f 3713 3714 3726
f 3713 3726 3725
f 3714 3715 3727
f 3714 3727 3726
f 3715 3716 3728
f 3715 3728 3727
f 3716 3717 3729
f 3716 3729 3728
f 3717 3718 3730
f 3717 3730 3729
f 3718 3719 3731
f 3718 3731 3730
f 3719 3720 3732
f 3719 3732 3731
f 3720 3709 3721
f 3720 3721 3732
f 3721 3722 3734
f 3721 3734 3733
f 3722 3723 3735
f 3722 3735 3734
f 3723 3724 3736
f 3723 3736 3735
f 3724 3725 3737
f 3724 3737 3736
f 3725 3726 3738
f 3725 3738 3737
f 3726 3727 3739
f 3726 3739 3738
f 3727 3728 3740
f 3727 3740 3739
f 3728 3729 3741
f 3728 3741 3740
f 3729 3730 3742
f 3729 3742 3741
f 3730 3731 3743
f 3730 3743 3742
f 3731 3732 3744
f 3731 3744 3743
f 3732 3721 3733
f 3732 3733 3744
f 3733 3734 3746
f 3733 3746 3745
f 3734 3735 3747
f 3734 3747 3746
f 3735 3736 3748
f 3735 3748 3747
f 3736 3737 3749
f 3736 3749 3748
f 3737 3738 3750
f 3737 3750 3749
f 3738 3739 3751
f 3738 3751 3750
f 3739 3740 3752
f 3739 3752 3751
f 3740 3741 3753
f 3740 3753 3752
f 3741 3742 3754
f 3741 3754 3753
f 3742 3743 3755
f 3742 3755 3754
f 3743 3744 3756
f 3743 3756 3755
f 3744 3733 3745
f 3744 3745 3756
f 3745 3746 3758
f 3745 3758 3757
f 3746 3747 3759
f 3746 3759 3758
f 3747 3748 3760
f 3747 3760 3759
f 3748 3749 3761
f 3748 3761 3760
f 3749 3750 3762
f 3749 3762 3761
f 3750 3751 3763
f 3750 3763 3762
f 3751 3752 3764
f 3751 3764 3763
f 3752 3753 3765
f 3752 3765 3764
f 3753 3754 3766
f 3753 3766 3765
f 3754 3755 3767
f 3754 3767 3766
f 3755 3756 3768
f 3755 3768 3767
f 3756 3745 3757
f 3756 3757 3768
f 3757 3758 3770
f 3757 3770 3769
f 3758 3759 3771
f 3758 3771 3770
f 3759 3760 3772
f 3759 3772 3771
f 3760 3761 3773
f 3760 3773 3772
f 3761 3762 3774
f 3761 3774 3773
f 3762 3763 3775
f 3762 3775 3774
f 3763 3764 3776
f 3763 3776 3775
f 3764 3765 3777
f 3764 3777 3776
f 3765 3766 3778
f 3765 3778 3777
f 3766 3767 3779
f 3766 3779 3778
f 3767 3768 3780
f 3767 3780 3779
f 3768 3757 3769
f 3768 3769 3780
f 3769 3770 3782
f 3769 3782 3781
f 3770 3771 3783
f 3770 3783 3782
f 3771 3772 3784
f 3771 3784 3783
f 3772 3773 3785
f 3772 3785 3784
f 3773 3774 3786
f 3773 3786 3785
f 3774 3775 3787
f 3774 3787 3786
f 3775 3776 3788
f 3775 3788 3787
f 3776 3777 3789
f 3776 3789 3788
f 3777 3778 3790
f 3777 3790 3789
f 3778 3779 3791
f 3778 3791 3790
f 3779 3780 3792
f 3779 3792 3791
f 3780 3769 3781
f 3780 3781 3792
f 3781 3782 3794
f 3781 3794 3793
f 3782 3783 3795
f 3782 3795 3794
f 3783 3784 3796
f 3783 3796 3795
f 3784 3785 3797
f 3784 3797 3796
f 3785 3786 3798
f 3785 3798 3797
f 3786 3787 3799
f 3786 3799 3798
f 3787 3788 3800
f 3787 3800 3799
f 3788 3789 3801
f 3788 3801 3800
f 3789 3790 3802
f 3789 3802 3801
f 3790 3791 3803
f 3790 3803 3802
f 3791 3792 3804
f 3791 3804 3803
f 3792 3781 3793
f 3792 3793 3804
f 3793 3794 3806
f 3793 3806 3805
f 3794 3795 3807
f 3794 3807 3806
f 3795 3796 3808
f 3795 3808 3807
f 3796 3797 3809
f 3796 3809 3808
f 3797 3798 3810
f 3797 3810 3809
f 3798 3799 3811
f 3798 3811 3810
f 3799 3800 3812
f 3799 3812 3811
f 3800 3801 3813
f 3800 3813 3812
f 3801 3802 3814
f 3801 3814 3813
f 3802 3803 3815
f 3802 3815 3814
f 3803 3804 3816
f 3803 3816 3815
f 3804 3793 3805
f 3804 3805 3816
f 3805 3806 3818
f 3805 3818 3817
f 3806 3807 3819
f 3806 3819 3818
f 3807 3808 3820
f 3807 3820 3819
f 3808 3809 3821
f 3808 3821 3820
f 3809 3810 3822
f 3809 3822 3821
f 3810 3811 3823
f 3810 3823 3822
f 3811 3812 3824
f 3811 3824 3823
f 3812 3813 3825
f 3812 3825 3824
f 3813 3814 3826
f 3813 3826 3825
f 3814 3815 3827
f 3814 3827 3826
f 3815 3816 3828
f 3815 3828 3827
f 3816 3805 3817
f 3816 3817 3828
f 3817 3818 3830
f 3817 3830 3829
f 3818 3819 3831
f 3818 3831 3830
f 3819 3820 3832
f 3819 3832 3831
f 3820 3821 3833
f 3820 3833 3832
f 3821 3822 3834
f 3821 3834 3833
f 3822 3823 3835
f 3822 3835 3834
f 3823 3824 3836
f 3823 3836 3835
f 3824 3825 3837
f 3824 3837 3836
f 3825 3826 3838
f 3825 3838 3837
f 3826 3827 3839
f 3826 3839 3838
f 3827 3828 3840
f 3827 3840 3839
f 3828 3817 3829
f 3828 3829 3840
f 3829 3830 3842
f 3829 3842 3841
f 3830 3831 3843
f 3830 3843 3842
f 3831 3832 3844
f 3831 3844 3843
f 3832 3833 3845
f 3832 3845 3844
f 3833 3834 3846
f 3833 3846 3845
f 3834 3835 3847
f 3834 3847 3846
f 3835 3836 3848
f 3835 3848 3847
f 3836 3837 3849
f 3836 3849 3848
f 3837 3838 3850
f 3837 3850 3849
f 3838 3839 3851
f 3838 3851 3850
f 3839 3840 3852
f 3839 3852 3851
f 3840 3829 3841
f 3840 3841 3852
f 3841 3842 3854
f 3841 3854 3853
f 3842 3843 3855
f 3842 3855 3854
f 3843 3844 3856
f 3843 3856 3855
f 3844 3845 3857
f 3844 3857 3856
f 3845 3846 3858
f 3845 3858 3857
f 3846 3847 3859
f 3846 3859 3858
f 3847 3848 3860
f 3847 3860 3859
f 3848 3849 3861
f 3848 3861 3860
f 3849 3850 3862
f 3849 3862 3861
f 3850 3851 3863
f 3850 3863 3862
f 3851 3852 3864
f 3851 3864 3863
f 3852 3841 3853
f 3852 3853 3864
f 3853 3854 3866
f 3853 3866 3865
f 3854 3855 3867
f 3854 3867 3866
f 3855 3856 3868
f 3855 3868 3867
f 3856 3857 3869
f 3856 3869 3868
f 3857 3858 3870
f 3857 3870 3869
f 3858 3859 3871
f 3858 3871 3870
f 3859 3860 3872
f 3859 3872 3871
f 3860 3861 3873
f 3860 3873 3872
f 3861 3862 3874
f 3861 3874 3873
f 3862 3863 3875
f 3862 3875 3874
f 3863 3864 3876
f 3863 3876 3875
f 3864 3853 3865
f 3864 3865 3876
f 3865 3866 3878
f 3865 3878 3877
f 3866 3867 3879
f 3866 3879 3878
f 3867 3868 3880
f 3867 3880 3879
f 3868 3869 3881
f 3868 3881 3880
f 3869 3870 3882
f 3869 3882 3881
f 3870 3871 3883
f 3870 3883 3882
f 3871 3872 3884
f 3871 3884 3883
f 3872 3873 3885
f 3872 3885 3884
f 3873 3874 3886
f 3873 3886 3885
f 3874 3875 3887
f 3874 3887 3886
f 3875 3876 3888
f 3875 3888 3887
f 3876 3865 3877
f 3876 3877 3888
f 3877 3878 3890
f 3877 3890 3889
f 3878 3879 3891
f 3878 3891 3890
f 3879 3880 3892
f 3879 3892 3891
f 3880 3881 3893
f 3880 3893 3892
f 3881 3882 3894
f 3881 3894 3893
f 3882 3883 3895
f 3882 3895 3894
f 3883 3884 3896
f 3883 3896 3895
f 3884 3885 3897
f 3884 3897 3896
f 3885 3886 3898
f 3885 3898 3897
f 3886 3887 3899
f 3886 3899 3898
f 3887 3888 3900
f 3887 3900 3899
f 3888 3877 3889
f 3888 3889 3900
f 3889 3890 3902
f 3889 3902 3901
f 3890 3891 3903
f 3890 3903 3902
f 3891 3892 3904
f 3891 3904 3903
f 3892 3893 3905
f 3892 3905 3904
f 3893 3894 3906
f 3893 3906 3905
f 3894 3895 3907
f 3894 3907 3906
f 3895 3896 3908
f 3895 3908 3907
f 3896 3897 3909
f 3896 3909 3908
f 3897 3898 3910
f 3897 3910 3909
f 3898 3899 3911
f 3898 3911 3910
f 3899 3900 3912
f 3899 3912 3911
f 3900 3889 3901
f 3900 3901 3912
f 3901 3902 3914
f 3901 3914 3913
f 3902 3903 3915
f 3902 3915 3914
f 3903 3904 3916
f 3903 3916 3915
f 3904 3905 3917
f 3904 3917 3916
f 3905 3906 3918
f 3905 3918 3917
f 3906 3907 3919
f 3906 3919 3918
f 3907 3908 3920
f 3907 3920 3919
f 3908 3909 3921
f 3908 3921 3920
f 3909 3910 3922
f 3909 3922 3921
f 3910 3911 3923
f 3910 3923 3922
f 3911 3912 3924
f 3911 3924 3923
f 3912 3901 3913
f 3912 3913 3924
f 3913 3914 3926
f 3913 3926 3925
f 3914 3915 3927
f 3914 3927 3926
f 3915 3916 3928
f 3915 3928 3927
f 3916 3917 3929
f 3916 3929 3928
f 3917 3918 3930
f 3917 3930 3929
f 3918 3919 3931
f 3918 3931 3930
f 3919 3920 3932
f 3919 3932 3931
f 3920 3921 3933
f 3920 3933 3932
f 3921 3922 3934
f 3921 3934 3933
f 3922 3923 3935
f 3922 3935 3934
f 3923 3924 3936
f 3923 3936 3935
f 3924 3913 3925
f 3924 3925 3936
f 3925 3926 3938
f 3925 3938 3937
f 3926 3927 3939
f 3926 3939 3938
f 3927 3928 3940
f 3927 3940 3939
f 3928 3929 3941
f 3928 3941 3940
f 3929 3930 3942
f 3929 3942 3941
f 3930 3931 3943
f 3930 3943 3942
f 3931 3932 3944
f 3931 3944 3943
f 3932 3933 3945
f 3932 3945 3944
f 3933 3934 3946
f 3933 3946 3945
f 3934 3935 3947
f 3934 3947 3946
f 3935 3936 3948
f 3935 3948 3947
f 3936 3925 3937
f 3936 3937 3948
f 3937 3938 3950
f 3937 3950 3949
f 3938 3939 3951
f 3938 3951 3950
f 3939 3940 3952
f 3939 3952 3951
f 3940 3941 3953
f 3940 3953 3952
f 3941 3942 3954
f 3941 3954 3953
f 3942 3943 3955
f 3942 3955 3954
f 3943 3944 3956
f 3943 3956 3955
f 3944 3945 3957
f 3944 3957 3956
f 3945 3946 3958
f 3945 3958 3957
f 3946 3947 3959
f 3946 3959 3958
f 3947 3948 3960
f 3947 3960 3959
f 3948 3937 3949
f 3948 3949 3960
f 3949 3950 3962
f 3949 3962 3961
f 3950 3951 3963
f 3950 3963 3962
f 3951 3952 3964
f 3951 3964 3963
f 3952 3953 3965
f 3952 3965 3964
f 3953 3954 3966
f 3953 3966 3965
f 3954 3955 3967
f 3954 3967 3966
f 3955 3956 3968
f 3955 3968 3967
f 3956 3957 3969
f 3956 3969 3968
f 3957 3958 3970
f 3957 3970 3969
f 3958 3959 3971
f 3958 3971 3970
f 3959 3960 3972
f 3959 3972 3971
f 3960 3949 3961
f 3960 3961 3972
f 3961 3962 3974
f 3961 3974 3973
f 3962 3963 3975
f 3962 3975 3974
f 3963 3964 3976
f 3963 3976 3975
f 3964 3965 3977
f 3964 3977 3976
f 3965 3966 3978
f 3965 3978 3977
f 3966 3967 3979
f 3966 3979 3978
f 3967 3968 3980
f 3967 3980 3979
f 3968 3969 3981
f 3968 3981 3980
f 3969 3970 3982
f 3969 3982 3981
f 3970 3971 3983
f 3970 3983 3982
f 3971 3972 3984
f 3971 3984 3983
f 3972 3961 3973
f 3972 3973 3984
f 3973 3974 3986
f 3973 3986 3985
f 3974 3975 3987
f 3974 3987 3986
f 3975 3976 3988
f 3975 3988 3987
f 3976 3977 3989
f 3976 3989 3988
f 3977 3978 3990
f 3977 3990 3989
f 3978 3979 3991
f 3978 3991 3990
f 3979 3980 3992
f 3979 3992 3991
f 3980 3981 3993
f 3980 3993 3992
f 3981 3982 3994
f 3981 3994 3993
f 3982 3983 3995
f 3982 3995 3994
f 3983 3984 3996
f 3983 3996 3995
f 3984 3973 3985
f 3984 3985 3996
f 3985 3986 3998
f 3985 3998 3997
f 3986 3987 3999
f 3986 3999 3998
f 3987 3988 4000
f 3987 4000 3999
f 3988 3989 4001
f 3988 4001 4000
f 3989 3990 4002
f 3989 4002 4001
f 3990 3991 4003
f 3990 4003 4002
f 3991 3992 4004
f 3991 4004 4003
f 3992 3993 4005
f 3992 4005 4004
f 3993 3994 4006
f 3993 4006 4005
f 3994 3995 4007
f 3994 4007 4006
f 3995 3996 4008
f 3995 4008 4007
f 3996 3985 3997
f 3996 3997 4008
f 3997 3998 4010
f 3997 4010 4009
f 3998 3999 4011
f 3998 4011 4010
f 3999 4000 4012
f 3999 4012 4011
f 4000 4001 4013
f 4000 4013 4012
f 4001 4002 4014
f 4001 4014 4013
f 4002 4003 4015
f 4002 4015 4014
f 4003 4004 4016
f 4003 4016 4015
f 4004 4005 4017
f 4004 4017 4016
f 4005 4006 4018
f 4005 4018 4017
f 4006 4007 4019
f 4006 4019 4018
f 4007 4008 4020
f 4007 4020 4019
f 4008 3997 4009
f 4008 4009 4020
f 4009 4010 4022
f 4009 4022 4021
f 4010 4011 4023
f 4010 4023 4022
f 4011 4012 4024
f 4011 4024 4023
f 4012 4013 4025
f 4012 4025 4024
f 4013 4014 4026
f 4013 4026 4025
f 4014 4015 4027
f 4014 4027 4026
f 4015 4016 4028
f 4015 4028 4027
f 4016 4017 4029
f 4016 4029 4028
f 4017 4018 4030
f 4017 4030 4029
f 4018 4019 4031
f 4018 4031 4030
f 4019 4020 4032
f 4019 4032 4031
f 4020 4009 4021
f 4020 4021 4032
f 4021 4022 4034
f 4021 4034 4033
f 4022 4023 4035
f 4022 4035 4034
f 4023 4024 4036
f 4023 4036 4035
f 4024 4025 4037
f 4024 4037 4036
f 4025 4026 4038
f 4025 4038 4037
f 4026 4027 4039
f 4026 4039 4038
f 4027 4028 4040
f 4027 4040 4039
f 4028 4029 4041
f 4028 4041 4040
f 4029 4030 4042
f 4029 4042 4041
f 4030 4031 4043
f 4030 4043 4042
f 4031 4032 4044
f 4031 4044 4043
f 4032 4021 4033
f 4032 4033 4044
f 4033 4034 4046
f 4033 4046 4045
f 4034 4035 4047
f 4034 4047 4046
f 4035 4036 4048
f 4035 4048 4047
f 4036 4037 4049
f 4036 4049 4048
f 4037 4038 4050
f 4037 4050 4049
f 4038 4039 4051
f 4038 4051 4050
f 4039 4040 4052
f 4039 4052 4051
f 4040 4041 4053
f 4040 4053 4052
f 4041 4042 4054
f 4041 4054 4053
f 4042 4043 4055
f 4042 4055 4054
f 4043 4044 4056
f 4043 4056 4055
f 4044 4033 4045
f 4044 4045 4056
f 4045 4046 4058
f 4045 4058 4057
f 4046 4047 4059
f 4046 4059 4058
f 4047 4048 4060
f 4047 4060 4059
f 4048 4049 4061
f 4048 4061 4060
f 4049 4050 4062
f 4049 4062 4061
f 4050 4051 4063
f 4050 4063 4062
f 4051 4052 4064
f 4051 4064 4063
f 4052 4053 4065
f 4052 4065 4064
f 4053 4054 4066
f 4053 4066 4065
f 4054 4055 4067
f 4054 4067 4066
f 4055 4056 4068
f 4055 4068 4067
f 4056 4045 4057
f 4056 4057 4068
f 4057 4058 4070
f 4057 4070 4069
f 4058 4059 4071
f 4058 4071 4070
f 4059 4060 4072
f 4059 4072 4071
f 4060 4061 4073
f 4060 4073 4072
f 4061 4062 4074
f 4061 4074 4073
f 4062 4063 4075
f 4062 4075 4074
f 4063 4064 4076
f 4063 4076 4075
f 4064 4065 4077
f 4064 4077 4076
f 4065 4066 4078
f 4065 4078 4077
f 4066 4067 4079
f 4066 4079 4078
f 4067 4068 4080
f 4067 4080 4079
f 4068 4057 4069
f 4068 4069 4080
f 4069 4070 4082
f 4069 4082 4081
f 4070 4071 4083
f 4070 4083 4082
f 4071 4072 4084
f 4071 4084 4083
f 4072 4073 4085
f 4072 4085 4084
f 4073 4074 4086
f 4073 4086 4085
f 4074 4075 4087
f 4074 4087 4086
f 4075 4076 4088
f 4075 4088 4087
f 4076 4077 4089
f 4076 4089 4088
f 4077 4078 4090
f 4077 4090 4089
f 4078 4079 4091
f 4078 4091 4090
f 4079 4080 4092
f 4079 4092 4091
f 4080 4069 4081
f 4080 4081 4092
f 4081 4082 4094
f 4081 4094 4093
f 4082 4083 4095
f 4082 4095 4094
f 4083 4084 4096
f 4083 4096 4095
f 4084 4085 4097
f 4084 4097 4096
f 4085 4086 4098
f 4085 4098 4097
f 4086 4087 4099
f 4086 4099 4098
f 4087 4088 4100
f 4087 4100 4099
f 4088 4089 4101
f 4088 4101 4100
f 4089 4090 4102
f 4089 4102 4101
f 4090 4091 4103
f 4090 4103 4102
f 4091 4092 4104
f 4091 4104 4103
f 4092 4081 4093
f 4092 4093 4104
f 4093 4094 4106
f 4093 4106 4105
f 4094 4095 4107
f 4094 4107 4106
f 4095 4096 4108
f 4095 4108 4107
f 4096 4097 4109
f 4096 4109 4108
f 4097 4098 4110
f 4097 4110 4109
f 4098 4099 4111
f 4098 4111 4110
f 4099 4100 4112
f 4099 4112 4111
f 4100 4101 4113
f 4100 4113 4112
f 4101 4102 4114
f 4101 4114 4113
f 4102 4103 4115
f 4102 4115 4114
f 4103 4104 4116
f 4103 4116 4115
f 4104 4093 4105
f 4104 4105 4116
f 4105 4106 4118
f 4105 4118 4117
f 4106 4107 4119
f 4106 4119 4118
f 4107 4108 4120
f 4107 4120 4119
f 4108 4109 4121
f 4108 4121 4120
f 4109 4110 4122
f 4109 4122 4121
f 4110 4111 4123
f 4110 4123 4122
f 4111 4112 4124
f 4111 4124 4123
f 4112 4113 4125
f 4112 4125 4124
f 4113 4114 4126
f 4113 4126 4125
f 4114 4115 4127
f 4114 4127 4126
f 4115 4116 4128
f 4115 4128 4127
f 4116 4105 4117
f 4116 4117 4128
f 4117 4118 4130
f 4117 4130 4129
f 4118 4119 4131
f 4118 4131 4130
f 4119 4120 4132
f 4119 4132 4131
f 4120 4121 4133
f 4120 4133 4132
f 4121 4122 4134
f 4121 4134 4133
f 4122 4123 4135
f 4122 4135 4134
f 4123 4124 4136
f 4123 4136 4135
f 4124 4125 4137
f 4124 4137 4136
f 4125 4126 4138
f 4125 4138 4137
f 4126 4127 4139
f 4126 4139 4138
f 4127 4128 4140
f 4127 4140 4139
f 4128 4117 4129
f 4128 4129 4140
f 4129 4130 4142
f 4129 4142 4141
f 4130 4131 4143
f 4130 4143 4142
f 4131 4132 4144
f 4131 4144 4143
f 4132 4133 4145
f 4132 4145 4144
f 4133 4134 4146
f 4133 4146 4145
f 4134 4135 4147
f 4134 4147 4146
f 4135 4136 4148
f 4135 4148 4147
f 4136 4137 4149
f 4136 4149 4148
f 4137 4138 4150
f 4137 4150 4149
f 4138 4139 4151
f 4138 4151 4150
f 4139 4140 4152
f 4139 4152 4151
f 4140 4129 4141
f 4140 4141 4152
f 4141 4142 4154
f 4141 4154 4153
f 4142 4143 4155
f 4142 4155 4154
f 4143 4144 4156
f 4143 4156 4155
f 4144 4145 4157
f 4144 4157 4156
f 4145 4146 4158
f 4145 4158 4157
f 4146 4147 4159
f 4146 4159 4158
f 4147 4148 4160
f 4147 4160 4159
f 4148 4149 4161
f 4148 4161 4160
f 4149 4150 4162
f 4149 4162 4161
f 4150 4151 4163
f 4150 4163 4162
f 4151 4152 4164
f 4151 4164 4163
f 4152 4141 4153
f 4152 4153 4164
f 4153 4154 4166
f 4153 4166 4165
f 4154 4155 4167
f 4154 4167 4166
f 4155 4156 4168
f 4155 4168 4167
f 4156 4157 4169
f 4156 4169 4168
f 4157 4158 4170
f 4157 4170 4169
f 4158 4159 4171
f 4158 4171 4170
f 4159 4160 4172
f 4159 4172 4171
f 4160 4161 4173
f 4160 4173 4172
f 4161 4162 4174
f 4161 4174 4173
f 4162 4163 4175
f 4162 4175 4174
f 4163 4164 4176
f 4163 4176 4175
f 4164 4153 4165
f 4164 4165 4176
f 4165 4166 4178
f 4165 4178 4177
f 4166 4167 4179
f 4166 4179 4178
f 4167 4168 4180
f 4167 4180 4179
f 4168 4169 4181
f 4168 4181 4180
f 4169 4170 4182
f 4169 4182 4181
f 4170 4171 4183
f 4170 4183 4182
f 4171 4172 4184
f 4171 4184 4183
f 4172 4173 4185
f 4172 4185 4184
f 4173 4174 4186
f 4173 4186 4185
f 4174 4175 4187
f 4174 4187 4186
f 4175 4176 4188
f 4175 4188 4187
f 4176 4165 4177
f 4176 4177 4188
f 4177 4178 4190
f 4177 4190 4189
f 4178 4179 4191
f 4178 4191 4190
f 4179 4180 4192
f 4179 4192 4191
f 4180 4181 4193
f 4180 4193 4192
f 4181 4182 4194
f 4181 4194 4193
f 4182 4183 4195
f 4182 4195 4194
f 4183 4184 4196
f 4183 4196 4195
f 4184 4185 4197
f 4184 4197 4196
f 4185 4186 4198
f 4185 4198 4197
f 4186 4187 4199
f 4186 4199 4198
f 4187 4188 4200
f 4187 4200 4199
f 4188 4177 4189
f 4188 4189 4200
f 4189 4190 4202
f 4189 4202 4201
f 4190 4191 4203
f 4190 4203 4202
f 4191 4192 4204
f 4191 4204 4203
f 4192 4193 4205
f 4192 4205 4204
f 4193 4194 4206
f 4193 4206 4205
f 4194 4195 4207
f 4194 4207 4206
f 4195 4196 4208
f 4195 4208 4207
f 4196 4197 4209
f 4196 4209 4208
f 4197 4198 4210
f 4197 4210 4209
f 4198 4199 4211
f 4198 4211 4210
f 4199 4200 4212
f 4199 4212 4211
f 4200 4189 4201
f 4200 4201 4212
f 4201 4202 4214
f 4201 4214 4213
f 4202 4203 4215
f 4202 4215 4214
f 4203 4204 4216
f 4203 4216 4215
f 4204 4205 4217
f 4204 4217 4216
f 4205 4206 4218
f 4205 4218 4217
f 4206 4207 4219
f 4206 4219 4218
f 4207 4208 4220
f 4207 4220 4219
f 4208 4209 4221
f 4208 4221 4220
f 4209 4210 4222
f 4209 4222 4221
f 4210 4211 4223
f 4210 4223 4222
f 4211 4212 4224
f 4211 4224 4223
f 4212 4201 4213
f 4212 4213 4224
f 4213 4214 4226
f 4213 4226 4225
f 4214 4215 4227
f 4214 4227 4226
f 4215 4216 4228
f 4215 4228 4227
f 4216 4217 4229
f 4216 4229 4228
f 4217 4218 4230
f 4217 4230 4229
f 4218 4219 4231
f 4218 4231 4230
f 4219 4220 4232
f 4219 4232 4231
f 4220 4221 4233
f 4220 4233 4232
f 4221 4222 4234
f 4221 4234 4233
f 4222 4223 4235
f 4222 4235 4234
f 4223 4224 4236
f 4223 4236 4235
f 4224 4213 4225
f 4224 4225 4236
f 4225 4226 4238
f 4225 4238 4237
f 4226 4227 4239
f 4226 4239 4238
f 4227 4228 4240
f 4227 4240 4239
f 4228 4229 4241
f 4228 4241 4240
f 4229 4230 4242
f 4229 4242 4241
f 4230 4231 4243
f 4230 4243 4242
f 4231 4232 4244
f 4231 4244 4243
f 4232 4233 4245
f 4232 4245 4244
f 4233 4234 4246
f 4233 4246 4245
f 4234 4235 4247
f 4234 4247 4246
f 4235 4236 4248
f 4235 4248 4247
f 4236 4225 4237
f 4236 4237 4248
f 4237 4238 4250
f 4237 4250 4249
f 4238 4239 4251
f 4238 4251 4250
f 4239 4240 4252
f 4239 4252 4251
f 4240 4241 4253
f 4240 4253 4252
f 4241 4242 4254
f 4241 4254 4253
f 4242 4243 4255
f 4242 4255 4254
f 4243 4244 4256
f 4243 4256 4255
f 4244 4245 4257
f 4244 4257 4256
f 4245 4246 4258
f 4245 4258 4257
f 4246 4247 4259
f 4246 4259 4258
f 4247 4248 4260
f 4247 4260 4259
f 4248 4237 4249
f 4248 4249 4260
f 4249 4250 4262
f 4249 4262 4261
f 4250 4251 4263
f 4250 4263 4262
f 4251 4252 4264
f 4251 4264 4263
f 4252 4253 4265
f 4252 4265 4264
f 4253 4254 4266
f 4253 4266 4265
f 4254 4255 4267
f 4254 4267 4266
f 4255 4256 4268
f 4255 4268 4267
f 4256 4257 4269
f 4256 4269 4268
f 4257 4258 4270
f 4257 4270 4269
f 4258 4259 4271
f 4258 4271 4270
f 4259 4260 4272
f 4259 4272 4271
f 4260 4249 4261
f 4260 4261 4272
f 4261 4262 4274
f 4261 4274 4273
f 4262 4263 4275
f 4262 4275 4274
f 4263 4264 4276
f 4263 4276 4275
f 4264 4265 4277
f 4264 4277 4276
f 4265 4266 4278
f 4265 4278 4277
f 4266 4267 4279
f 4266 4279 4278
f 4267 4268 4280
f 4267 4280 4279
f 4268 4269 4281
f 4268 4281 4280
f 4269 4270 4282
f 4269 4282 4281
f 4270 4271 4283
f 4270 4283 4282
f 4271 4272 4284
f 4271 4284 4283
f 4272 4261 4273
f 4272 4273 4284
f 4273 4274 4286
f 4273 4286 4285
f 4274 4275 4287
f 4274 4287 4286
f 4275 4276 4288
f 4275 4288 4287
f 4276 4277 4289
f 4276 4289 4288
f 4277 4278 4290
f 4277 4290 4289
f 4278 4279 4291
f 4278 4291 4290
f 4279 4280 4292
f 4279 4292 4291
f 4280 4281 4293
f 4280 4293 4292
f 4281 4282 4294
f 4281 4294 4293
f 4282 4283 4295
f 4282 4295 4294
f 4283 4284 4296
f 4283 4296 4295
f 4284 4273 4285
f 4284 4285 4296
f 4285 4286 4298
f 4285 4298 4297
f 4286 4287 4299
f 4286 4299 4298
f 4287 4288 4300
f 4287 4300 4299
f 4288 4289 4301
f 4288 4301 4300
f 4289 4290 4302
f 4289 4302 4301
f 4290 4291 4303
f 4290 4303 4302
f 4291 4292 4304
f 4291 4304 4303
f 4292 4293 4305
f 4292 4305 4304
f 4293 4294 4306
f 4293 4306 4305
f 4294 4295 4307
f 4294 4307 4306
f 4295 4296 4308
f 4295 4308 4307
f 4296 4285 4297
f 4296 4297 4308
f 4297 4298 4310
f 4297 4310 4309
f 4298 4299 4311
f 4298 4311 4310
f 4299 4300 4312
f 4299 4312 4311
f 4300 4301 4313
f 4300 4313 4312
f 4301 4302 4314
f 4301 4314 4313
f 4302 4303 4315
f 4302 4315 4314
f 4303 4304 4316
f 4303 4316 4315
f 4304 4305 4317
f 4304 4317 4316
f 4305 4306 4318
f 4305 4318 4317
f 4306 4307 4319
f 4306 4319 4318
f 4307 4308 4320
f 4307 4320 4319
f 4308 4297 4309
f 4308 4309 4320
f 4309 4310 4322
f 4309 4322 4321
f 4310 4311 4323
f 4310 4323 4322
f 4311 4312 4324
f 4311 4324 4323
f 4312 4313 4325
f 4312 4325 4324
f 4313 4314 4326
f 4313 4326 4325
f 4314 4315 4327
f 4314 4327 4326
f 4315 4316 4328
f 4315 4328 4327
f 4316 4317 4329
f 4316 4329 4328
f 4317 4318 4330
f 4317 4330 4329
f 4318 4319 4331
f 4318 4331 4330
f 4319 4320 4332
f 4319 4332 4331
f 4320 4309 4321
f 4320 4321 4332
f 4321 4322 4334
f 4321 4334 4333
f 4322 4323 4335
f 4322 4335 4334
f 4323 4324 4336
f 4323 4336 4335
f 4324 4325 4337
f 4324 4337 4336
f 4325 4326 4338
f 4325 4338 4337
f 4326 4327 4339
f 4326 4339 4338
f 4327 4328 4340
f 4327 4340 4339
f 4328 4329 4341
f 4328 4341 4340
f 4329 4330 4342
f 4329 4342 4341
f 4330 4331 4343
f 4330 4343 4342
f 4331 4332 4344
f 4331 4344 4343
f 4332 4321 4333
f 4332 4333 4344
f 4333 4334 4346
f 4333 4346 4345
f 4334 4335 4347
f 4334 4347 4346
f 4335 4336 4348
f 4335 4348 4347
f 4336 4337 4349
f 4336 4349 4348
f 4337 4338 4350
f 4337 4350 4349
f 4338 4339 4351
f 4338 4351 4350
f 4339 4340 4352
f 4339 4352 4351
f 4340 4341 4353
f 4340 4353 4352
f 4341 4342 4354
f 4341 4354 4353
f 4342 4343 4355
f 4342 4355 4354
f 4343 4344 4356
f 4343 4356 4355
f 4344 4333 4345
f 4344 4345 4356
f 4345 4346 4358
f 4345 4358 4357
f 4346 4347 4359
f 4346 4359 4358
f 4347 4348 4360
f 4347 4360 4359
f 4348 4349 4361
f 4348 4361 4360
f 4349 4350 4362
f 4349 4362 4361
f 4350 4351 4363
f 4350 4363 4362
f 4351 4352 4364
f 4351 4364 4363
f 4352 4353 4365
f 4352 4365 4364
f 4353 4354 4366
f 4353 4366 4365
f 4354 4355 4367
f 4354 4367 4366
f 4355 4356 4368
f 4355 4368 4367
f 4356 4345 4357
f 4356 4357 4368
f 4357 4358 4370
f 4357 4370 4369
f 4358 4359 4371
f 4358 4371 4370
f 4359 4360 4372
f 4359 4372 4371
f 4360 4361 4373
f 4360 4373 4372
f 4361 4362 4374
f 4361 4374 4373
f 4362 4363 4375
f 4362 4375 4374
f 4363 4364 4376
f 4363 4376 4375
f 4364 4365 4377
f 4364 4377 4376
f 4365 4366 4378
f 4365 4378 4377
f 4366 4367 4379
f 4366 4379 4378
f 4367 4368 4380
f 4367 4380 4379
f 4368 4357 4369
f 4368 4369 4380
f 4369 4370 4382
f 4369 4382 4381
f 4370 4371 4383
f 4370 4383 4382
f 4371 4372 4384
f 4371 4384 4383
f 4372 4373 4385
f 4372 4385 4384
f 4373 4374 4386
f 4373 4386 4385
f 4374 4375 4387
f 4374 4387 4386
f 4375 4376 4388
f 4375 4388 4387
f 4376 4377 4389
f 4376 4389 4388
f 4377 4378 4390
f 4377 4390 4389
f 4378 4379 4391
f 4378 4391 4390
f 4379 4380 4392
f 4379 4392 4391
f 4380 4369 4381
f 4380 4381 4392
f 4381 4382 4394
f 4381 4394 4393
f 4382 4383 4395
f 4382 4395 4394
f 4383 4384 4396
f 4383 4396 4395
f 4384 4385 4397
f 4384 4397 4396
f 4385 4386 4398
f 4385 4398 4397
f 4386 4387 4399
f 4386 4399 4398
f 4387 4388 4400
f 4387 4400 4399
f 4388 4389 4401
f 4388 4401 4400
f 4389 4390 4402
f 4389 4402 4401
f 4390 4391 4403
f 4390 4403 4402
f 4391 4392 4404
f 4391 4404 4403
f 4392 4381 4393
f 4392 4393 4404
f 4393 4394 4406
f 4393 4406 4405
f 4394 4395 4407
f 4394 4407 4406
f 4395 4396 4408
f 4395 4408 4407
f 4396 4397 4409
f 4396 4409 4408
f 4397 4398 4410
f 4397 4410 4409
f 4398 4399 4411
f 4398 4411 4410
f 4399 4400 4412
f 4399 4412 4411
f 4400 4401 4413
f 4400 4413 4412
f 4401 4402 4414
f 4401 4414 4413
f 4402 4403 4415
f 4402 4415 4414
f 4403 4404 4416
f 4403 4416 4415
f 4404 4393 4405
f 4404 4405 4416
f 4405 4406 4418
f 4405 4418 4417
f 4406 4407 4419
f 4406 4419 4418
f 4407 4408 4420
f 4407 4420 4419
f 4408 4409 4421
f 4408 4421 4420
f 4409 4410 4422
f 4409 4422 4421
f 4410 4411 4423
f 4410 4423 4422
f 4411 4412 4424
f 4411 4424 4423
f 4412 4413 4425
f 4412 4425 4424
f 4413 4414 4426
f 4413 4426 4425
f 4414 4415 4427
f 4414 4427 4426
f 4415 4416 4428
f 4415 4428 4427
f 4416 4405 4417
f 4416 4417 4428
f 4417 4418 4430
f 4417 4430 4429
f 4418 4419 4431
f 4418 4431 4430
f 4419 4420 4432
f 4419 4432 4431
f 4420 4421 4433
f 4420 4433 4432
f 4421 4422 4434
f 4421 4434 4433
f 4422 4423 4435
f 4422 4435 4434
f 4423 4424 4436
f 4423 4436 4435
f 4424 4425 4437
f 4424 4437 4436
f 4425 4426 4438
f 4425 4438 4437
f 4426 4427 4439
f 4426 4439 4438
f 4427 4428 4440
f 4427 4440 4439
f 4428 4417 4429
f 4428 4429 4440
f 4429 4430 4442
f 4429 4442 4441
f 4430 4431 4443
f 4430 4443 4442
f 4431 4432 4444
f 4431 4444 4443
f 4432 4433 4445
f 4432 4445 4444
f 4433 4434 4446
f 4433 4446 4445
f 4434 4435 4447
f 4434 4447 4446
f 4435 4436 4448
f 4435 4448 4447
f 4436 4437 4449
f 4436 4449 4448
f 4437 4438 4450
f 4437 4450 4449
f 4438 4439 4451
f 4438 4451 4450
f 4439 4440 4452
f 4439 4452 4451
f 4440 4429 4441
f 4440 4441 4452
f 4441 4442 4454
f 4441 4454 4453
f 4442 4443 4455
f 4442 4455 4454
f 4443 4444 4456
f 4443 4456 4455
f 4444 4445 4457
f 4444 4457 4456
f 4445 4446 4458
f 4445 4458 4457
f 4446 4447 4459
f 4446 4459 4458
f 4447 4448 4460
f 4447 4460 4459
f 4448 4449 4461
f 4448 4461 4460
f 4449 4450 4462
f 4449 4462 4461
f 4450 4451 4463
f 4450 4463 4462
f 4451 4452 4464
f 4451 4464 4463
f 4452 4441 4453
f 4452 4453 4464
f 4453 4454 4466
f 4453 4466 4465
f 4454 4455 4467
f 4454 4467 4466
f 4455 4456 4468
f 4455 4468 4467
f 4456 4457 4469
f 4456 4469 4468
f 4457 4458 4470
f 4457 4470 4469
f 4458 4459 4471
f 4458 4471 4470
f 4459 4460 4472
f 4459 4472 4471
f 4460 4461 4473
f 4460 4473 4472
f 4461 4462 4474
f 4461 4474 4473
f 4462 4463 4475
f 4462 4475 4474
f 4463 4464 4476
f 4463 4476 4475
f 4464 4453 4465
f 4464 4465 4476
f 4465 4466 4478
f 4465 4478 4477
f 4466 4467 4479
f 4466 4479 4478
f 4467 4468 4480
f 4467 4480 4479
f 4468 4469 4481
f 4468 4481 4480
f 4469 4470 4482
f 4469 4482 4481
f 4470 4471 4483
f 4470 4483 4482
f 4471 4472 4484
f 4471 4484 4483
f 4472 4473 4485
f 4472 4485 4484
f 4473 4474 4486
f 4473 4486 4485
f 4474 4475 4487
f 4474 4487 4486
f 4475 4476 4488
f 4475 4488 4487
f 4476 4465 4477
f 4476 4477 4488
f 4477 4478 4490
f 4477 4490 4489
f 4478 4479 4491
f 4478 4491 4490
f 4479 4480 4492
f 4479 4492 4491
f 4480 4481 4493
f 4480 4493 4492
f 4481 4482 4494
f 4481 4494 4493
f 4482 4483 4495
f 4482 4495 4494
f 4483 4484 4496
f 4483 4496 4495
f 4484 4485 4497
f 4484 4497 4496
f 4485 4486 4498
f 4485 4498 4497
f 4486 4487 4499
f 4486 4499 4498
f 4487 4488 4500
f 4487 4500 4499
f 4488 4477 4489
f 4488 4489 4500
f 4489 4490 4502
f 4489 4502 4501
f 4490 4491 4503
f 4490 4503 4502
f 4491 4492 4504
f 4491 4504 4503
f 4492 4493 4505
f 4492 4505 4504
f 4493 4494 4506
f 4493 4506 4505
f 4494 4495 4507
f 4494 4507 4506
f 4495 4496 4508
f 4495 4508 4507
f 4496 4497 4509
f 4496 4509 4508
f 4497 4498 4510
f 4497 4510 4509
f 4498 4499 4511
f 4498 4511 4510
f 4499 4500 4512
f 4499 4512 4511
f 4500 4489 4501
f 4500 4501 4512
f 4501 4502 4514
f 4501 4514 4513
f 4502 4503 4515
f 4502 4515 4514
f 4503 4504 4516
f 4503 4516 4515
f 4504 4505 4517
f 4504 4517 4516
f 4505 4506 4518
f 4505 4518 4517
f 4506 4507 4519
f 4506 4519 4518
f 4507 4508 4520
f 4507 4520 4519
f 4508 4509 4521
f 4508 4521 4520
f 4509 4510 4522
f 4509 4522 4521
f 4510 4511 4523
f 4510 4523 4522
f 4511 4512 4524
f 4511 4524 4523
f 4512 4501 4513
f 4512 4513 4524
f 4513 4514 4526
f 4513 4526 4525
f 4514 4515 4527
f 4514 4527 4526
f 4515 4516 4528
f 4515 4528 4527
f 4516 4517 4529
f 4516 4529 4528
f 4517 4518 4530
f 4517 4530 4529
f 4518 4519 4531
f 4518 4531 4530
f 4519 4520 4532
f 4519 4532 4531
f 4520 4521 4533
f 4520 4533 4532
f 4521 4522 4534
f 4521 4534 4533
f 4522 4523 4535
f 4522 4535 4534
f 4523 4524 4536
f 4523 4536 4535
f 4524 4513 4525
f 4524 4525 4536
f 4525 4526 4538
f 4525 4538 4537
f 4526 4527 4539
f 4526 4539 4538
f 4527 4528 4540
f 4527 4540 4539
f 4528 4529 4541
f 4528 4541 4540
f 4529 4530 4542
f 4529 4542 4541
f 4530 4531 4543
f 4530 4543 4542
f 4531 4532 4544
f 4531 4544 4543
f 4532 4533 4545
f 4532 4545 4544
f 4533 4534 4546
f 4533 4546 4545
f 4534 4535 4547
f 4534 4547 4546
f 4535 4536 4548
f 4535 4548 4547
f 4536 4525 4537
f 4536 4537 4548
f 4537 4538 4550
f 4537 4550 4549
f 4538 4539 4551
f 4538 4551 4550
f 4539 4540 4552
f 4539 4552 4551
f 4540 4541 4553
f 4540 4553 4552
f 4541 4542 4554
f 4541 4554 4553
f 4542 4543 4555
f 4542 4555 4554
f 4543 4544 4556
f 4543 4556 4555
f 4544 4545 4557
f 4544 4557 4556
f 4545 4546 4558
f 4545 4558 4557
f 4546 4547 4559
f 4546 4559 4558
f 4547 4548 4560
f 4547 4560 4559
f 4548 4537 4549
f 4548 4549 4560
f 4549 4550 4562
f 4549 4562 4561
f 4550 4551 4563
f 4550 4563 4562
f 4551 4552 4564
f 4551 4564 4563
f 4552 4553 4565
f 4552 4565 4564
f 4553 4554 4566
f 4553 4566 4565
f 4554 4555 4567
f 4554 4567 4566
f 4555 4556 4568
f 4555 4568 4567
f 4556 4557 4569
f 4556 4569 4568
f 4557 4558 4570
f 4557 4570 4569
f 4558 4559 4571
f 4558 4571 4570
f 4559 4560 4572
f 4559 4572 4571
f 4560 4549 4561
f 4560 4561 4572
f 4561 4562 4574
f 4561 4574 4573
f 4562 4563 4575
f 4562 4575 4574
f 4563 4564 4576
f 4563 4576 4575
f 4564 4565 4577
f 4564 4577 4576
f 4565 4566 4578
f 4565 4578 4577
f 4566 4567 4579
f 4566 4579 4578
f 4567 4568 4580
f 4567 4580 4579
f 4568 4569 4581
f 4568 4581 4580
f 4569 4570 4582
f 4569 4582 4581
f 4570 4571 4583
f 4570 4583 4582
f 4571 4572 4584
f 4571 4584 4583
f 4572 4561 4573
f 4572 4573 4584
f 4573 4574 4586
f 4573 4586 4585
f 4574 4575 4587
f 4574 4587 4586
f 4575 4576 4588
f 4575 4588 4587
f 4576 4577 4589
f 4576 4589 4588
f 4577 4578 4590
f 4577 4590 4589
f 4578 4579 4591
f 4578 4591 4590
f 4579 4580 4592
f 4579 4592 4591
f 4580 4581 4593
f 4580 4593 4592
f 4581 4582 4594
f 4581 4594 4593
f 4582 4583 4595
f 4582 4595 4594
f 4583 4584 4596
f 4583 4596 4595
f 4584 4573 4585
f 4584 4585 4596
f 4585 4586 4598
f 4585 4598 4597
f 4586 4587 4599
f 4586 4599 4598
f 4587 4588 4600
f 4587 4600 4599
f 4588 4589 4601
f 4588 4601 4600
f 4589 4590 4602
f 4589 4602 4601
f 4590 4591 4603
f 4590 4603 4602
f 4591 4592 4604
f 4591 4604 4603
f 4592 4593 4605
f 4592 4605 4604
f 4593 4594 4606
f 4593 4606 4605
f 4594 4595 4607
f 4594 4607 4606
f 4595 4596 4608
f 4595 4608 4607
f 4596 4585 4597
f 4596 4597 4608
f 4597 4598 4610
f 4597 4610 4609
f 4598 4599 4611
f 4598 4611 4610
f 4599 4600 4612
f 4599 4612 4611
f 4600 4601 4613
f 4600 4613 4612
f 4601 4602 4614
f 4601 4614 4613
f 4602 4603 4615
f 4602 4615 4614
f 4603 4604 4616
f 4603 4616 4615
f 4604 4605 4617
f 4604 4617 4616
f 4605 4606 4618
f 4605 4618 4617
f 4606 4607 4619
f 4606 4619 4618
f 4607 4608 4620
f 4607 4620 4619
f 4608 4597 4609
f 4608 4609 4620
f 4609 4610 4622
f 4609 4622 4621
f 4610 4611 4623
f 4610 4623 4622
f 4611 4612 4624
f 4611 4624 4623
f 4612 4613 4625
f 4612 4625 4624
f 4613 4614 4626
f 4613 4626 4625
f 4614 4615 4627
f 4614 4627 4626
f 4615 4616 4628
f 4615 4628 4627
f 4616 4617 4629
f 4616 4629 4628
f 4617 4618 4630
f 4617 4630 4629
f 4618 4619 4631
f 4618 4631 4630
f 4619 4620 4632
f 4619 4632 4631
f 4620 4609 4621
f 4620 4621 4632
f 4621 4622 4634
f 4621 4634 4633
f 4622 4623 4635
f 4622 4635 4634
f 4623 4624 4636
f 4623 4636 4635
f 4624 4625 4637
f 4624 4637 4636
f 4625 4626 4638
f 4625 4638 4637
f 4626 4627 4639
f 4626 4639 4638
f 4627 4628 4640
f 4627 4640 4639
f 4628 4629 4641
f 4628 4641 4640
f 4629 4630 4642
f 4629 4642 4641
f 4630 4631 4643
f 4630 4643 4642
f 4631 4632 4644
f 4631 4644 4643
f 4632 4621 4633
f 4632 4633 4644
f 4633 4634 4646
f 4633 4646 4645
f 4634 4635 4647
f 4634 4647 4646
f 4635 4636 4648
f 4635 4648 4647
f 4636 4637 4649
f 4636 4649 4648
f 4637 4638 4650
f 4637 4650 4649
f 4638 4639 4651
f 4638 4651 4650
f 4639 4640 4652
f 4639 4652 4651
f 4640 4641 4653
f 4640 4653 4652
f 4641 4642 4654
f 4641 4654 4653
f 4642 4643 4655
f 4642 4655 4654
f 4643 4644 4656
f 4643 4656 4655
f 4644 4633 4645
f 4644 4645 4656
f 4645 4646 4658
f 4645 4658 4657
f 4646 4647 4659
f 4646 4659 4658
f 4647 4648 4660
f 4647 4660 4659
f 4648 4649 4661
f 4648 4661 4660
f 4649 4650 4662
f 4649 4662 4661
f 4650 4651 4663
f 4650 4663 4662
f 4651 4652 4664
f 4651 4664 4663
f 4652 4653 4665
f 4652 4665 4664
f 4653 4654 4666
f 4653 4666 4665
f 4654 4655 4667
f 4654 4667 4666
f 4655 4656 4668
f 4655 4668 4667
f 4656 4645 4657
f 4656 4657 4668
f 4657 4658 4670
f 4657 4670 4669
f 4658 4659 4671
f 4658 4671 4670
f 4659 4660 4672
f 4659 4672 4671
f 4660 4661 4673
f 4660 4673 4672
f 4661 4662 4674
f 4661 4674 4673
f 4662 4663 4675
f 4662 4675 4674
f 4663 4664 4676
f 4663 4676 4675
f 4664 4665 4677
f 4664 4677 4676
f 4665 4666 4678
f 4665 4678 4677
f 4666 4667 4679
f 4666 4679 4678
f 4667 4668 4680
f 4667 4680 4679
f 4668 4657 4669
f 4668 4669 4680
f 4669 4670 4682
f 4669 4682 4681
f 4670 4671 4683
f 4670 4683 4682
f 4671 4672 4684
f 4671 4684 4683
f 4672 4673 4685
f 4672 4685 4684
f 4673 4674 4686
f 4673 4686 4685
f 4674 4675 4687
f 4674 4687 4686
f 4675 4676 4688
f 4675 4688 4687
f 4676 4677 4689
f 4676 4689 4688
f 4677 4678 4690
f 4677 4690 4689
f 4678 4679 4691
f 4678 4691 4690
f 4679 4680 4692
f 4679 4692 4691
f 4680 4669 4681
f 4680 4681 4692
f 4681 4682 4694
f 4681 4694 4693
f 4682 4683 4695
f 4682 4695 4694
f 4683 4684 4696
f 4683 4696 4695
f 4684 4685 4697
f 4684 4697 4696
f 4685 4686 4698
f 4685 4698 4697
f 4686 4687 4699
f 4686 4699 4698
f 4687 4688 4700
f 4687 4700 4699
f 4688 4689 4701
f 4688 4701 4700
f 4689 4690 4702
f 4689 4702 4701
f 4690 4691 4703
f 4690 4703 4702
f 4691 4692 4704
f 4691 4704 4703
f 4692 4681 4693
f 4692 4693 4704
f 4693 4694 4706
f 4693 4706 4705
f 4694 4695 4707
f 4694 4707 4706
f 4695 4696 4708
f 4695 4708 4707
f 4696 4697 4709
f 4696 4709 4708
f 4697 4698 4710
f 4697 4710 4709
f 4698 4699 4711
f 4698 4711 4710
f 4699 4700 4712
f 4699 4712 4711
f 4700 4701 4713
f 4700 4713 4712
f 4701 4702 4714
f 4701 4714 4713
f 4702 4703 4715
f 4702 4715 4714
f 4703 4704 4716
f 4703 4716 4715
f 4704 4693 4705
f 4704 4705 4716
f 4705 4706 4718
f 4705 4718 4717
f 4706 4707 4719
f 4706 4719 4718
f 4707 4708 4720
f 4707 4720 4719
f 4708 4709 4721
f 4708 4721 4720
f 4709 4710 4722
f 4709 4722 4721
f 4710 4711 4723
f 4710 4723 4722
f 4711 4712 4724
f 4711 4724 4723
f 4712 4713 4725
f 4712 4725 4724
f 4713 4714 4726
f 4713 4726 4725
f 4714 4715 4727
f 4714 4727 4726
f 4715 4716 4728
f 4715 4728 4727
f 4716 4705 4717
f 4716 4717 4728
f 4717 4718 4730
f 4717 4730 4729
f 4718 4719 4731
f 4718 4731 4730
f 4719 4720 4732
f 4719 4732 4731
f 4720 4721 4733
f 4720 4733 4732
f 4721 4722 4734
f 4721 4734 4733
f 4722 4723 4735
f 4722 4735 4734
f 4723 4724 4736
f 4723 4736 4735
f 4724 4725 4737
f 4724 4737 4736
f 4725 4726 4738
f 4725 4738 4737
f 4726 4727 4739
f 4726 4739 4738
f 4727 4728 4740
f 4727 4740 4739
f 4728 4717 4729
f 4728 4729 4740
f 4729 4730 4742
f 4729 4742 4741
f 4730 4731 4743
f 4730 4743 4742
f 4731 4732 4744
f 4731 4744 4743
f 4732 4733 4745
f 4732 4745 4744
f 4733 4734 4746
f 4733 4746 4745
f 4734 4735 4747
f 4734 4747 4746
f 4735 4736 4748
f 4735 4748 4747
f 4736 4737 4749
f 4736 4749 4748
f 4737 4738 4750
f 4737 4750 4749
f 4738 4739 4751
f 4738 4751 4750
f 4739 4740 4752
f 4739 4752 4751
f 4740 4729 4741
f 4740 4741 4752
f 4741 4742 4754
f 4741 4754 4753
f 4742 4743 4755
f 4742 4755 4754
f 4743 4744 4756
f 4743 4756 4755
f 4744 4745 4757
f 4744 4757 4756
f 4745 4746 4758
f 4745 4758 4757
f 4746 4747 4759
f 4746 4759 4758
f 4747 4748 4760
f 4747 4760 4759
f 4748 4749 4761
f 4748 4761 4760
f 4749 4750 4762
f 4749 4762 4761
f 4750 4751 4763
f 4750 4763 4762
f 4751 4752 4764
f 4751 4764 4763
f 4752 4741 4753
f 4752 4753 4764
f 4753 4754 4766
f 4753 4766 4765
f 4754 4755 4767
f 4754 4767 4766
f 4755 4756 4768
f 4755 4768 4767
f 4756 4757 4769
f 4756 4769 4768
f 4757 4758 4770
f 4757 4770 4769
f 4758 4759 4771
f 4758 4771 4770
f 4759 4760 4772
f 4759 4772 4771
f 4760 4761 4773
f 4760 4773 4772
f 4761 4762 4774
f 4761 4774 4773
f 4762 4763 4775
f 4762 4775 4774
f 4763 4764 4776
f 4763 4776 4775
f 4764 4753 4765
f 4764 4765 4776
f 4765 4766 4778
f 4765 4778 4777
f 4766 4767 4779
f 4766 4779 4778
f 4767 4768 4780
f 4767 4780 4779
f 4768 4769 4781
f 4768 4781 4780
f 4769 4770 4782
f 4769 4782 4781
f 4770 4771 4783
f 4770 4783 4782
f 4771 4772 4784
f 4771 4784 4783
f 4772 4773 4785
f 4772 4785 4784
f 4773 4774 4786
f 4773 4786 4785
f 4774 4775 4787
f 4774 4787 4786
f 4775 4776 4788
f 4775 4788 4787
f 4776 4765 4777
f 4776 4777 4788
f 4777 4778 4790
f 4777 4790 4789
f 4778 4779 4791
f 4778 4791 4790
f 4779 4780 4792
f 4779 4792 4791
f 4780 4781 4793
f 4780 4793 4792
f 4781 4782 4794
f 4781 4794 4793
f 4782 4783 4795
f 4782 4795 4794
f 4783 4784 4796
f 4783 4796 4795
f 4784 4785 4797
f 4784 4797 4796
f 4785 4786 4798
f 4785 4798 4797
f 4786 4787 4799
f 4786 4799 4798
f 4787 4788 4800
f 4787 4800 4799
f 4788 4777 4789
f 4788 4789 4800
f 4789 4790 4802
f 4789 4802 4801
f 4790 4791 4803
f 4790 4803 4802
f 4791 4792 4804
f 4791 4804 4803
f 4792 4793 4805
f 4792 4805 4804
f 4793 4794 4806
f 4793 4806 4805
f 4794 4795 4807
f 4794 4807 4806
f 4795 4796 4808
f 4795 4808 4807
f 4796 4797 4809
f 4796 4809 4808
f 4797 4798 4810
f 4797 4810 4809
f 4798 4799 4811
f 4798 4811 4810
f 4799 4800 4812
f 4799 4812 4811
f 4800 4789 4801
f 4800 4801 4812
f 4801 4802 4814
f 4801 4814 4813
f 4802 4803 4815
f 4802 4815 4814
f 4803 4804 4816
f 4803 4816 4815
f 4804 4805 4817
f 4804 4817 4816
f 4805 4806 4818
f 4805 4818 4817
f 4806 4807 4819
f 4806 4819 4818
f 4807 4808 4820
f 4807 4820 4819
f 4808 4809 4821
f 4808 4821 4820
f 4809 4810 4822
f 4809 4822 4821
f 4810 4811 4823
f 4810 4823 4822
f 4811 4812 4824
f 4811 4824 4823
f 4812 4801 4813
f 4812 4813 4824
f 4813 4814 4826
f 4813 4826 4825
f 4814 4815 4827
f 4814 4827 4826
f 4815 4816 4828
f 4815 4828 4827
f 4816 4817 4829
f 4816 4829 4828
f 4817 4818 4830
f 4817 4830 4829
f 4818 4819 4831
f 4818 4831 4830
f 4819 4820 4832
f 4819 4832 4831
f 4820 4821 4833
f 4820 4833 4832
f 4821 4822 4834
f 4821 4834 4833
f 4822 4823 4835
f 4822 4835 4834
f 4823 4824 4836
f 4823 4836 4835
f 4824 4813 4825
f 4824 4825 4836
f 4825 4826 4838
f 4825 4838 4837
f 4826 4827 4839
f 4826 4839 4838
f 4827 4828 4840
f 4827 4840 4839
f 4828 4829 4841
f 4828 4841 4840
f 4829 4830 4842
f 4829 4842 4841
f 4830 4831 4843
f 4830 4843 4842
f 4831 4832 4844
f 4831 4844 4843
f 4832 4833 4845
f 4832 4845 4844
f 4833 4834 4846
f 4833 4846 4845
f 4834 4835 4847
f 4834 4847 4846
f 4835 4836 4848
f 4835 4848 4847
f 4836 4825 4837
f 4836 4837 4848
f 4837 4838 4850
f 4837 4850 4849
f 4838 4839 4851
f 4838 4851 4850
f 4839 4840 4852
f 4839 4852 4851
f 4840 4841 4853
f 4840 4853 4852
f 4841 4842 4854
f 4841 4854 4853
f 4842 4843 4855
f 4842 4855 4854
f 4843 4844 4856
f 4843 4856 4855
f 4844 4845 4857
f 4844 4857 4856
f 4845 4846 4858
f 4845 4858 4857
f 4846 4847 4859
f 4846 4859 4858
f 4847 4848 4860
f 4847 4860 4859
f 4848 4837 4849
f 4848 4849 4860
f 4849 4850 4862
f 4849 4862 4861
f 4850 4851 4863
f 4850 4863 4862
f 4851 4852 4864
f 4851 4864 4863
f 4852 4853 4865
f 4852 4865 4864
f 4853 4854 4866
f 4853 4866 4865
f 4854 4855 4867
f 4854 4867 4866
f 4855 4856 4868
f 4855 4868 4867
f 4856 4857 4869
f 4856 4869 4868
f 4857 4858 4870
f 4857 4870 4869
f 4858 4859 4871
f 4858 4871 4870
f 4859 4860 4872
f 4859 4872 4871
f 4860 4849 4861
f 4860 4861 4872
f 4861 4862 4874
f 4861 4874 4873
f 4862 4863 4875
f 4862 4875 4874
f 4863 4864 4876
f 4863 4876 4875
f 4864 4865 4877
f 4864 4877 4876
f 4865 4866 4878
f 4865 4878 4877
f 4866 4867 4879
f 4866 4879 4878
f 4867 4868 4880
f 4867 4880 4879
f 4868 4869 4881
f 4868 4881 4880
f 4869 4870 4882
f 4869 4882 4881
f 4870 4871 4883
f 4870 4883 4882
f 4871 4872 4884
f 4871 4884 4883
f 4872 4861 4873
f 4872 4873 4884
f 4873 4874 4886
f 4873 4886 4885
f 4874 4875 4887
f 4874 4887 4886
f 4875 4876 4888
f 4875 4888 4887
f 4876 4877 4889
f 4876 4889 4888
f 4877 4878 4890
f 4877 4890 4889
f 4878 4879 4891
f 4878 4891 4890
f 4879 4880 4892
f 4879 4892 4891
f 4880 4881 4893
f 4880 4893 4892
f 4881 4882 4894
f 4881 4894 4893
f 4882 4883 4895
f 4882 4895 4894
f 4883 4884 4896
f 4883 4896 4895
f 4884 4873 4885
f 4884 4885 4896
f 4885 4886 4898
f 4885 4898 4897
f 4886 4887 4899
f 4886 4899 4898
f 4887 4888 4900
f 4887 4900 4899
f 4888 4889 4901
f 4888 4901 4900
f 4889 4890 4902
f 4889 4902 4901
f 4890 4891 4903
f 4890 4903 4902
f 4891 4892 4904
f 4891 4904 4903
f 4892 4893 4905
f 4892 4905 4904
f 4893 4894 4906
f 4893 4906 4905
f 4894 4895 4907
f 4894 4907 4906
f 4895 4896 4908
f 4895 4908 4907
f 4896 4885 4897
f 4896 4897 4908
f 4897 4898 4910
f 4897 4910 4909
f 4898 4899 4911
f 4898 4911 4910
f 4899 4900 4912
f 4899 4912 4911
f 4900 4901 4913
f 4900 4913 4912
f 4901 4902 4914
f 4901 4914 4913
f 4902 4903 4915
f 4902 4915 4914
f 4903 4904 4916
f 4903 4916 4915
f 4904 4905 4917
f 4904 4917 4916
f 4905 4906 4918
f 4905 4918 4917
f 4906 4907 4919
f 4906 4919 4918
f 4907 4908 4920
f 4907 4920 4919
f 4908 4897 4909
f 4908 4909 4920
f 4909 4910 4922
f 4909 4922 4921
f 4910 4911 4923
f 4910 4923 4922
f 4911 4912 4924
f 4911 4924 4923
f 4912 4913 4925
f 4912 4925 4924
f 4913 4914 4926
f 4913 4926 4925
f 4914 4915 4927
f 4914 4927 4926
f 4915 4916 4928
f 4915 4928 4927
f 4916 4917 4929
f 4916 4929 4928
f 4917 4918 4930
f 4917 4930 4929
f 4918 4919 4931
f 4918 4931 4930
f 4919 4920 4932
f 4919 4932 4931
f 4920 4909 4921
f 4920 4921 4932
f 4921 4922 4934
f 4921 4934 4933
f 4922 4923 4935
f 4922 4935 4934
f 4923 4924 4936
f 4923 4936 4935
f 4924 4925 4937
f 4924 4937 4936
f 4925 4926 4938
f 4925 4938 4937
f 4926 4927 4939
f 4926 4939 4938
f 4927 4928 4940
f 4927 4940 4939
f 4928 4929 4941
f 4928 4941 4940
f 4929 4930 4942
f 4929 4942 4941
f 4930 4931 4943
f 4930 4943 4942
f 4931 4932 4944
f 4931 4944 4943
f 4932 4921 4933
f 4932 4933 4944
f 4933 4934 4946
f 4933 4946 4945
f 4934 4935 4947
f 4934 4947 4946
f 4935 4936 4948
f 4935 4948 4947
f 4936 4937 4949
f 4936 4949 4948
f 4937 4938 4950
f 4937 4950 4949
f 4938 4939 4951
f 4938 4951 4950
f 4939 4940 4952
f 4939 4952 4951
f 4940 4941 4953
f 4940 4953 4952
f 4941 4942 4954
f 4941 4954 4953
f 4942 4943 4955
f 4942 4955 4954
f 4943 4944 4956
f 4943 4956 4955
f 4944 4933 4945
f 4944 4945 4956
f 4945 4946 4958
f 4945 4958 4957
f 4946 4947 4959
f 4946 4959 4958
f 4947 4948 4960
f 4947 4960 4959
f 4948 4949 4961
f 4948 4961 4960
f 4949 4950 4962
f 4949 4962 4961
f 4950 4951 4963
f 4950 4963 4962
f 4951 4952 4964
f 4951 4964 4963
f 4952 4953 4965
f 4952 4965 4964
f 4953 4954 4966
f 4953 4966 4965
f 4954 4955 4967
f 4954 4967 4966
f 4955 4956 4968
f 4955 4968 4967
f 4956 4945 4957
f 4956 4957 4968
f 4957 4958 4970
f 4957 4970 4969
f 4958 4959 4971
f 4958 4971 4970
f 4959 4960 4972
f 4959 4972 4971
f 4960 4961 4973
f 4960 4973 4972
f 4961 4962 4974
f 4961 4974 4973
f 4962 4963 4975
f 4962 4975 4974
f 4963 4964 4976
f 4963 4976 4975
f 4964 4965 4977
f 4964 4977 4976
f 4965 4966 4978
f 4965 4978 4977
f 4966 4967 4979
f 4966 4979 4978
f 4967 4968 4980
f 4967 4980 4979
f 4968 4957 4969
f 4968 4969 4980
f 4969 4970 4982
f 4969 4982 4981
f 4970 4971 4983
f 4970 4983 4982
f 4971 4972 4984
f 4971 4984 4983
f 4972 4973 4985
f 4972 4985 4984
f 4973 4974 4986
f 4973 4986 4985
f 4974 4975 4987
f 4974 4987 4986
f 4975 4976 4988
f 4975 4988 4987
f 4976 4977 4989
f 4976 4989 4988
f 4977 4978 4990
f 4977 4990 4989
f 4978 4979 4991
f 4978 4991 4990
f 4979 4980 4992
f 4979 4992 4991
f 4980 4969 4981
f 4980 4981 4992
f 4981 4982 4994
f 4981 4994 4993
f 4982 4983 4995
f 4982 4995 4994
f 4983 4984 4996
f 4983 4996 4995
f 4984 4985 4997
f 4984 4997 4996
f 4985 4986 4998
f 4985 4998 4997
f 4986 4987 4999
f 4986 4999 4998
f 4987 4988 5000
f 4987 5000 4999
f 4988 4989 5001
f 4988 5001 5000
f 4989 4990 5002
f 4989 5002 5001
f 4990 4991 5003
f 4990 5003 5002
f 4991 4992 5004
f 4991 5004 5003
f 4992 4981 4993
f 4992 4993 5004
f 4993 4994 5006
f 4993 5006 5005
f 4994 4995 5007
f 4994 5007 5006
f 4995 4996 5008
f 4995 5008 5007
f 4996 4997 5009
f 4996 5009 5008
f 4997 4998 5010
f 4997 5010 5009
f 4998 4999 5011
f 4998 5011 5010
f 4999 5000 5012
f 4999 5012 5011
f 5000 5001 5013
f 5000 5013 5012
f 5001 5002 5014
f 5001 5014 5013
f 5002 5003 5015
f 5002 5015 5014
f 5003 5004 5016
f 5003 5016 5015
f 5004 4993 5005
f 5004 5005 5016
f 5005 5006 5018
f 5005 5018 5017
f 5006 5007 5019
f 5006 5019 5018
f 5007 5008 5020
f 5007 5020 5019
f 5008 5009 5021
f 5008 5021 5020
f 5009 5010 5022
f 5009 5022 5021
f 5010 5011 5023
f 5010 5023 5022
f 5011 5012 5024
f 5011 5024 5023
f 5012 5013 5025
f 5012 5025 5024
f 5013 5014 5026
f 5013 5026 5025
f 5014 5015 5027
f 5014 5027 5026
f 5015 5016 5028
f 5015 5028 5027
f 5016 5005 5017
f 5016 5017 5028
f 5017 5018 5030
f 5017 5030 5029
f 5018 5019 5031
f 5018 5031 5030
f 5019 5020 5032
f 5019 5032 5031
f 5020 5021 5033
f 5020 5033 5032
f 5021 5022 5034
f 5021 5034 5033
f 5022 5023 5035
f 5022 5035 5034
f 5023 5024 5036
f 5023 5036 5035
f 5024 5025 5037
f 5024 5037 5036
f 5025 5026 5038
f 5025 5038 5037
f 5026 5027 5039
f 5026 5039 5038
f 5027 5028 5040
f 5027 5040 5039
f 5028 5017 5029
f 5028 5029 5040
f 5029 5030 5042
f 5029 5042 5041
f 5030 5031 5043
f 5030 5043 5042
f 5031 5032 5044
f 5031 5044 5043
f 5032 5033 5045
f 5032 5045 5044
f 5033 5034 5046
f 5033 5046 5045
f 5034 5035 5047
f 5034 5047 5046
f 5035 5036 5048
f 5035 5048 5047
f 5036 5037 5049
f 5036 5049 5048
f 5037 5038 5050
f 5037 5050 5049
f 5038 5039 5051
f 5038 5051 5050
f 5039 5040 5052
f 5039 5052 5051
f 5040 5029 5041
f 5040 5041 5052
f 5041 5042 5054
f 5041 5054 5053
f 5042 5043 5055
f 5042 5055 5054
f 5043 5044 5056
f 5043 5056 5055
f 5044 5045 5057
f 5044 5057 5056
f 5045 5046 5058
f 5045 5058 5057
f 5046 5047 5059
f 5046 5059 5058
f 5047 5048 5060
f 5047 5060 5059
f 5048 5049 5061
f 5048 5061 5060
f 5049 5050 5062
f 5049 5062 5061
f 5050 5051 5063
f 5050 5063 5062
f 5051 5052 5064
f 5051 5064 5063
f 5052 5041 5053
f 5052 5053 5064
f 5053 5054 5066
f 5053 5066 5065
f 5054 5055 5067
f 5054 5067 5066
f 5055 5056 5068
f 5055 5068 5067
f 5056 5057 5069
f 5056 5069 5068
f 5057 5058 5070
f 5057 5070 5069
f 5058 5059 5071
f 5058 5071 5070
f 5059 5060 5072
f 5059 5072 5071
f 5060 5061 5073
f 5060 5073 5072
f 5061 5062 5074
f 5061 5074 5073
f 5062 5063 5075
f 5062 5075 5074
f 5063 5064 5076
f 5063 5076 5075
f 5064 5053 5065
f 5064 5065 5076
f 5065 5066 5078
f 5065 5078 5077
f 5066 5067 5079
f 5066 5079 5078
f 5067 5068 5080
f 5067 5080 5079
f 5068 5069 5081
f 5068 5081 5080
f 5069 5070 5082
f 5069 5082 5081
f 5070 5071 5083
f 5070 5083 5082
f 5071 5072 5084
f 5071 5084 5083
f 5072 5073 5085
f 5072 5085 5084
f 5073 5074 5086
f 5073 5086 5085
f 5074 5075 5087
f 5074 5087 5086
f 5075 5076 5088
f 5075 5088 5087
f 5076 5065 5077
f 5076 5077 5088
f 5077 5078 5090
f 5077 5090 5089
f 5078 5079 5091
f 5078 5091 5090
f 5079 5080 5092
f 5079 5092 5091
f 5080 5081 5093
f 5080 5093 5092
f 5081 5082 5094
f 5081 5094 5093
f 5082 5083 5095
f 5082 5095 5094
f 5083 5084 5096
f 5083 5096 5095
f 5084 5085 5097
f 5084 5097 5096
f 5085 5086 5098
f 5085 5098 5097
f 5086 5087 5099
f 5086 5099 5098
f 5087 5088 5100
f 5087 5100 5099
f 5088 5077 5089
f 5088 5089 5100
f 5089 5090 5102
f 5089 5102 5101
f 5090 5091 5103
f 5090 5103 5102
f 5091 5092 5104
f 5091 5104 5103
f 5092 5093 5105
f 5092 5105 5104
f 5093 5094 5106
f 5093 5106 5105
f 5094 5095 5107
f 5094 5107 5106
f 5095 5096 5108
f 5095 5108 5107
f 5096 5097 5109
f 5096 5109 5108
f 5097 5098 5110
f 5097 5110 5109
f 5098 5099 5111
f 5098 5111 5110
f 5099 5100 5112
f 5099 5112 5111
f 5100 5089 5101
f 5100 5101 5112
f 5101 5102 5114
f 5101 5114 5113
f 5102 5103 5115
f 5102 5115 5114
f 5103 5104 5116
f 5103 5116 5115
f 5104 5105 5117
f 5104 5117 5116
f 5105 5106 5118
f 5105 5118 5117
f 5106 5107 5119
f 5106 5119 5118
f 5107 5108 5120
f 5107 5120 5119
f 5108 5109 5121
f 5108 5121 5120
f 5109 5110 5122
f 5109 5122 5121
f 5110 5111 5123
f 5110 5123 5122
f 5111 5112 5124
f 5111 5124 5123
f 5112 5101 5113
f 5112 5113 5124
f 5113 5114 5126
f 5113 5126 5125
f 5114 5115 5127
f 5114 5127 5126
f 5115 5116 5128
f 5115 5128 5127
f 5116 5117 5129
f 5116 5129 5128
f 5117 5118 5130
f 5117 5130 5129
f 5118 5119 5131
f 5118 5131 5130
f 5119 5120 5132
f 5119 5132 5131
f 5120 5121 5133
f 5120 5133 5132
f 5121 5122 5134
f 5121 5134 5133
f 5122 5123 5135
f 5122 5135 5134
f 5123 5124 5136
f 5123 5136 5135
f 5124 5113 5125
f 5124 5125 5136
f 5125 5126 5138
f 5125 5138 5137
f 5126 5127 5139
f 5126 5139 5138
f 5127 5128 5140
f 5127 5140 5139
f 5128 5129 5141
f 5128 5141 5140
f 5129 5130 5142
f 5129 5142 5141
f 5130 5131 5143
f 5130 5143 5142
f 5131 5132 5144
f 5131 5144 5143
f 5132 5133 5145
f 5132 5145 5144
f 5133 5134 5146
f 5133 5146 5145
f 5134 5135 5147
f 5134 5147 5146
f 5135 5136 5148
f 5135 5148 5147
f 5136 5125 5137
f 5136 5137 5148
f 5137 5138 5150
f 5137 5150 5149
f 5138 5139 5151
f 5138 5151 5150
f 5139 5140 5152
f 5139 5152 5151
f 5140 5141 5153
f 5140 5153 5152
f 5141 5142 5154
f 5141 5154 5153
f 5142 5143 5155
f 5142 5155 5154
f 5143 5144 5156
f 5143 5156 5155
f 5144 5145 5157
f 5144 5157 5156
f 5145 5146 5158
f 5145 5158 5157
f 5146 5147 5159
f 5146 5159 5158
f 5147 5148 5160
f 5147 5160 5159
f 5148 5137 5149
f 5148 5149 5160
f 5149 5150 5162
f 5149 5162 5161
f 5150 5151 5163
f 5150 5163 5162
f 5151 5152 5164
f 5151 5164 5163
f 5152 5153 5165
f 5152 5165 5164
f 5153 5154 5166
f 5153 5166 5165
f 5154 5155 5167
f 5154 5167 5166
f 5155 5156 5168
f 5155 5168 5167
f 5156 5157 5169
f 5156 5169 5168
f 5157 5158 5170
f 5157 5170 5169
f 5158 5159 5171
f 5158 5171 5170
f 5159 5160 5172
f 5159 5172 5171
f 5160 5149 5161
f 5160 5161 5172
f 5161 5162 5174
f 5161 5174 5173
f 5162 5163 5175
f 5162 5175 5174
f 5163 5164 5176
f 5163 5176 5175
f 5164 5165 5177
f 5164 5177 5176
f 5165 5166 5178
f 5165 5178 5177
f 5166 5167 5179
f 5166 5179 5178
f 5167 5168 5180
f 5167 5180 5179
f 5168 5169 5181
f 5168 5181 5180
f 5169 5170 5182
f 5169 5182 5181
f 5170 5171 5183
f 5170 5183 5182
f 5171 5172 5184
f 5171 5184 5183
f 5172 5161 5173
f 5172 5173 5184
f 5173 5174 5186
f 5173 5186 5185
f 5174 5175 5187
f 5174 5187 5186
f 5175 5176 5188
f 5175 5188 5187
f 5176 5177 5189
f 5176 5189 5188
f 5177 5178 5190
f 5177 5190 5189
f 5178 5179 5191
f 5178 5191 5190
f 5179 5180 5192
f 5179 5192 5191
f 5180 5181 5193
f 5180 5193 5192
f 5181 5182 5194
f 5181 5194 5193
f 5182 5183 5195
f 5182 5195 5194
f 5183 5184 5196
f 5183 5196 5195
f 5184 5173 5185
f 5184 5185 5196
f 5185 5186 5198
f 5185 5198 5197
f 5186 5187 5199
f 5186 5199 5198
f 5187 5188 5200
f 5187 5200 5199
f 5188 5189 5201
f 5188 5201 5200
f 5189 5190 5202
f 5189 5202 5201
f 5190 5191 5203
f 5190 5203 5202
f 5191 5192 5204
f 5191 5204 5203
f 5192 5193 5205
f 5192 5205 5204
f 5193 5194 5206
f 5193 5206 5205
f 5194 5195 5207
f 5194 5207 5206
f 5195 5196 5208
f 5195 5208 5207
f 5196 5185 5197
f 5196 5197 5208
f 5197 5198 5210
f 5197 5210 5209
f 5198 5199 5211
f 5198 5211 5210
f 5199 5200 5212
f 5199 5212 5211
f 5200 5201 5213
f 5200 5213 5212
f 5201 5202 5214
f 5201 5214 5213
f 5202 5203 5215
f 5202 5215 5214
f 5203 5204 5216
f 5203 5216 5215
f 5204 5205 5217
f 5204 5217 5216
f 5205 5206 5218
f 5205 5218 5217
f 5206 5207 5219
f 5206 5219 5218
f 5207 5208 5220
f 5207 5220 5219
f 5208 5197 5209
f 5208 5209 5220
f 5209 5210 5222
f 5209 5222 5221
f 5210 5211 5223
f 5210 5223 5222
f 5211 5212 5224
f 5211 5224 5223
f 5212 5213 5225
f 5212 5225 5224
f 5213 5214 5226
f 5213 5226 5225
f 5214 5215 5227
f 5214 5227 5226
f 5215 5216 5228
f 5215 5228 5227
f 5216 5217 5229
f 5216 5229 5228
f 5217 5218 5230
f 5217 5230 5229
f 5218 5219 5231
f 5218 5231 5230
f 5219 5220 5232
f 5219 5232 5231
f 5220 5209 5221
f 5220 5221 5232
f 5221 5222 5234
f 5221 5234 5233
f 5222 5223 5235
f 5222 5235 5234
f 5223 5224 5236
f 5223 5236 5235
f 5224 5225 5237
f 5224 5237 5236
f 5225 5226 5238
f 5225 5238 5237
f 5226 5227 5239
f 5226 5239 5238
f 5227 5228 5240
f 5227 5240 5239
f 5228 5229 5241
f 5228 5241 5240
f 5229 5230 5242
f 5229 5242 5241
f 5230 5231 5243
f 5230 5243 5242
f 5231 5232 5244
f 5231 5244 5243
f 5232 5221 5233
f 5232 5233 5244
f 5233 5234 5246
f 5233 5246 5245
f 5234 5235 5247
f 5234 5247 5246
f 5235 5236 5248
f 5235 5248 5247
f 5236 5237 5249
f 5236 5249 5248
f 5237 5238 5250
f 5237 5250 5249
f 5238 5239 5251
f 5238 5251 5250
f 5239 5240 5252
f 5239 5252 5251
f 5240 5241 5253
f 5240 5253 5252
f 5241 5242 5254
f 5241 5254 5253
f 5242 5243 5255
f 5242 5255 5254
f 5243 5244 5256
f 5243 5256 5255
f 5244 5233 5245
f 5244 5245 5256
f 5245 5246 5258
f 5245 5258 5257
f 5246 5247 5259
f 5246 5259 5258
f 5247 5248 5260
f 5247 5260 5259
f 5248 5249 5261
f 5248 5261 5260
f 5249 5250 5262
f 5249 5262 5261
f 5250 5251 5263
f 5250 5263 5262
f 5251 5252 5264
f 5251 5264 5263
f 5252 5253 5265
f 5252 5265 5264
f 5253 5254 5266
f 5253 5266 5265
f 5254 5255 5267
f 5254 5267 5266
f 5255 5256 5268
f 5255 5268 5267
f 5256 5245 5257
f 5256 5257 5268
f 5257 5258 5270
f 5257 5270 5269
f 5258 5259 5271
f 5258 5271 5270
f 5259 5260 5272
f 5259 5272 5271
f 5260 5261 5273
f 5260 5273 5272
f 5261 5262 5274
f 5261 5274 5273
f 5262 5263 5275
f 5262 5275 5274
f 5263 5264 5276
f 5263 5276 5275
f 5264 5265 5277
f 5264 5277 5276
f 5265 5266 5278
f 5265 5278 5277
f 5266 5267 5279
f 5266 5279 5278
f 5267 5268 5280
f 5267 5280 5279
f 5268 5257 5269
f 5268 5269 5280
f 5269 5270 5282
f 5269 5282 5281
f 5270 5271 5283
f 5270 5283 5282
f 5271 5272 5284
f 5271 5284 5283
f 5272 5273 5285
f 5272 5285 5284
f 5273 5274 5286
f 5273 5286 5285
f 5274 5275 5287
f 5274 5287 5286
f 5275 5276 5288
f 5275 5288 5287
f 5276 5277 5289
f 5276 5289 5288
f 5277 5278 5290
f 5277 5290 5289
f 5278 5279 5291
f 5278 5291 5290
f 5279 5280 5292
f 5279 5292 5291
f 5280 5269 5281
f 5280 5281 5292
f 5281 5282 5294
f 5281 5294 5293
f 5282 5283 5295
f 5282 5295 5294
f 5283 5284 5296
f 5283 5296 5295
f 5284 5285 5297
f 5284 5297 5296
f 5285 5286 5298
f 5285 5298 5297
f 5286 5287 5299
f 5286 5299 5298
f 5287 5288 5300
f 5287 5300 5299
f 5288 5289 5301
f 5288 5301 5300
f 5289 5290 5302
f 5289 5302 5301
f 5290 5291 5303
f 5290 5303 5302
f 5291 5292 5304
f 5291 5304 5303
f 5292 5281 5293
f 5292 5293 5304
f 5293 5294 5306
f 5293 5306 5305
f 5294 5295 5307
f 5294 5307 5306
f 5295 5296 5308
f 5295 5308 5307
f 5296 5297 5309
f 5296 5309 5308
f 5297 5298 5310
f 5297 5310 5309
f 5298 5299 5311
f 5298 5311 5310
f 5299 5300 5312
f 5299 5312 5311
f 5300 5301 5313
f 5300 5313 5312
f 5301 5302 5314
f 5301 5314 5313
f 5302 5303 5315
f 5302 5315 5314
f 5303 5304 5316
f 5303 5316 5315
f 5304 5293 5305
f 5304 5305 5316
f 5305 5306 5318
f 5305 5318 5317
f 5306 5307 5319
f 5306 5319 5318
f 5307 5308 5320
f 5307 5320 5319
f 5308 5309 5321
f 5308 5321 5320
f 5309 5310 5322
f 5309 5322 5321
f 5310 5311 5323
f 5310 5323 5322
f 5311 5312 5324
f 5311 5324 5323
f 5312 5313 5325
f 5312 5325 5324
f 5313 5314 5326
f 5313 5326 5325
f 5314 5315 5327
f 5314 5327 5326
f 5315 5316 5328
f 5315 5328 5327
f 5316 5305 5317
f 5316 5317 5328
f 5317 5318 5330
f 5317 5330 5329
f 5318 5319 5331
f 5318 5331 5330
f 5319 5320 5332
f 5319 5332 5331
f 5320 5321 5333
f 5320 5333 5332
f 5321 5322 5334
f 5321 5334 5333
f 5322 5323 5335
f 5322 5335 5334
f 5323 5324 5336
f 5323 5336 5335
f 5324 5325 5337
f 5324 5337 5336
f 5325 5326 5338
f 5325 5338 5337
f 5326 5327 5339
f 5326 5339 5338
f 5327 5328 5340
f 5327 5340 5339
f 5328 5317 5329
f 5328 5329 5340
f 5329 5330 5342
f 5329 5342 5341
f 5330 5331 5343
f 5330 5343 5342
f 5331 5332 5344
f 5331 5344 5343
f 5332 5333 5345
f 5332 5345 5344
f 5333 5334 5346
f 5333 5346 5345
f 5334 5335 5347
f 5334 5347 5346
f 5335 5336 5348
f 5335 5348 5347
f 5336 5337 5349
f 5336 5349 5348
f 5337 5338 5350
f 5337 5350 5349
f 5338 5339 5351
f 5338 5351 5350
f 5339 5340 5352
f 5339 5352 5351
f 5340 5329 5341
f 5340 5341 5352
f 5341 5342 5354
f 5341 5354 5353
f 5342 5343 5355
f 5342 5355 5354
f 5343 5344 5356
f 5343 5356 5355
f 5344 5345 5357
f 5344 5357 5356
f 5345 5346 5358
f 5345 5358 5357
f 5346 5347 5359
f 5346 5359 5358
f 5347 5348 5360
f 5347 5360 5359
f 5348 5349 5361
f 5348 5361 5360
f 5349 5350 5362
f 5349 5362 5361
f 5350 5351 5363
f 5350 5363 5362
f 5351 5352 5364
f 5351 5364 5363
f 5352 5341 5353
f 5352 5353 5364
f 5353 5354 5366
f 5353 5366 5365
f 5354 5355 5367
f 5354 5367 5366
f 5355 5356 5368
f 5355 5368 5367
f 5356 5357 5369
f 5356 5369 5368
f 5357 5358 5370
f 5357 5370 5369
f 5358 5359 5371
f 5358 5371 5370
f 5359 5360 5372
f 5359 5372 5371
f 5360 5361 5373
f 5360 5373 5372
f 5361 5362 5374
f 5361 5374 5373
f 5362 5363 5375
f 5362 5375 5374
f 5363 5364 5376
f 5363 5376 5375
f 5364 5353 5365
f 5364 5365 5376
f 5365 5366 5378
f 5365 5378 5377
f 5366 5367 5379
f 5366 5379 5378
f 5367 5368 5380
f 5367 5380 5379
f 5368 5369 5381
f 5368 5381 5380
f 5369 5370 5382
f 5369 5382 5381
f 5370 5371 5383
f 5370 5383 5382
f 5371 5372 5384
f 5371 5384 5383
f 5372 5373 5385
f 5372 5385 5384
f 5373 5374 5386
f 5373 5386 5385
f 5374 5375 5387
f 5374 5387 5386
f 5375 5376 5388
f 5375 5388 5387
f 5376 5365 5377
f 5376 5377 5388
f 5377 5378 5390
f 5377 5390 5389
f 5378 5379 5391
f 5378 5391 5390
f 5379 5380 5392
f 5379 5392 5391
f 5380 5381 5393
f 5380 5393 5392
f 5381 5382 5394
f 5381 5394 5393
f 5382 5383 5395
f 5382 5395 5394
f 5383 5384 5396
f 5383 5396 5395
f 5384 5385 5397
f 5384 5397 5396
f 5385 5386 5398
f 5385 5398 5397
f 5386 5387 5399
f 5386 5399 5398
f 5387 5388 5400
f 5387 5400 5399
f 5388 5377 5389
f 5388 5389 5400
f 5389 5390 5402
f 5389 5402 5401
f 5390 5391 5403
f 5390 5403 5402
f 5391 5392 5404
f 5391 5404 5403
f 5392 5393 5405
f 5392 5405 5404
f 5393 5394 5406
f 5393 5406 5405
f 5394 5395 5407
f 5394 5407 5406
f 5395 5396 5408
f 5395 5408 5407
f 5396 5397 5409
f 5396 5409 5408
f 5397 5398 5410
f 5397 5410 5409
f 5398 5399 5411
f 5398 5411 5410
f 5399 5400 5412
f 5399 5412 5411
f 5400 5389 5401
f 5400 5401 5412
f 5401 5402 5414
f 5401 5414 5413
f 5402 5403 5415
f 5402 5415 5414
f 5403 5404 5416
f 5403 5416 5415
f 5404 5405 5417
f 5404 5417 5416
f 5405 5406 5418
f 5405 5418 5417
f 5406 5407 5419
f 5406 5419 5418
f 5407 5408 5420
f 5407 5420 5419
f 5408 5409 5421
f 5408 5421 5420
f 5409 5410 5422
f 5409 5422 5421
f 5410 5411 5423
f 5410 5423 5422
f 5411 5412 5424
f 5411 5424 5423
f 5412 5401 5413
f 5412 5413 5424
f 5413 5414 5426
f 5413 5426 5425
f 5414 5415 5427
f 5414 5427 5426
f 5415 5416 5428
f 5415 5428 5427
f 5416 5417 5429
f 5416 5429 5428
f 5417 5418 5430
f 5417 5430 5429
f 5418 5419 5431
f 5418 5431 5430
f 5419 5420 5432
f 5419 5432 5431
f 5420 5421 5433
f 5420 5433 5432
f 5421 5422 5434
f 5421 5434 5433
f 5422 5423 5435
f 5422 5435 5434
f 5423 5424 5436
f 5423 5436 5435
f 5424 5413 5425
f 5424 5425 5436
f 5425 5426 5438
f 5425 5438 5437
f 5426 5427 5439
f 5426 5439 5438
f 5427 5428 5440
f 5427 5440 5439
f 5428 5429 5441
f 5428 5441 5440
f 5429 5430 5442
f 5429 5442 5441
f 5430 5431 5443
f 5430 5443 5442
f 5431 5432 5444
f 5431 5444 5443
f 5432 5433 5445
f 5432 5445 5444
f 5433 5434 5446
f 5433 5446 5445
f 5434 5435 5447
f 5434 5447 5446
f 5435 5436 5448
f 5435 5448 5447
f 5436 5425 5437
f 5436 5437 5448
f 5437 5438 5450
f 5437 5450 5449
f 5438 5439 5451
f 5438 5451 5450
f 5439 5440 5452
f 5439 5452 5451
f 5440 5441 5453
f 5440 5453 5452
f 5441 5442 5454
f 5441 5454 5453
f 5442 5443 5455
f 5442 5455 5454
f 5443 5444 5456
f 5443 5456 5455
f 5444 5445 5457
f 5444 5457 5456
f 5445 5446 5458
f 5445 5458 5457
f 5446 5447 5459
f 5446 5459 5458
f 5447 5448 5460
f 5447 5460 5459
f 5448 5437 5449
f 5448 5449 5460
f 5449 5450 5462
f 5449 5462 5461
f 5450 5451 5463
f 5450 5463 5462
f 5451 5452 5464
f 5451 5464 5463
f 5452 5453 5465
f 5452 5465 5464
f 5453 5454 5466
f 5453 5466 5465
f 5454 5455 5467
f 5454 5467 5466
f 5455 5456 5468
f 5455 5468 5467
f 5456 5457 5469
f 5456 5469 5468
f 5457 5458 5470
f 5457 5470 5469
f 5458 5459 5471
f 5458 5471 5470
f 5459 5460 5472
f 5459 5472 5471
f 5460 5449 5461
f 5460 5461 5472
f 5461 5462 5474
f 5461 5474 5473
f 5462 5463 5475
f 5462 5475 5474
f 5463 5464 5476
f 5463 5476 5475
f 5464 5465 5477
f 5464 5477 5476
f 5465 5466 5478
f 5465 5478 5477
f 5466 5467 5479
f 5466 5479 5478
f 5467 5468 5480
f 5467 5480 5479
f 5468 5469 5481
f 5468 5481 5480
f 5469 5470 5482
f 5469 5482 5481
f 5470 5471 5483
f 5470 5483 5482
f 5471 5472 5484
f 5471 5484 5483
f 5472 5461 5473
f 5472 5473 5484
f 5473 5474 5486
f 5473 5486 5485
f 5474 5475 5487
f 5474 5487 5486
f 5475 5476 5488
f 5475 5488 5487
f 5476 5477 5489
f 5476 5489 5488
f 5477 5478 5490
f 5477 5490 5489
f 5478 5479 5491
f 5478 5491 5490
f 5479 5480 5492
f 5479 5492 5491
f 5480 5481 5493
f 5480 5493 5492
f 5481 5482 5494
f 5481 5494 5493
f 5482 5483 5495
f 5482 5495 5494
f 5483 5484 5496
f 5483 5496 5495
f 5484 5473 5485
f 5484 5485 5496
f 5485 5486 5498
f 5485 5498 5497
f 5486 5487 5499
f 5486 5499 5498
f 5487 5488 5500
f 5487 5500 5499
f 5488 5489 5501
f 5488 5501 5500
f 5489 5490 5502
f 5489 5502 5501
f 5490 5491 5503
f 5490 5503 5502
f 5491 5492 5504
f 5491 5504 5503
f 5492 5493 5505
f 5492 5505 5504
f 5493 5494 5506
f 5493 5506 5505
f 5494 5495 5507
f 5494 5507 5506
f 5495 5496 5508
f 5495 5508 5507
f 5496 5485 5497
f 5496 5497 5508
f 5497 5498 5510
f 5497 5510 5509
f 5498 5499 5511
f 5498 5511 5510
f 5499 5500 5512
f 5499 5512 5511
f 5500 5501 5513
f 5500 5513 5512
f 5501 5502 5514
f 5501 5514 5513
f 5502 5503 5515
f 5502 5515 5514
f 5503 5504 5516
f 5503 5516 5515
f 5504 5505 5517
f 5504 5517 5516
f 5505 5506 5518
f 5505 5518 5517
f 5506 5507 5519
f 5506 5519 5518
f 5507 5508 5520
f 5507 5520 5519
f 5508 5497 5509
f 5508 5509 5520
f 5509 5510 5522
f 5509 5522 5521
f 5510 5511 5523
f 5510 5523 5522
f 5511 5512 5524
f 5511 5524 5523
f 5512 5513 5525
f 5512 5525 5524
f 5513 5514 5526
f 5513 5526 5525
f 5514 5515 5527
f 5514 5527 5526
f 5515 5516 5528
f 5515 5528 5527
f 5516 5517 5529
f 5516 5529 5528
f 5517 5518 5530
f 5517 5530 5529
f 5518 5519 5531
f 5518 5531 5530
f 5519 5520 5532
f 5519 5532 5531
f 5520 5509 5521
f 5520 5521 5532
f 5521 5522 5534
f 5521 5534 5533
f 5522 5523 5535
f 5522 5535 5534
f 5523 5524 5536
f 5523 5536 5535
f 5524 5525 5537
f 5524 5537 5536
f 5525 5526 5538
f 5525 5538 5537
f 5526 5527 5539
f 5526 5539 5538
f 5527 5528 5540
f 5527 5540 5539
f 5528 5529 5541
f 5528 5541 5540
f 5529 5530 5542
f 5529 5542 5541
f 5530 5531 5543
f 5530 5543 5542
f 5531 5532 5544
f 5531 5544 5543
f 5532 5521 5533
f 5532 5533 5544
f 5533 5534 5546
f 5533 5546 5545
f 5534 5535 5547
f 5534 5547 5546
f 5535 5536 5548
f 5535 5548 5547
f 5536 5537 5549
f 5536 5549 5548
f 5537 5538 5550
f 5537 5550 5549
f 5538 5539 5551
f 5538 5551 5550
f 5539 5540 5552
f 5539 5552 5551
f 5540 5541 5553
f 5540 5553 5552
f 5541 5542 5554
f 5541 5554 5553
f 5542 5543 5555
f 5542 5555 5554
f 5543 5544 5556
f 5543 5556 5555
f 5544 5533 5545
f 5544 5545 5556
f 5545 5546 5558
f 5545 5558 5557
f 5546 5547 5559
f 5546 5559 5558
f 5547 5548 5560
f 5547 5560 5559
f 5548 5549 5561
f 5548 5561 5560
f 5549 5550 5562
f 5549 5562 5561
f 5550 5551 5563
f 5550 5563 5562
f 5551 5552 5564
f 5551 5564 5563
f 5552 5553 5565
f 5552 5565 5564
f 5553 5554 5566
f 5553 5566 5565
f 5554 5555 5567
f 5554 5567 5566
f 5555 5556 5568
f 5555 5568 5567
f 5556 5545 5557
f 5556 5557 5568
f 5557 5558 5570
f 5557 5570 5569
f 5558 5559 5571
f 5558 5571 5570
f 5559 5560 5572
f 5559 5572 5571
f 5560 5561 5573
f 5560 5573 5572
f 5561 5562 5574
f 5561 5574 5573
f 5562 5563 5575
f 5562 5575 5574
f 5563 5564 5576
f 5563 5576 5575
f 5564 5565 5577
f 5564 5577 5576
f 5565 5566 5578
f 5565 5578 5577
f 5566 5567 5579
f 5566 5579 5578
f 5567 5568 5580
f 5567 5580 5579
f 5568 5557 5569
f 5568 5569 5580
f 5569 5570 5582
f 5569 5582 5581
f 5570 5571 5583
f 5570 5583 5582
f 5571 5572 5584
f 5571 5584 5583
f 5572 5573 5585
f 5572 5585 5584
f 5573 5574 5586
f 5573 5586 5585
f 5574 5575 5587
f 5574 5587 5586
f 5575 5576 5588
f 5575 5588 5587
f 5576 5577 5589
f 5576 5589 5588
f 5577 5578 5590
f 5577 5590 5589
f 5578 5579 5591
f 5578 5591 5590
f 5579 5580 5592
f 5579 5592 5591
f 5580 5569 5581
f 5580 5581 5592
f 5581 5582 5594
f 5581 5594 5593
f 5582 5583 5595
f 5582 5595 5594
f 5583 5584 5596
f 5583 5596 5595
f 5584 5585 5597
f 5584 5597 5596
f 5585 5586 5598
f 5585 5598 5597
f 5586 5587 5599
f 5586 5599 5598
f 5587 5588 5600
f 5587 5600 5599
f 5588 5589 5601
f 5588 5601 5600
f 5589 5590 5602
f 5589 5602 5601
f 5590 5591 5603
f 5590 5603 5602
f 5591 5592 5604
f 5591 5604 5603
f 5592 5581 5593
f 5592 5593 5604
f 5593 5594 5606
f 5593 5606 5605
f 5594 5595 5607
f 5594 5607 5606
f 5595 5596 5608
f 5595 5608 5607
f 5596 5597 5609
f 5596 5609 5608
f 5597 5598 5610
f 5597 5610 5609
f 5598 5599 5611
f 5598 5611 5610
f 5599 5600 5612
f 5599 5612 5611
f 5600 5601 5613
f 5600 5613 5612
f 5601 5602 5614
f 5601 5614 5613
f 5602 5603 5615
f 5602 5615 5614
f 5603 5604 5616
f 5603 5616 5615
f 5604 5593 5605
f 5604 5605 5616
f 5605 5606 5618
f 5605 5618 5617
f 5606 5607 5619
f 5606 5619 5618
f 5607 5608 5620
f 5607 5620 5619
f 5608 5609 5621
f 5608 5621 5620
f 5609 5610 5622
f 5609 5622 5621
f 5610 5611 5623
f 5610 5623 5622
f 5611 5612 5624
f 5611 5624 5623
f 5612 5613 5625
f 5612 5625 5624
f 5613 5614 5626
f 5613 5626 5625
f 5614 5615 5627
f 5614 5627 5626
f 5615 5616 5628
f 5615 5628 5627
f 5616 5605 5617
f 5616 5617 5628
f 5617 5618 5630
f 5617 5630 5629
f 5618 5619 5631
f 5618 5631 5630
f 5619 5620 5632
f 5619 5632 5631
f 5620 5621 5633
f 5620 5633 5632
f 5621 5622 5634
f 5621 5634 5633
f 5622 5623 5635
f 5622 5635 5634
f 5623 5624 5636
f 5623 5636 5635
f 5624 5625 5637
f 5624 5637 5636
f 5625 5626 5638
f 5625 5638 5637
f 5626 5627 5639
f 5626 5639 5638
f 5627 5628 5640
f 5627 5640 5639
f 5628 5617 5629
f 5628 5629 5640
f 5629 5630 5642
f 5629 5642 5641
f 5630 5631 5643
f 5630 5643 5642
f 5631 5632 5644
f 5631 5644 5643
f 5632 5633 5645
f 5632 5645 5644
f 5633 5634 5646
f 5633 5646 5645
f 5634 5635 5647
f 5634 5647 5646
f 5635 5636 5648
f 5635 5648 5647
f 5636 5637 5649
f 5636 5649 5648
f 5637 5638 5650
f 5637 5650 5649
f 5638 5639 5651
f 5638 5651 5650
f 5639 5640 5652
f 5639 5652 5651
f 5640 5629 5641
f 5640 5641 5652
f 5641 5642 5654
f 5641 5654 5653
f 5642 5643 5655
f 5642 5655 5654
f 5643 5644 5656
f 5643 5656 5655
f 5644 5645 5657
f 5644 5657 5656
f 5645 5646 5658
f 5645 5658 5657
f 5646 5647 5659
f 5646 5659 5658
f 5647 5648 5660
f 5647 5660 5659
f 5648 5649 5661
f 5648 5661 5660
f 5649 5650 5662
f 5649 5662 5661
f 5650 5651 5663
f 5650 5663 5662
f 5651 5652 5664
f 5651 5664 5663
f 5652 5641 5653
f 5652 5653 5664
f 5653 5654 5666
f 5653 5666 5665
f 5654 5655 5667
f 5654 5667 5666
f 5655 5656 5668
f 5655 5668 5667
f 5656 5657 5669
f 5656 5669 5668
f 5657 5658 5670
f 5657 5670 5669
f 5658 5659 5671
f 5658 5671 5670
f 5659 5660 5672
f 5659 5672 5671
f 5660 5661 5673
f 5660 5673 5672
f 5661 5662 5674
f 5661 5674 5673
f 5662 5663 5675
f 5662 5675 5674
f 5663 5664 5676
f 5663 5676 5675
f 5664 5653 5665
f 5664 5665 5676
f 5665 5666 5678
f 5665 5678 5677
f 5666 5667 5679
f 5666 5679 5678
f 5667 5668 5680
f 5667 5680 5679
f 5668 5669 5681
f 5668 5681 5680
f 5669 5670 5682
f 5669 5682 5681
f 5670 5671 5683
f 5670 5683 5682
f 5671 5672 5684
f 5671 5684 5683
f 5672 5673 5685
f 5672 5685 5684
f 5673 5674 5686
f 5673 5686 5685
f 5674 5675 5687
f 5674 5687 5686
f 5675 5676 5688
f 5675 5688 5687
f 5676 5665 5677
f 5676 5677 5688
f 5677 5678 5690
f 5677 5690 5689
f 5678 5679 5691
f 5678 5691 5690
f 5679 5680 5692
f 5679 5692 5691
f 5680 5681 5693
f 5680 5693 5692
f 5681 5682 5694
f 5681 5694 5693
f 5682 5683 5695
f 5682 5695 5694
f 5683 5684 5696
f 5683 5696 5695
f 5684 5685 5697
f 5684 5697 5696
f 5685 5686 5698
f 5685 5698 5697
f 5686 5687 5699
f 5686 5699 5698
f 5687 5688 5700
f 5687 5700 5699
f 5688 5677 5689
f 5688 5689 5700
f 5689 5690 5702
f 5689 5702 5701
f 5690 5691 5703
f 5690 5703 5702
f 5691 5692 5704
f 5691 5704 5703
f 5692 5693 5705
f 5692 5705 5704
f 5693 5694 5706
f 5693 5706 5705
f 5694 5695 5707
f 5694 5707 5706
f 5695 5696 5708
f 5695 5708 5707
f 5696 5697 5709
f 5696 5709 5708
f 5697 5698 5710
f 5697 5710 5709
f 5698 5699 5711
f 5698 5711 5710
f 5699 5700 5712
f 5699 5712 5711
f 5700 5689 5701
f 5700 5701 5712
f 5701 5702 5714
f 5701 5714 5713
f 5702 5703 5715
f 5702 5715 5714
f 5703 5704 5716
f 5703 5716 5715
f 5704 5705 5717
f 5704 5717 5716
f 5705 5706 5718
f 5705 5718 5717
f 5706 5707 5719
f 5706 5719 5718
f 5707 5708 5720
f 5707 5720 5719
f 5708 5709 5721
f 5708 5721 5720
f 5709 5710 5722
f 5709 5722 5721
f 5710 5711 5723
f 5710 5723 5722
f 5711 5712 5724
f 5711 5724 5723
f 5712 5701 5713
f 5712 5713 5724
f 5713 5714 5726
f 5713 5726 5725
f 5714 5715 5727
f 5714 5727 5726
f 5715 5716 5728
f 5715 5728 5727
f 5716 5717 5729
f 5716 5729 5728
f 5717 5718 5730
f 5717 5730 5729
f 5718 5719 5731
f 5718 5731 5730
f 5719 5720 5732
f 5719 5732 5731
f 5720 5721 5733
f 5720 5733 5732
f 5721 5722 5734
f 5721 5734 5733
f 5722 5723 5735
f 5722 5735 5734
f 5723 5724 5736
f 5723 5736 5735
f 5724 5713 5725
f 5724 5725 5736
f 5725 5726 5738
f 5725 5738 5737
f 5726 5727 5739
f 5726 5739 5738
f 5727 5728 5740
f 5727 5740 5739
f 5728 5729 5741
f 5728 5741 5740
f 5729 5730 5742
f 5729 5742 5741
f 5730 5731 5743
f 5730 5743 5742
f 5731 5732 5744
f 5731 5744 5743
f 5732 5733 5745
f 5732 5745 5744
f 5733 5734 5746
f 5733 5746 5745
f 5734 5735 5747
f 5734 5747 5746
f 5735 5736 5748
f 5735 5748 5747
f 5736 5725 5737
f 5736 5737 5748
f 5737 5738 5750
f 5737 5750 5749
f 5738 5739 5751
f 5738 5751 5750
f 5739 5740 5752
f 5739 5752 5751
f 5740 5741 5753
f 5740 5753 5752
f 5741 5742 5754
f 5741 5754 5753
f 5742 5743 5755
f 5742 5755 5754
f 5743 5744 5756
f 5743 5756 5755
f 5744 5745 5757
f 5744 5757 5756
f 5745 5746 5758
f 5745 5758 5757
f 5746 5747 5759
f 5746 5759 5758
f 5747 5748 5760
f 5747 5760 5759
f 5748 5737 5749
f 5748 5749 5760
f 5749 5750 5762
f 5749 5762 5761
f 5750 5751 5763
f 5750 5763 5762
f 5751 5752 5764
f 5751 5764 5763
f 5752 5753 5765
f 5752 5765 5764
f 5753 5754 5766
f 5753 5766 5765
f 5754 5755 5767
f 5754 5767 5766
f 5755 5756 5768
f 5755 5768 5767
f 5756 5757 5769
f 5756 5769 5768
f 5757 5758 5770
f 5757 5770 5769
f 5758 5759 5771
f 5758 5771 5770
f 5759 5760 5772
f 5759 5772 5771
f 5760 5749 5761
f 5760 5761 5772
f 5761 5762 5774
f 5761 5774 5773
f 5762 5763 5775
f 5762 5775 5774
f 5763 5764 5776
f 5763 5776 5775
f 5764 5765 5777
f 5764 5777 5776
f 5765 5766 5778
f 5765 5778 5777
f 5766 5767 5779
f 5766 5779 5778
f 5767 5768 5780
f 5767 5780 5779
f 5768 5769 5781
f 5768 5781 5780
f 5769 5770 5782
f 5769 5782 5781
f 5770 5771 5783
f 5770 5783 5782
f 5771 5772 5784
f 5771 5784 5783
f 5772 5761 5773
f 5772 5773 5784
f 5773 5774 5786
f 5773 5786 5785
f 5774 5775 5787
f 5774 5787 5786
f 5775 5776 5788
f 5775 5788 5787
f 5776 5777 5789
f 5776 5789 5788
f 5777 5778 5790
f 5777 5790 5789
f 5778 5779 5791
f 5778 5791 5790
f 5779 5780 5792
f 5779 5792 5791
f 5780 5781 5793
f 5780 5793 5792
f 5781 5782 5794
f 5781 5794 5793
f 5782 5783 5795
f 5782 5795 5794
f 5783 5784 5796
f 5783 5796 5795
f 5784 5773 5785
f 5784 5785 5796
f 5785 5786 5798
f 5785 5798 5797
f 5786 5787 5799
f 5786 5799 5798
f 5787 5788 5800
f 5787 5800 5799
f 5788 5789 5801
f 5788 5801 5800
f 5789 5790 5802
f 5789 5802 5801
f 5790 5791 5803
f 5790 5803 5802
f 5791 5792 5804
f 5791 5804 5803
f 5792 5793 5805
f 5792 5805 5804
f 5793 5794 5806
f 5793 5806 5805
f 5794 5795 5807
f 5794 5807 5806
f 5795 5796 5808
f 5795 5808 5807
f 5796 5785 5797
f 5796 5797 5808
f 5797 5798 5810
f 5797 5810 5809
f 5798 5799 5811
f 5798 5811 5810
f 5799 5800 5812
f 5799 5812 5811
f 5800 5801 5813
f 5800 5813 5812
f 5801 5802 5814
f 5801 5814 5813
f 5802 5803 5815
f 5802 5815 5814
f 5803 5804 5816
f 5803 5816 5815
f 5804 5805 5817
f 5804 5817 5816
f 5805 5806 5818
f 5805 5818 5817
f 5806 5807 5819
f 5806 5819 5818
f 5807 5808 5820
f 5807 5820 5819
f 5808 5797 5809
f 5808 5809 5820
f 5809 5810 5822
f 5809 5822 5821
f 5810 5811 5823
f 5810 5823 5822
f 5811 5812 5824
f 5811 5824 5823
f 5812 5813 5825
f 5812 5825 5824
f 5813 5814 5826
f 5813 5826 5825
f 5814 5815 5827
f 5814 5827 5826
f 5815 5816 5828
f 5815 5828 5827
f 5816 5817 5829
f 5816 5829 5828
f 5817 5818 5830
f 5817 5830 5829
f 5818 5819 5831
f 5818 5831 5830
f 5819 5820 5832
f 5819 5832 5831
f 5820 5809 5821
f 5820 5821 5832
f 5821 5822 5834
f 5821 5834 5833
f 5822 5823 5835
f 5822 5835 5834
f 5823 5824 5836
f 5823 5836 5835
f 5824 5825 5837
f 5824 5837 5836
f 5825 5826 5838
f 5825 5838 5837
f 5826 5827 5839
f 5826 5839 5838
f 5827 5828 5840
f 5827 5840 5839
f 5828 5829 5841
f 5828 5841 5840
f 5829 5830 5842
f 5829 5842 5841
f 5830 5831 5843
f 5830 5843 5842
f 5831 5832 5844
f 5831 5844 5843
f 5832 5821 5833
f 5832 5833 5844
f 5833 5834 5846
f 5833 5846 5845
f 5834 5835 5847
f 5834 5847 5846
f 5835 5836 5848
f 5835 5848 5847
f 5836 5837 5849
f 5836 5849 5848
f 5837 5838 5850
f 5837 5850 5849
f 5838 5839 5851
f 5838 5851 5850
f 5839 5840 5852
f 5839 5852 5851
f 5840 5841 5853
f 5840 5853 5852
f 5841 5842 5854
f 5841 5854 5853
f 5842 5843 5855
f 5842 5855 5854
f 5843 5844 5856
f 5843 5856 5855
f 5844 5833 5845
f 5844 5845 5856
f 5845 5846 5858
f 5845 5858 5857
f 5846 5847 5859
f 5846 5859 5858
f 5847 5848 5860
f 5847 5860 5859
f 5848 5849 5861
f 5848 5861 5860
f 5849 5850 5862
f 5849 5862 5861
f 5850 5851 5863
f 5850 5863 5862
f 5851 5852 5864
f 5851 5864 5863
f 5852 5853 5865
f 5852 5865 5864
f 5853 5854 5866
f 5853 5866 5865
f 5854 5855 5867
f 5854 5867 5866
f 5855 5856 5868
f 5855 5868 5867
f 5856 5845 5857
f 5856 5857 5868
f 5857 5858 5870
f 5857 5870 5869
f 5858 5859 5871
f 5858 5871 5870
f 5859 5860 5872
f 5859 5872 5871
f 5860 5861 5873
f 5860 5873 5872
f 5861 5862 5874
f 5861 5874 5873
f 5862 5863 5875
f 5862 5875 5874
f 5863 5864 5876
f 5863 5876 5875
f 5864 5865 5877
f 5864 5877 5876
f 5865 5866 5878
f 5865 5878 5877
f 5866 5867 5879
f 5866 5879 5878
f 5867 5868 5880
f 5867 5880 5879
f 5868 5857 5869
f 5868 5869 5880
f 5869 5870 5882
f 5869 5882 5881
f 5870 5871 5883
f 5870 5883 5882
f 5871 5872 5884
f 5871 5884 5883
f 5872 5873 5885
f 5872 5885 5884
f 5873 5874 5886
f 5873 5886 5885
f 5874 5875 5887
f 5874 5887 5886
f 5875 5876 5888
f 5875 5888 5887
f 5876 5877 5889
f 5876 5889 5888
f 5877 5878 5890
f 5877 5890 5889
f 5878 5879 5891
f 5878 5891 5890
f 5879 5880 5892
f 5879 5892 5891
f 5880 5869 5881
f 5880 5881 5892
f 5881 5882 5894
f 5881 5894 5893
f 5882 5883 5895
f 5882 5895 5894
f 5883 5884 5896
f 5883 5896 5895
f 5884 5885 5897
f 5884 5897 5896
f 5885 5886 5898
f 5885 5898 5897
f 5886 5887 5899
f 5886 5899 5898
f 5887 5888 5900
f 5887 5900 5899
f 5888 5889 5901
f 5888 5901 5900
f 5889 5890 5902
f 5889 5902 5901
f 5890 5891 5903
f 5890 5903 5902
f 5891 5892 5904
f 5891 5904 5903
f 5892 5881 5893
f 5892 5893 5904
f 5893 5894 5906
f 5893 5906 5905
f 5894 5895 5907
f 5894 5907 5906
f 5895 5896 5908
f 5895 5908 5907
f 5896 5897 5909
f 5896 5909 5908
f 5897 5898 5910
f 5897 5910 5909
f 5898 5899 5911
f 5898 5911 5910
f 5899 5900 5912
f 5899 5912 5911
f 5900 5901 5913
f 5900 5913 5912
f 5901 5902 5914
f 5901 5914 5913
f 5902 5903 5915
f 5902 5915 5914
f 5903 5904 5916
f 5903 5916 5915
f 5904 5893 5905
f 5904 5905 5916
f 5905 5906 5918
f 5905 5918 5917
f 5906 5907 5919
f 5906 5919 5918
f 5907 5908 5920
f 5907 5920 5919
f 5908 5909 5921
f 5908 5921 5920
f 5909 5910 5922
f 5909 5922 5921
f 5910 5911 5923
f 5910 5923 5922
f 5911 5912 5924
f 5911 5924 5923
f 5912 5913 5925
f 5912 5925 5924
f 5913 5914 5926
f 5913 5926 5925
f 5914 5915 5927
f 5914 5927 5926
f 5915 5916 5928
f 5915 5928 5927
f 5916 5905 5917
f 5916 5917 5928
f 5917 5918 5930
f 5917 5930 5929
f 5918 5919 5931
f 5918 5931 5930
f 5919 5920 5932
f 5919 5932 5931
f 5920 5921 5933
f 5920 5933 5932
f 5921 5922 5934
f 5921 5934 5933
f 5922 5923 5935
f 5922 5935 5934
f 5923 5924 5936
f 5923 5936 5935
f 5924 5925 5937
f 5924 5937 5936
f 5925 5926 5938
f 5925 5938 5937
f 5926 5927 5939
f 5926 5939 5938
f 5927 5928 5940
f 5927 5940 5939
f 5928 5917 5929
f 5928 5929 5940
f 5929 5930 5942
f 5929 5942 5941
f 5930 5931 5943
f 5930 5943 5942
f 5931 5932 5944
f 5931 5944 5943
f 5932 5933 5945
f 5932 5945 5944
f 5933 5934 5946
f 5933 5946 5945
f 5934 5935 5947
f 5934 5947 5946
f 5935 5936 5948
f 5935 5948 5947
f 5936 5937 5949
f 5936 5949 5948
f 5937 5938 5950
f 5937 5950 5949
f 5938 5939 5951
f 5938 5951 5950
f 5939 5940 5952
f 5939 5952 5951
f 5940 5929 5941
f 5940 5941 5952
f 5941 5942 5954
f 5941 5954 5953
f 5942 5943 5955
f 5942 5955 5954
f 5943 5944 5956
f 5943 5956 5955
f 5944 5945 5957
f 5944 5957 5956
f 5945 5946 5958
f 5945 5958 5957
f 5946 5947 5959
f 5946 5959 5958
f 5947 5948 5960
f 5947 5960 5959
f 5948 5949 5961
f 5948 5961 5960
f 5949 5950 5962
f 5949 5962 5961
f 5950 5951 5963
f 5950 5963 5962
f 5951 5952 5964
f 5951 5964 5963
f 5952 5941 5953
f 5952 5953 5964
f 5953 5954 5966
f 5953 5966 5965
f 5954 5955 5967
f 5954 5967 5966
f 5955 5956 5968
f 5955 5968 5967
f 5956 5957 5969
f 5956 5969 5968
f 5957 5958 5970
f 5957 5970 5969
f 5958 5959 5971
f 5958 5971 5970
f 5959 5960 5972
f 5959 5972 5971
f 5960 5961 5973
f 5960 5973 5972
f 5961 5962 5974
f 5961 5974 5973
f 5962 5963 5975
f 5962 5975 5974
f 5963 5964 5976
f 5963 5976 5975
f 5964 5953 5965
f 5964 5965 5976
f 5965 5966 5978
f 5965 5978 5977
f 5966 5967 5979
f 5966 5979 5978
f 5967 5968 5980
f 5967 5980 5979
f 5968 5969 5981
f 5968 5981 5980
f 5969 5970 5982
f 5969 5982 5981
f 5970 5971 5983
f 5970 5983 5982
f 5971 5972 5984
f 5971 5984 5983
f 5972 5973 5985
f 5972 5985 5984
f 5973 5974 5986
f 5973 5986 5985
f 5974 5975 5987
f 5974 5987 5986
f 5975 5976 5988
f 5975 5988 5987
f 5976 5965 5977
f 5976 5977 5988
f 5977 5978 5990
f 5977 5990 5989
f 5978 5979 5991
f 5978 5991 5990
f 5979 5980 5992
f 5979 5992 5991
f 5980 5981 5993
f 5980 5993 5992
f 5981 5982 5994
f 5981 5994 5993
f 5982 5983 5995
f 5982 5995 5994
f 5983 5984 5996
f 5983 5996 5995
f 5984 5985 5997
f 5984 5997 5996
f 5985 5986 5998
f 5985 5998 5997
f 5986 5987 5999
f 5986 5999 5998
f 5987 5988 6000
f 5987 6000 5999
f 5988 5977 5989
f 5988 5989 6000
f 5989 5990 6002
f 5989 6002 6001
f 5990 5991 6003
f 5990 6003 6002
f 5991 5992 6004
f 5991 6004 6003
f 5992 5993 6005
f 5992 6005 6004
f 5993 5994 6006
f 5993 6006 6005
f 5994 5995 6007
f 5994 6007 6006
f 5995 5996 6008
f 5995 6008 6007
f 5996 5997 6009
f 5996 6009 6008
f 5997 5998 6010
f 5997 6010 6009
f 5998 5999 6011
f 5998 6011 6010
f 5999 6000 6012
f 5999 6012 6011
f 6000 5989 6001
f 6000 6001 6012
f 6001 6002 6014
f 6001 6014 6013
f 6002 6003 6015
f 6002 6015 6014
f 6003 6004 6016
f 6003 6016 6015
f 6004 6005 6017
f 6004 6017 6016
f 6005 6006 6018
f 6005 6018 6017
f 6006 6007 6019
f 6006 6019 6018
f 6007 6008 6020
f 6007 6020 6019
f 6008 6009 6021
f 6008 6021 6020
f 6009 6010 6022
f 6009 6022 6021
f 6010 6011 6023
f 6010 6023 6022
f 6011 6012 6024
f 6011 6024 6023
f 6012 6001 6013
f 6012 6013 6024
f 6013 6014 6026
f 6013 6026 6025
f 6014 6015 6027
f 6014 6027 6026
f 6015 6016 6028
f 6015 6028 6027
f 6016 6017 6029
f 6016 6029 6028
f 6017 6018 6030
f 6017 6030 6029
f 6018 6019 6031
f 6018 6031 6030
f 6019 6020 6032
f 6019 6032 6031
f 6020 6021 6033
f 6020 6033 6032
f 6021 6022 6034
f 6021 6034 6033
f 6022 6023 6035
f 6022 6035 6034
f 6023 6024 6036
f 6023 6036 6035
f 6024 6013 6025
f 6024 6025 6036
f 6025 6026 6038
f 6025 6038 6037
f 6026 6027 6039
f 6026 6039 6038
f 6027 6028 6040
f 6027 6040 6039
f 6028 6029 6041
f 6028 6041 6040
f 6029 6030 6042
f 6029 6042 6041
f 6030 6031 6043
f 6030 6043 6042
f 6031 6032 6044
f 6031 6044 6043
f 6032 6033 6045
f 6032 6045 6044
f 6033 6034 6046
f 6033 6046 6045
f 6034 6035 6047
f 6034 6047 6046
f 6035 6036 6048
f 6035 6048 6047
f 6036 6025 6037
f 6036 6037 6048
f 6037 6038 6050
f 6037 6050 6049
f 6038 6039 6051
f 6038 6051 6050
f 6039 6040 6052
f 6039 6052 6051
f 6040 6041 6053
f 6040 6053 6052
f 6041 6042 6054
f 6041 6054 6053
f 6042 6043 6055
f 6042 6055 6054
f 6043 6044 6056
f 6043 6056 6055
f 6044 6045 6057
f 6044 6057 6056
f 6045 6046 6058
f 6045 6058 6057
f 6046 6047 6059
f 6046 6059 6058
f 6047 6048 6060
f 6047 6060 6059
f 6048 6037 6049
f 6048 6049 6060
f 6049 6050 6062
f 6049 6062 6061
f 6050 6051 6063
f 6050 6063 6062
f 6051 6052 6064
f 6051 6064 6063
f 6052 6053 6065
f 6052 6065 6064
f 6053 6054 6066
f 6053 6066 6065
f 6054 6055 6067
f 6054 6067 6066
f 6055 6056 6068
f 6055 6068 6067
f 6056 6057 6069
f 6056 6069 6068
f 6057 6058 6070
f 6057 6070 6069
f 6058 6059 6071
f 6058 6071 6070
f 6059 6060 6072
f 6059 6072 6071
f 6060 6049 6061
f 6060 6061 6072
f 6061 6062 6074
f 6061 6074 6073
f 6062 6063 6075
f 6062 6075 6074
f 6063 6064 6076
f 6063 6076 6075
f 6064 6065 6077
f 6064 6077 6076
f 6065 6066 6078
f 6065 6078 6077
f 6066 6067 6079
f 6066 6079 6078
f 6067 6068 6080
f 6067 6080 6079
f 6068 6069 6081
f 6068 6081 6080
f 6069 6070 6082
f 6069 6082 6081
f 6070 6071 6083
f 6070 6083 6082
f 6071 6072 6084
f 6071 6084 6083
f 6072 6061 6073
f 6072 6073 6084
f 6073 6074 6086
f 6073 6086 6085
f 6074 6075 6087
f 6074 6087 6086
f 6075 6076 6088
f 6075 6088 6087
f 6076 6077 6089
f 6076 6089 6088
f 6077 6078 6090
f 6077 6090 6089
f 6078 6079 6091
f 6078 6091 6090
f 6079 6080 6092
f 6079 6092 6091
f 6080 6081 6093
f 6080 6093 6092
f 6081 6082 6094
f 6081 6094 6093
f 6082 6083 6095
f 6082 6095 6094
f 6083 6084 6096
f 6083 6096 6095
f 6084 6073 6085
f 6084 6085 6096
f 6085 6086 6098
f 6085 6098 6097
f 6086 6087 6099
f 6086 6099 6098
f 6087 6088 6100
f 6087 6100 6099
f 6088 6089 6101
f 6088 6101 6100
f 6089 6090 6102
f 6089 6102 6101
f 6090 6091 6103
f 6090 6103 6102
f 6091 6092 6104
f 6091 6104 6103
f 6092 6093 6105
f 6092 6105 6104
f 6093 6094 6106
f 6093 6106 6105
f 6094 6095 6107
f 6094 6107 6106
f 6095 6096 6108
f 6095 6108 6107
f 6096 6085 6097
f 6096 6097 6108
f 6097 6098 6110
f 6097 6110 6109
f 6098 6099 6111
f 6098 6111 6110
f 6099 6100 6112
f 6099 6112 6111
f 6100 6101 6113
f 6100 6113 6112
f 6101 6102 6114
f 6101 6114 6113
f 6102 6103 6115
f 6102 6115 6114
f 6103 6104 6116
f 6103 6116 6115
f 6104 6105 6117
f 6104 6117 6116
f 6105 6106 6118
f 6105 6118 6117
f 6106 6107 6119
f 6106 6119 6118
f 6107 6108 6120
f 6107 6120 6119
f 6108 6097 6109
f 6108 6109 6120
f 6109 6110 6122
f 6109 6122 6121
f 6110 6111 6123
f 6110 6123 6122
f 6111 6112 6124
f 6111 6124 6123
f 6112 6113 6125
f 6112 6125 6124
f 6113 6114 6126
f 6113 6126 6125
f 6114 6115 6127
f 6114 6127 6126
f 6115 6116 6128
f 6115 6128 6127
f 6116 6117 6129
f 6116 6129 6128
f 6117 6118 6130
f 6117 6130 6129
f 6118 6119 6131
f 6118 6131 6130
f 6119 6120 6132
f 6119 6132 6131
f 6120 6109 6121
f 6120 6121 6132
f 6121 6122 6134
f 6121 6134 6133
f 6122 6123 6135
f 6122 6135 6134
f 6123 6124 6136
f 6123 6136 6135
f 6124 6125 6137
f 6124 6137 6136
f 6125 6126 6138
f 6125 6138 6137
f 6126 6127 6139
f 6126 6139 6138
f 6127 6128 6140
f 6127 6140 6139
f 6128 6129 6141
f 6128 6141 6140
f 6129 6130 6142
f 6129 6142 6141
f 6130 6131 6143
f 6130 6143 6142
f 6131 6132 6144
f 6131 6144 6143
f 6132 6121 6133
f 6132 6133 6144
f 6133 6134 6146
f 6133 6146 6145
f 6134 6135 6147
f 6134 6147 6146
f 6135 6136 6148
f 6135 6148 6147
f 6136 6137 6149
f 6136 6149 6148
f 6137 6138 6150
f 6137 6150 6149
f 6138 6139 6151
f 6138 6151 6150
f 6139 6140 6152
f 6139 6152 6151
f 6140 6141 6153
f 6140 6153 6152
f 6141 6142 6154
f 6141 6154 6153
f 6142 6143 6155
f 6142 6155 6154
f 6143 6144 6156
f 6143 6156 6155
f 6144 6133 6145
f 6144 6145 6156
f 6145 6146 6158
f 6145 6158 6157
f 6146 6147 6159
f 6146 6159 6158
f 6147 6148 6160
f 6147 6160 6159
f 6148 6149 6161
f 6148 6161 6160
f 6149 6150 6162
f 6149 6162 6161
f 6150 6151 6163
f 6150 6163 6162
f 6151 6152 6164
f 6151 6164 6163
f 6152 6153 6165
f 6152 6165 6164
f 6153 6154 6166
f 6153 6166 6165
f 6154 6155 6167
f 6154 6167 6166
f 6155 6156 6168
f 6155 6168 6167
f 6156 6145 6157
f 6156 6157 6168
f 6157 6158 6170
f 6157 6170 6169
f 6158 6159 6171
f 6158 6171 6170
f 6159 6160 6172
f 6159 6172 6171
f 6160 6161 6173
f 6160 6173 6172
f 6161 6162 6174
f 6161 6174 6173
f 6162 6163 6175
f 6162 6175 6174
f 6163 6164 6176
f 6163 6176 6175
f 6164 6165 6177
f 6164 6177 6176
f 6165 6166 6178
f 6165 6178 6177
f 6166 6167 6179
f 6166 6179 6178
f 6167 6168 6180
f 6167 6180 6179
f 6168 6157 6169
f 6168 6169 6180
f 6169 6170 6182
f 6169 6182 6181
f 6170 6171 6183
f 6170 6183 6182
f 6171 6172 6184
f 6171 6184 6183
f 6172 6173 6185
f 6172 6185 6184
f 6173 6174 6186
f 6173 6186 6185
f 6174 6175 6187
f 6174 6187 6186
f 6175 6176 6188
f 6175 6188 6187
f 6176 6177 6189
f 6176 6189 6188
f 6177 6178 6190
f 6177 6190 6189
f 6178 6179 6191
f 6178 6191 6190
f 6179 6180 6192
f 6179 6192 6191
f 6180 6169 6181
f 6180 6181 6192
f 6181 6182 6194
f 6181 6194 6193
f 6182 6183 6195
f 6182 6195 6194
f 6183 6184 6196
f 6183 6196 6195
f 6184 6185 6197
f 6184 6197 6196
f 6185 6186 6198
f 6185 6198 6197
f 6186 6187 6199
f 6186 6199 6198
f 6187 6188 6200
f 6187 6200 6199
f 6188 6189 6201
f 6188 6201 6200
f 6189 6190 6202
f 6189 6202 6201
f 6190 6191 6203
f 6190 6203 6202
f 6191 6192 6204
f 6191 6204 6203
f 6192 6181 6193
f 6192 6193 6204
f 6193 6194 6206
f 6193 6206 6205
f 6194 6195 6207
f 6194 6207 6206
f 6195 6196 6208
f 6195 6208 6207
f 6196 6197 6209
f 6196 6209 6208
f 6197 6198 6210
f 6197 6210 6209
f 6198 6199 6211
f 6198 6211 6210
f 6199 6200 6212
f 6199 6212 6211
f 6200 6201 6213
f 6200 6213 6212
f 6201 6202 6214
f 6201 6214 6213
f 6202 6203 6215
f 6202 6215 6214
f 6203 6204 6216
f 6203 6216 6215
f 6204 6193 6205
f 6204 6205 6216
f 6205 6206 6218
f 6205 6218 6217
f 6206 6207 6219
f 6206 6219 6218
f 6207 6208 6220
f 6207 6220 6219
f 6208 6209 6221
f 6208 6221 6220
f 6209 6210 6222
f 6209 6222 6221
f 6210 6211 6223
f 6210 6223 6222
f 6211 6212 6224
f 6211 6224 6223
f 6212 6213 6225
f 6212 6225 6224
f 6213 6214 6226
f 6213 6226 6225
f 6214 6215 6227
f 6214 6227 6226
f 6215 6216 6228
f 6215 6228 6227
f 6216 6205 6217
f 6216 6217 6228
f 6217 6218 6230
f 6217 6230 6229
f 6218 6219 6231
f 6218 6231 6230
f 6219 6220 6232
f 6219 6232 6231
f 6220 6221 6233
f 6220 6233 6232
f 6221 6222 6234
f 6221 6234 6233
f 6222 6223 6235
f 6222 6235 6234
f 6223 6224 6236
f 6223 6236 6235
f 6224 6225 6237
f 6224 6237 6236
f 6225 6226 6238
f 6225 6238 6237
f 6226 6227 6239
f 6226 6239 6238
f 6227 6228 6240
f 6227 6240 6239
f 6228 6217 6229
f 6228 6229 6240
f 6229 6230 6242
f 6229 6242 6241
f 6230 6231 6243
f 6230 6243 6242
f 6231 6232 6244
f 6231 6244 6243
f 6232 6233 6245
f 6232 6245 6244
f 6233 6234 6246
f 6233 6246 6245
f 6234 6235 6247
f 6234 6247 6246
f 6235 6236 6248
f 6235 6248 6247
f 6236 6237 6249
f 6236 6249 6248
f 6237 6238 6250
f 6237 6250 6249
f 6238 6239 6251
f 6238 6251 6250
f 6239 6240 6252
f 6239 6252 6251
f 6240 6229 6241
f 6240 6241 6252
f 6241 6242 6254
f 6241 6254 6253
f 6242 6243 6255
f 6242 6255 6254
f 6243 6244 6256
f 6243 6256 6255
f 6244 6245 6257
f 6244 6257 6256
f 6245 6246 6258
f 6245 6258 6257
f 6246 6247 6259
f 6246 6259 6258
f 6247 6248 6260
f 6247 6260 6259
f 6248 6249 6261
f 6248 6261 6260
f 6249 6250 6262
f 6249 6262 6261
f 6250 6251 6263
f 6250 6263 6262
f 6251 6252 6264
f 6251 6264 6263
f 6252 6241 6253
f 6252 6253 6264
f 6253 6254 6266
f 6253 6266 6265
f 6254 6255 6267
f 6254 6267 6266
f 6255 6256 6268
f 6255 6268 6267
f 6256 6257 6269
f 6256 6269 6268
f 6257 6258 6270
f 6257 6270 6269
f 6258 6259 6271
f 6258 6271 6270
f 6259 6260 6272
f 6259 6272 6271
f 6260 6261 6273
f 6260 6273 6272
f 6261 6262 6274
f 6261 6274 6273
f 6262 6263 6275
f 6262 6275 6274
f 6263 6264 6276
f 6263 6276 6275
f 6264 6253 6265
f 6264 6265 6276
f 6265 6266 6278
f 6265 6278 6277
f 6266 6267 6279
f 6266 6279 6278
f 6267 6268 6280
f 6267 6280 6279
f 6268 6269 6281
f 6268 6281 6280
f 6269 6270 6282
f 6269 6282 6281
f 6270 6271 6283
f 6270 6283 6282
f 6271 6272 6284
f 6271 6284 6283
f 6272 6273 6285
f 6272 6285 6284
f 6273 6274 6286
f 6273 6286 6285
f 6274 6275 6287
f 6274 6287 6286
f 6275 6276 6288
f 6275 6288 6287
f 6276 6265 6277
f 6276 6277 6288
f 6277 6278 6290
f 6277 6290 6289
f 6278 6279 6291
f 6278 6291 6290
f 6279 6280 6292
f 6279 6292 6291
f 6280 6281 6293
f 6280 6293 6292
f 6281 6282 6294
f 6281 6294 6293
f 6282 6283 6295
f 6282 6295 6294
f 6283 6284 6296
f 6283 6296 6295
f 6284 6285 6297
f 6284 6297 6296
f 6285 6286 6298
f 6285 6298 6297
f 6286 6287 6299
f 6286 6299 6298
f 6287 6288 6300
f 6287 6300 6299
f 6288 6277 6289
f 6288 6289 6300
f 6289 6290 6302
f 6289 6302 6301
f 6290 6291 6303
f 6290 6303 6302
f 6291 6292 6304
f 6291 6304 6303
f 6292 6293 6305
f 6292 6305 6304
f 6293 6294 6306
f 6293 6306 6305
f 6294 6295 6307
f 6294 6307 6306
f 6295 6296 6308
f 6295 6308 6307
f 6296 6297 6309
f 6296 6309 6308
f 6297 6298 6310
f 6297 6310 6309
f 6298 6299 6311
f 6298 6311 6310
f 6299 6300 6312
f 6299 6312 6311
f 6300 6289 6301
f 6300 6301 6312
f 6301 6302 6314
f 6301 6314 6313
f 6302 6303 6315
f 6302 6315 6314
f 6303 6304 6316
f 6303 6316 6315
f 6304 6305 6317
f 6304 6317 6316
f 6305 6306 6318
f 6305 6318 6317
f 6306 6307 6319
f 6306 6319 6318
f 6307 6308 6320
f 6307 6320 6319
f 6308 6309 6321
f 6308 6321 6320
f 6309 6310 6322
f 6309 6322 6321
f 6310 6311 6323
f 6310 6323 6322
f 6311 6312 6324
f 6311 6324 6323
f 6312 6301 6313
f 6312 6313 6324
f 6313 6314 6326
f 6313 6326 6325
f 6314 6315 6327
f 6314 6327 6326
f 6315 6316 6328
f 6315 6328 6327
f 6316 6317 6329
f 6316 6329 6328
f 6317 6318 6330
f 6317 6330 6329
f 6318 6319 6331
f 6318 6331 6330
f 6319 6320 6332
f 6319 6332 6331
f 6320 6321 6333
f 6320 6333 6332
f 6321 6322 6334
f 6321 6334 6333
f 6322 6323 6335
f 6322 6335 6334
f 6323 6324 6336
f 6323 6336 6335
f 6324 6313 6325
f 6324 6325 6336
f 6325 6326 6338
f 6325 6338 6337
f 6326 6327 6339
f 6326 6339 6338
f 6327 6328 6340
f 6327 6340 6339
f 6328 6329 6341
f 6328 6341 6340
f 6329 6330 6342
f 6329 6342 6341
f 6330 6331 6343
f 6330 6343 6342
f 6331 6332 6344
f 6331 6344 6343
f 6332 6333 6345
f 6332 6345 6344
f 6333 6334 6346
f 6333 6346 6345
f 6334 6335 6347
f 6334 6347 6346
f 6335 6336 6348
f 6335 6348 6347
f 6336 6325 6337
f 6336 6337 6348
f 6337 6338 6350
f 6337 6350 6349
f 6338 6339 6351
f 6338 6351 6350
f 6339 6340 6352
f 6339 6352 6351
f 6340 6341 6353
f 6340 6353 6352
f 6341 6342 6354
f 6341 6354 6353
f 6342 6343 6355
f 6342 6355 6354
f 6343 6344 6356
f 6343 6356 6355
f 6344 6345 6357
f 6344 6357 6356
f 6345 6346 6358
f 6345 6358 6357
f 6346 6347 6359
f 6346 6359 6358
f 6347 6348 6360
f 6347 6360 6359
f 6348 6337 6349
f 6348 6349 6360
f 6349 6350 6362
f 6349 6362 6361
f 6350 6351 6363
f 6350 6363 6362
f 6351 6352 6364
f 6351 6364 6363
f 6352 6353 6365
f 6352 6365 6364
f 6353 6354 6366
f 6353 6366 6365
f 6354 6355 6367
f 6354 6367 6366
f 6355 6356 6368
f 6355 6368 6367
f 6356 6357 6369
f 6356 6369 6368
f 6357 6358 6370
f 6357 6370 6369
f 6358 6359 6371
f 6358 6371 6370
f 6359 6360 6372
f 6359 6372 6371
f 6360 6349 6361
f 6360 6361 6372
f 6361 6362 6374
f 6361 6374 6373
f 6362 6363 6375
f 6362 6375 6374
f 6363 6364 6376
f 6363 6376 6375
f 6364 6365 6377
f 6364 6377 6376
f 6365 6366 6378
f 6365 6378 6377
f 6366 6367 6379
f 6366 6379 6378
f 6367 6368 6380
f 6367 6380 6379
f 6368 6369 6381
f 6368 6381 6380
f 6369 6370 6382
f 6369 6382 6381
f 6370 6371 6383
f 6370 6383 6382
f 6371 6372 6384
f 6371 6384 6383
f 6372 6361 6373
f 6372 6373 6384
f 6373 6374 6386
f 6373 6386 6385
f 6374 6375 6387
f 6374 6387 6386
f 6375 6376 6388
f 6375 6388 6387
f 6376 6377 6389
f 6376 6389 6388
f 6377 6378 6390
f 6377 6390 6389
f 6378 6379 6391
f 6378 6391 6390
f 6379 6380 6392
f 6379 6392 6391
f 6380 6381 6393
f 6380 6393 6392
f 6381 6382 6394
f 6381 6394 6393
f 6382 6383 6395
f 6382 6395 6394
f 6383 6384 6396
f 6383 6396 6395
f 6384 6373 6385
f 6384 6385 6396
f 6385 6386 6398
f 6385 6398 6397
f 6386 6387 6399
f 6386 6399 6398
f 6387 6388 6400
f 6387 6400 6399
f 6388 6389 6401
f 6388 6401 6400
f 6389 6390 6402
f 6389 6402 6401
f 6390 6391 6403
f 6390 6403 6402
f 6391 6392 6404
f 6391 6404 6403
f 6392 6393 6405
f 6392 6405 6404
f 6393 6394 6406
f 6393 6406 6405
f 6394 6395 6407
f 6394 6407 6406
f 6395 6396 6408
f 6395 6408 6407
f 6396 6385 6397
f 6396 6397 6408
f 6397 6398 6410
f 6397 6410 6409
f 6398 6399 6411
f 6398 6411 6410
f 6399 6400 6412
f 6399 6412 6411
f 6400 6401 6413
f 6400 6413 6412
f 6401 6402 6414
f 6401 6414 6413
f 6402 6403 6415
f 6402 6415 6414
f 6403 6404 6416
f 6403 6416 6415
f 6404 6405 6417
f 6404 6417 6416
f 6405 6406 6418
f 6405 6418 6417
f 6406 6407 6419
f 6406 6419 6418
f 6407 6408 6420
f 6407 6420 6419
f 6408 6397 6409
f 6408 6409 6420
f 6409 6410 6422
f 6409 6422 6421
f 6410 6411 6423
f 6410 6423 6422
f 6411 6412 6424
f 6411 6424 6423
f 6412 6413 6425
f 6412 6425 6424
f 6413 6414 6426
f 6413 6426 6425
f 6414 6415 6427
f 6414 6427 6426
f 6415 6416 6428
f 6415 6428 6427
f 6416 6417 6429
f 6416 6429 6428
f 6417 6418 6430
f 6417 6430 6429
f 6418 6419 6431
f 6418 6431 6430
f 6419 6420 6432
f 6419 6432 6431
f 6420 6409 6421
f 6420 6421 6432
f 6421 6422 6434
f 6421 6434 6433
f 6422 6423 6435
f 6422 6435 6434
f 6423 6424 6436
f 6423 6436 6435
f 6424 6425 6437
f 6424 6437 6436
f 6425 6426 6438
f 6425 6438 6437
f 6426 6427 6439
f 6426 6439 6438
f 6427 6428 6440
f 6427 6440 6439
f 6428 6429 6441
f 6428 6441 6440
f 6429 6430 6442
f 6429 6442 6441
f 6430 6431 6443
f 6430 6443 6442
f 6431 6432 6444
f 6431 6444 6443
f 6432 6421 6433
f 6432 6433 6444
f 6433 6434 6446
f 6433 6446 6445
f 6434 6435 6447
f 6434 6447 6446
f 6435 6436 6448
f 6435 6448 6447
f 6436 6437 6449
f 6436 6449 6448
f 6437 6438 6450
f 6437 6450 6449
f 6438 6439 6451
f 6438 6451 6450
f 6439 6440 6452
f 6439 6452 6451
f 6440 6441 6453
f 6440 6453 6452
f 6441 6442 6454
f 6441 6454 6453
f 6442 6443 6455
f 6442 6455 6454
f 6443 6444 6456
f 6443 6456 6455
f 6444 6433 6445
f 6444 6445 6456
f 6445 6446 6458
f 6445 6458 6457
f 6446 6447 6459
f 6446 6459 6458
f 6447 6448 6460
f 6447 6460 6459
f 6448 6449 6461
f 6448 6461 6460
f 6449 6450 6462
f 6449 6462 6461
f 6450 6451 6463
f 6450 6463 6462
f 6451 6452 6464
f 6451 6464 6463
f 6452 6453 6465
f 6452 6465 6464
f 6453 6454 6466
f 6453 6466 6465
f 6454 6455 6467
f 6454 6467 6466
f 6455 6456 6468
f 6455 6468 6467
f 6456 6445 6457
f 6456 6457 6468
f 6457 6458 6470
f 6457 6470 6469
f 6458 6459 6471
f 6458 6471 6470
f 6459 6460 6472
f 6459 6472 6471
f 6460 6461 6473
f 6460 6473 6472
f 6461 6462 6474
f 6461 6474 6473
f 6462 6463 6475
f 6462 6475 6474
f 6463 6464 6476
f 6463 6476 6475
f 6464 6465 6477
f 6464 6477 6476
f 6465 6466 6478
f 6465 6478 6477
f 6466 6467 6479
f 6466 6479 6478
f 6467 6468 6480
f 6467 6480 6479
f 6468 6457 6469
f 6468 6469 6480
f 6469 6470 6482
f 6469 6482 6481
f 6470 6471 6483
f 6470 6483 6482
f 6471 6472 6484
f 6471 6484 6483
f 6472 6473 6485
f 6472 6485 6484
f 6473 6474 6486
f 6473 6486 6485
f 6474 6475 6487
f 6474 6487 6486
f 6475 6476 6488
f 6475 6488 6487
f 6476 6477 6489
f 6476 6489 6488
f 6477 6478 6490
f 6477 6490 6489
f 6478 6479 6491
f 6478 6491 6490
f 6479 6480 6492
f 6479 6492 6491
f 6480 6469 6481
f 6480 6481 6492
f 6481 6482 6494
f 6481 6494 6493
f 6482 6483 6495
f 6482 6495 6494
f 6483 6484 6496
f 6483 6496 6495
f 6484 6485 6497
f 6484 6497 6496
f 6485 6486 6498
f 6485 6498 6497
f 6486 6487 6499
f 6486 6499 6498
f 6487 6488 6500
f 6487 6500 6499
f 6488 6489 6501
f 6488 6501 6500
f 6489 6490 6502
f 6489 6502 6501
f 6490 6491 6503
f 6490 6503 6502
f 6491 6492 6504
f 6491 6504 6503
f 6492 6481 6493
f 6492 6493 6504
f 6493 6494 6506
f 6493 6506 6505
f 6494 6495 6507
f 6494 6507 6506
f 6495 6496 6508
f 6495 6508 6507
f 6496 6497 6509
f 6496 6509 6508
f 6497 6498 6510
f 6497 6510 6509
f 6498 6499 6511
f 6498 6511 6510
f 6499 6500 6512
f 6499 6512 6511
f 6500 6501 6513
f 6500 6513 6512
f 6501 6502 6514
f 6501 6514 6513
f 6502 6503 6515
f 6502 6515 6514
f 6503 6504 6516
f 6503 6516 6515
f 6504 6493 6505
f 6504 6505 6516
f 6505 6506 6518
f 6505 6518 6517
f 6506 6507 6519
f 6506 6519 6518
f 6507 6508 6520
f 6507 6520 6519
f 6508 6509 6521
f 6508 6521 6520
f 6509 6510 6522
f 6509 6522 6521
f 6510 6511 6523
f 6510 6523 6522
f 6511 6512 6524
f 6511 6524 6523
f 6512 6513 6525
f 6512 6525 6524
f 6513 6514 6526
f 6513 6526 6525
f 6514 6515 6527
f 6514 6527 6526
f 6515 6516 6528
f 6515 6528 6527
f 6516 6505 6517
f 6516 6517 6528
f 6517 6518 6530
f 6517 6530 6529
f 6518 6519 6531
f 6518 6531 6530
f 6519 6520 6532
f 6519 6532 6531
f 6520 6521 6533
f 6520 6533 6532
f 6521 6522 6534
f 6521 6534 6533
f 6522 6523 6535
f 6522 6535 6534
f 6523 6524 6536
f 6523 6536 6535
f 6524 6525 6537
f 6524 6537 6536
f 6525 6526 6538
f 6525 6538 6537
f 6526 6527 6539
f 6526 6539 6538
f 6527 6528 6540
f 6527 6540 6539
f 6528 6517 6529
f 6528 6529 6540
f 6529 6530 6542
f 6529 6542 6541
f 6530 6531 6543
f 6530 6543 6542
f 6531 6532 6544
f 6531 6544 6543
f 6532 6533 6545
f 6532 6545 6544
f 6533 6534 6546
f 6533 6546 6545
f 6534 6535 6547
f 6534 6547 6546
f 6535 6536 6548
f 6535 6548 6547
f 6536 6537 6549
f 6536 6549 6548
f 6537 6538 6550
f 6537 6550 6549
f 6538 6539 6551
f 6538 6551 6550
f 6539 6540 6552
f 6539 6552 6551
f 6540 6529 6541
f 6540 6541 6552
f 6541 6542 6554
f 6541 6554 6553
f 6542 6543 6555
f 6542 6555 6554
f 6543 6544 6556
f 6543 6556 6555
f 6544 6545 6557
f 6544 6557 6556
f 6545 6546 6558
f 6545 6558 6557
f 6546 6547 6559
f 6546 6559 6558
f 6547 6548 6560
f 6547 6560 6559
f 6548 6549 6561
f 6548 6561 6560
f 6549 6550 6562
f 6549 6562 6561
f 6550 6551 6563
f 6550 6563 6562
f 6551 6552 6564
f 6551 6564 6563
f 6552 6541 6553
f 6552 6553 6564
f 6553 6554 6566
f 6553 6566 6565
f 6554 6555 6567
f 6554 6567 6566
f 6555 6556 6568
f 6555 6568 6567
f 6556 6557 6569
f 6556 6569 6568
f 6557 6558 6570
f 6557 6570 6569
f 6558 6559 6571
f 6558 6571 6570
f 6559 6560 6572
f 6559 6572 6571
f 6560 6561 6573
f 6560 6573 6572
f 6561 6562 6574
f 6561 6574 6573
f 6562 6563 6575
f 6562 6575 6574
f 6563 6564 6576
f 6563 6576 6575
f 6564 6553 6565
f 6564 6565 6576
f 6565 6566 6578
f 6565 6578 6577
f 6566 6567 6579
f 6566 6579 6578
f 6567 6568 6580
f 6567 6580 6579
f 6568 6569 6581
f 6568 6581 6580
f 6569 6570 6582
f 6569 6582 6581
f 6570 6571 6583
f 6570 6583 6582
f 6571 6572 6584
f 6571 6584 6583
f 6572 6573 6585
f 6572 6585 6584
f 6573 6574 6586
f 6573 6586 6585
f 6574 6575 6587
f 6574 6587 6586
f 6575 6576 6588
f 6575 6588 6587
f 6576 6565 6577
f 6576 6577 6588
f 6577 6578 6590
f 6577 6590 6589
f 6578 6579 6591
f 6578 6591 6590
f 6579 6580 6592
f 6579 6592 6591
f 6580 6581 6593
f 6580 6593 6592
f 6581 6582 6594
f 6581 6594 6593
f 6582 6583 6595
f 6582 6595 6594
f 6583 6584 6596
f 6583 6596 6595
f 6584 6585 6597
f 6584 6597 6596
f 6585 6586 6598
f 6585 6598 6597
f 6586 6587 6599
f 6586 6599 6598
f 6587 6588 6600
f 6587 6600 6599
f 6588 6577 6589
f 6588 6589 6600
f 6589 6590 6602
f 6589 6602 6601
f 6590 6591 6603
f 6590 6603 6602
f 6591 6592 6604
f 6591 6604 6603
f 6592 6593 6605
f 6592 6605 6604
f 6593 6594 6606
f 6593 6606 6605
f 6594 6595 6607
f 6594 6607 6606
f 6595 6596 6608
f 6595 6608 6607
f 6596 6597 6609
f 6596 6609 6608
f 6597 6598 6610
f 6597 6610 6609
f 6598 6599 6611
f 6598 6611 6610
f 6599 6600 6612
f 6599 6612 6611
f 6600 6589 6601
f 6600 6601 6612
f 6601 6602 6614
f 6601 6614 6613
f 6602 6603 6615
f 6602 6615 6614
f 6603 6604 6616
f 6603 6616 6615
f 6604 6605 6617
f 6604 6617 6616
f 6605 6606 6618
f 6605 6618 6617
f 6606 6607 6619
f 6606 6619 6618
f 6607 6608 6620
f 6607 6620 6619
f 6608 6609 6621
f 6608 6621 6620
f 6609 6610 6622
f 6609 6622 6621
f 6610 6611 6623
f 6610 6623 6622
f 6611 6612 6624
f 6611 6624 6623
f 6612 6601 6613
f 6612 6613 6624
f 6613 6614 6626
f 6613 6626 6625
f 6614 6615 6627
f 6614 6627 6626
f 6615 6616 6628
f 6615 6628 6627
f 6616 6617 6629
f 6616 6629 6628
f 6617 6618 6630
f 6617 6630 6629
f 6618 6619 6631
f 6618 6631 6630
f 6619 6620 6632
f 6619 6632 6631
f 6620 6621 6633
f 6620 6633 6632
f 6621 6622 6634
f 6621 6634 6633
f 6622 6623 6635
f 6622 6635 6634
f 6623 6624 6636
f 6623 6636 6635
f 6624 6613 6625
f 6624 6625 6636
f 6625 6626 6638
f 6625 6638 6637
f 6626 6627 6639
f 6626 6639 6638
f 6627 6628 6640
f 6627 6640 6639
f 6628 6629 6641
f 6628 6641 6640
f 6629 6630 6642
f 6629 6642 6641
f 6630 6631 6643
f 6630 6643 6642
f 6631 6632 6644
f 6631 6644 6643
f 6632 6633 6645
f 6632 6645 6644
f 6633 6634 6646
f 6633 6646 6645
f 6634 6635 6647
f 6634 6647 6646
f 6635 6636 6648
f 6635 6648 6647
f 6636 6625 6637
f 6636 6637 6648
f 6637 6638 6650
f 6637 6650 6649
f 6638 6639 6651
f 6638 6651 6650
f 6639 6640 6652
f 6639 6652 6651
f 6640 6641 6653
f 6640 6653 6652
f 6641 6642 6654
f 6641 6654 6653
f 6642 6643 6655
f 6642 6655 6654
f 6643 6644 6656
f 6643 6656 6655
f 6644 6645 6657
f 6644 6657 6656
f 6645 6646 6658
f 6645 6658 6657
f 6646 6647 6659
f 6646 6659 6658
f 6647 6648 6660
f 6647 6660 6659
f 6648 6637 6649
f 6648 6649 6660
f 6649 6650 6662
f 6649 6662 6661
f 6650 6651 6663
f 6650 6663 6662
f 6651 6652 6664
f 6651 6664 6663
f 6652 6653 6665
f 6652 6665 6664
f 6653 6654 6666
f 6653 6666 6665
f 6654 6655 6667
f 6654 6667 6666
f 6655 6656 6668
f 6655 6668 6667
f 6656 6657 6669
f 6656 6669 6668
f 6657 6658 6670
f 6657 6670 6669
f 6658 6659 6671
f 6658 6671 6670
f 6659 6660 6672
f 6659 6672 6671
f 6660 6649 6661
f 6660 6661 6672
f 6661 6662 6674
f 6661 6674 6673
f 6662 6663 6675
f 6662 6675 6674
f 6663 6664 6676
f 6663 6676 6675
f 6664 6665 6677
f 6664 6677 6676
f 6665 6666 6678
f 6665 6678 6677
f 6666 6667 6679
f 6666 6679 6678
f 6667 6668 6680
f 6667 6680 6679
f 6668 6669 6681
f 6668 6681 6680
f 6669 6670 6682
f 6669 6682 6681
f 6670 6671 6683
f 6670 6683 6682
f 6671 6672 6684
f 6671 6684 6683
f 6672 6661 6673
f 6672 6673 6684
f 6673 6674 6686
f 6673 6686 6685
f 6674 6675 6687
f 6674 6687 6686
f 6675 6676 6688
f 6675 6688 6687
f 6676 6677 6689
f 6676 6689 6688
f 6677 6678 6690
f 6677 6690 6689
f 6678 6679 6691
f 6678 6691 6690
f 6679 6680 6692
f 6679 6692 6691
f 6680 6681 6693
f 6680 6693 6692
f 6681 6682 6694
f 6681 6694 6693
f 6682 6683 6695
f 6682 6695 6694
f 6683 6684 6696
f 6683 6696 6695
f 6684 6673 6685
f 6684 6685 6696
f 6685 6686 6698
f 6685 6698 6697
f 6686 6687 6699
f 6686 6699 6698
f 6687 6688 6700
f 6687 6700 6699
f 6688 6689 6701
f 6688 6701 6700
f 6689 6690 6702
f 6689 6702 6701
f 6690 6691 6703
f 6690 6703 6702
f 6691 6692 6704
f 6691 6704 6703
f 6692 6693 6705
f 6692 6705 6704
f 6693 6694 6706
f 6693 6706 6705
f 6694 6695 6707
f 6694 6707 6706
f 6695 6696 6708
f 6695 6708 6707
f 6696 6685 6697
f 6696 6697 6708
f 6697 6698 6710
f 6697 6710 6709
f 6698 6699 6711
f 6698 6711 6710
f 6699 6700 6712
f 6699 6712 6711
f 6700 6701 6713
f 6700 6713 6712
f 6701 6702 6714
f 6701 6714 6713
f 6702 6703 6715
f 6702 6715 6714
f 6703 6704 6716
f 6703 6716 6715
f 6704 6705 6717
f 6704 6717 6716
f 6705 6706 6718
f 6705 6718 6717
f 6706 6707 6719
f 6706 6719 6718
f 6707 6708 6720
f 6707 6720 6719
f 6708 6697 6709
f 6708 6709 6720
f 6709 6710 6722
f 6709 6722 6721
f 6710 6711 6723
f 6710 6723 6722
f 6711 6712 6724
f 6711 6724 6723
f 6712 6713 6725
f 6712 6725 6724
f 6713 6714 6726
f 6713 6726 6725
f 6714 6715 6727
f 6714 6727 6726
f 6715 6716 6728
f 6715 6728 6727
f 6716 6717 6729
f 6716 6729 6728
f 6717 6718 6730
f 6717 6730 6729
f 6718 6719 6731
f 6718 6731 6730
f 6719 6720 6732
f 6719 6732 6731
f 6720 6709 6721
f 6720 6721 6732
f 6721 6722 6734
f 6721 6734 6733
f 6722 6723 6735
f 6722 6735 6734
f 6723 6724 6736
f 6723 6736 6735
f 6724 6725 6737
f 6724 6737 6736
f 6725 6726 6738
f 6725 6738 6737
f 6726 6727 6739
f 6726 6739 6738
f 6727 6728 6740
f 6727 6740 6739
f 6728 6729 6741
f 6728 6741 6740
f 6729 6730 6742
f 6729 6742 6741
f 6730 6731 6743
f 6730 6743 6742
f 6731 6732 6744
f 6731 6744 6743
f 6732 6721 6733
f 6732 6733 6744
f 6733 6734 6746
f 6733 6746 6745
f 6734 6735 6747
f 6734 6747 6746
f 6735 6736 6748
f 6735 6748 6747
f 6736 6737 6749
f 6736 6749 6748
f 6737 6738 6750
f 6737 6750 6749
f 6738 6739 6751
f 6738 6751 6750
f 6739 6740 6752
f 6739 6752 6751
f 6740 6741 6753
f 6740 6753 6752
f 6741 6742 6754
f 6741 6754 6753
f 6742 6743 6755
f 6742 6755 6754
f 6743 6744 6756
f 6743 6756 6755
f 6744 6733 6745
f 6744 6745 6756
f 6745 6746 6758
f 6745 6758 6757
f 6746 6747 6759
f 6746 6759 6758
f 6747 6748 6760
f 6747 6760 6759
f 6748 6749 6761
f 6748 6761 6760
f 6749 6750 6762
f 6749 6762 6761
f 6750 6751 6763
f 6750 6763 6762
f 6751 6752 6764
f 6751 6764 6763
f 6752 6753 6765
f 6752 6765 6764
f 6753 6754 6766
f 6753 6766 6765
f 6754 6755 6767
f 6754 6767 6766
f 6755 6756 6768
f 6755 6768 6767
f 6756 6745 6757
f 6756 6757 6768
f 6757 6758 6770
f 6757 6770 6769
f 6758 6759 6771
f 6758 6771 6770
f 6759 6760 6772
f 6759 6772 6771
f 6760 6761 6773
f 6760 6773 6772
f 6761 6762 6774
f 6761 6774 6773
f 6762 6763 6775
f 6762 6775 6774
f 6763 6764 6776
f 6763 6776 6775
f 6764 6765 6777
f 6764 6777 6776
f 6765 6766 6778
f 6765 6778 6777
f 6766 6767 6779
f 6766 6779 6778
f 6767 6768 6780
f 6767 6780 6779
f 6768 6757 6769
f 6768 6769 6780
f 6769 6770 6782
f 6769 6782 6781
f 6770 6771 6783
f 6770 6783 6782
f 6771 6772 6784
f 6771 6784 6783
f 6772 6773 6785
f 6772 6785 6784
f 6773 6774 6786
f 6773 6786 6785
f 6774 6775 6787
f 6774 6787 6786
f 6775 6776 6788
f 6775 6788 6787
f 6776 6777 6789
f 6776 6789 6788
f 6777 6778 6790
f 6777 6790 6789
f 6778 6779 6791
f 6778 6791 6790
f 6779 6780 6792
f 6779 6792 6791
f 6780 6769 6781
f 6780 6781 6792
f 6781 6782 6794
f 6781 6794 6793
f 6782 6783 6795
f 6782 6795 6794
f 6783 6784 6796
f 6783 6796 6795
f 6784 6785 6797
f 6784 6797 6796
f 6785 6786 6798
f 6785 6798 6797
f 6786 6787 6799
f 6786 6799 6798
f 6787 6788 6800
f 6787 6800 6799
f 6788 6789 6801
f 6788 6801 6800
f 6789 6790 6802
f 6789 6802 6801
f 6790 6791 6803
f 6790 6803 6802
f 6791 6792 6804
f 6791 6804 6803
f 6792 6781 6793
f 6792 6793 6804
f 6793 6794 6806
f 6793 6806 6805
f 6794 6795 6807
f 6794 6807 6806
f 6795 6796 6808
f 6795 6808 6807
f 6796 6797 6809
f 6796 6809 6808
f 6797 6798 6810
f 6797 6810 6809
f 6798 6799 6811
f 6798 6811 6810
f 6799 6800 6812
f 6799 6812 6811
f 6800 6801 6813
f 6800 6813 6812
f 6801 6802 6814
f 6801 6814 6813
f 6802 6803 6815
f 6802 6815 6814
f 6803 6804 6816
f 6803 6816 6815
f 6804 6793 6805
f 6804 6805 6816
f 6805 6806 6818
f 6805 6818 6817
f 6806 6807 6819
f 6806 6819 6818
f 6807 6808 6820
f 6807 6820 6819
f 6808 6809 6821
f 6808 6821 6820
f 6809 6810 6822
f 6809 6822 6821
f 6810 6811 6823
f 6810 6823 6822
f 6811 6812 6824
f 6811 6824 6823
f 6812 6813 6825
f 6812 6825 6824
f 6813 6814 6826
f 6813 6826 6825
f 6814 6815 6827
f 6814 6827 6826
f 6815 6816 6828
f 6815 6828 6827
f 6816 6805 6817
f 6816 6817 6828
f 6817 6818 6830
f 6817 6830 6829
f 6818 6819 6831
f 6818 6831 6830
f 6819 6820 6832
f 6819 6832 6831
f 6820 6821 6833
f 6820 6833 6832
f 6821 6822 6834
f 6821 6834 6833
f 6822 6823 6835
f 6822 6835 6834
f 6823 6824 6836
f 6823 6836 6835
f 6824 6825 6837
f 6824 6837 6836
f 6825 6826 6838
f 6825 6838 6837
f 6826 6827 6839
f 6826 6839 6838
f 6827 6828 6840
f 6827 6840 6839
f 6828 6817 6829
f 6828 6829 6840
f 6829 6830 6842
f 6829 6842 6841
f 6830 6831 6843
f 6830 6843 6842
f 6831 6832 6844
f 6831 6844 6843
f 6832 6833 6845
f 6832 6845 6844
f 6833 6834 6846
f 6833 6846 6845
f 6834 6835 6847
f 6834 6847 6846
f 6835 6836 6848
f 6835 6848 6847
f 6836 6837 6849
f 6836 6849 6848
f 6837 6838 6850
f 6837 6850 6849
f 6838 6839 6851
f 6838 6851 6850
f 6839 6840 6852
f 6839 6852 6851
f 6840 6829 6841
f 6840 6841 6852
f 6841 6842 6854
f 6841 6854 6853
f 6842 6843 6855
f 6842 6855 6854
f 6843 6844 6856
f 6843 6856 6855
f 6844 6845 6857
f 6844 6857 6856
f 6845 6846 6858
f 6845 6858 6857
f 6846 6847 6859
f 6846 6859 6858
f 6847 6848 6860
f 6847 6860 6859
f 6848 6849 6861
f 6848 6861 6860
f 6849 6850 6862
f 6849 6862 6861
f 6850 6851 6863
f 6850 6863 6862
f 6851 6852 6864
f 6851 6864 6863
f 6852 6841 6853
f 6852 6853 6864
f 6853 6854 6866
f 6853 6866 6865
f 6854 6855 6867
f 6854 6867 6866
f 6855 6856 6868
f 6855 6868 6867
f 6856 6857 6869
f 6856 6869 6868
f 6857 6858 6870
f 6857 6870 6869
f 6858 6859 6871
f 6858 6871 6870
f 6859 6860 6872
f 6859 6872 6871
f 6860 6861 6873
f 6860 6873 6872
f 6861 6862 6874
f 6861 6874 6873
f 6862 6863 6875
f 6862 6875 6874
f 6863 6864 6876
f 6863 6876 6875
f 6864 6853 6865
f 6864 6865 6876
f 6865 6866 6878
f 6865 6878 6877
f 6866 6867 6879
f 6866 6879 6878
f 6867 6868 6880
f 6867 6880 6879
f 6868 6869 6881
f 6868 6881 6880
f 6869 6870 6882
f 6869 6882 6881
f 6870 6871 6883
f 6870 6883 6882
f 6871 6872 6884
f 6871 6884 6883
f 6872 6873 6885
f 6872 6885 6884
f 6873 6874 6886
f 6873 6886 6885
f 6874 6875 6887
f 6874 6887 6886
f 6875 6876 6888
f 6875 6888 6887
f 6876 6865 6877
f 6876 6877 6888
f 6877 6878 6890
f 6877 6890 6889
f 6878 6879 6891
f 6878 6891 6890
f 6879 6880 6892
f 6879 6892 6891
f 6880 6881 6893
f 6880 6893 6892
f 6881 6882 6894
f 6881 6894 6893
f 6882 6883 6895
f 6882 6895 6894
f 6883 6884 6896
f 6883 6896 6895
f 6884 6885 6897
f 6884 6897 6896
f 6885 6886 6898
f 6885 6898 6897
f 6886 6887 6899
f 6886 6899 6898
f 6887 6888 6900
f 6887 6900 6899
f 6888 6877 6889
f 6888 6889 6900
f 6889 6890 6902
f 6889 6902 6901
f 6890 6891 6903
f 6890 6903 6902
f 6891 6892 6904
f 6891 6904 6903
f 6892 6893 6905
f 6892 6905 6904
f 6893 6894 6906
f 6893 6906 6905
f 6894 6895 6907
f 6894 6907 6906
f 6895 6896 6908
f 6895 6908 6907
f 6896 6897 6909
f 6896 6909 6908
f 6897 6898 6910
f 6897 6910 6909
f 6898 6899 6911
f 6898 6911 6910
f 6899 6900 6912
f 6899 6912 6911
f 6900 6889 6901
f 6900 6901 6912
f 6901 6902 6914
f 6901 6914 6913
f 6902 6903 6915
f 6902 6915 6914
f 6903 6904 6916
f 6903 6916 6915
f 6904 6905 6917
f 6904 6917 6916
f 6905 6906 6918
f 6905 6918 6917
f 6906 6907 6919
f 6906 6919 6918
f 6907 6908 6920
f 6907 6920 6919
f 6908 6909 6921
f 6908 6921 6920
f 6909 6910 6922
f 6909 6922 6921
f 6910 6911 6923
f 6910 6923 6922
f 6911 6912 6924
f 6911 6924 6923
f 6912 6901 6913
f 6912 6913 6924
f 6913 6914 6926
f 6913 6926 6925
f 6914 6915 6927
f 6914 6927 6926
f 6915 6916 6928
f 6915 6928 6927
f 6916 6917 6929
f 6916 6929 6928
f 6917 6918 6930
f 6917 6930 6929
f 6918 6919 6931
f 6918 6931 6930
f 6919 6920 6932
f 6919 6932 6931
f 6920 6921 6933
f 6920 6933 6932
f 6921 6922 6934
f 6921 6934 6933
f 6922 6923 6935
f 6922 6935 6934
f 6923 6924 6936
f 6923 6936 6935
f 6924 6913 6925
f 6924 6925 6936
f 6925 6926 6938
f 6925 6938 6937
f 6926 6927 6939
f 6926 6939 6938
f 6927 6928 6940
f 6927 6940 6939
f 6928 6929 6941
f 6928 6941 6940
f 6929 6930 6942
f 6929 6942 6941
f 6930 6931 6943
f 6930 6943 6942
f 6931 6932 6944
f 6931 6944 6943
f 6932 6933 6945
f 6932 6945 6944
f 6933 6934 6946
f 6933 6946 6945
f 6934 6935 6947
f 6934 6947 6946
f 6935 6936 6948
f 6935 6948 6947
f 6936 6925 6937
f 6936 6937 6948
f 6937 6938 6950
f 6937 6950 6949
f 6938 6939 6951
f 6938 6951 6950
f 6939 6940 6952
f 6939 6952 6951
f 6940 6941 6953
f 6940 6953 6952
f 6941 6942 6954
f 6941 6954 6953
f 6942 6943 6955
f 6942 6955 6954
f 6943 6944 6956
f 6943 6956 6955
f 6944 6945 6957
f 6944 6957 6956
f 6945 6946 6958
f 6945 6958 6957
f 6946 6947 6959
f 6946 6959 6958
f 6947 6948 6960
f 6947 6960 6959
f 6948 6937 6949
f 6948 6949 6960
f 6949 6950 6962
f 6949 6962 6961
f 6950 6951 6963
f 6950 6963 6962
f 6951 6952 6964
f 6951 6964 6963
f 6952 6953 6965
f 6952 6965 6964
f 6953 6954 6966
f 6953 6966 6965
f 6954 6955 6967
f 6954 6967 6966
f 6955 6956 6968
f 6955 6968 6967
f 6956 6957 6969
f 6956 6969 6968
f 6957 6958 6970
f 6957 6970 6969
f 6958 6959 6971
f 6958 6971 6970
f 6959 6960 6972
f 6959 6972 6971
f 6960 6949 6961
f 6960 6961 6972
f 6961 6962 6974
f 6961 6974 6973
f 6962 6963 6975
f 6962 6975 6974
f 6963 6964 6976
f 6963 6976 6975
f 6964 6965 6977
f 6964 6977 6976
f 6965 6966 6978
f 6965 6978 6977
f 6966 6967 6979
f 6966 6979 6978
f 6967 6968 6980
f 6967 6980 6979
f 6968 6969 6981
f 6968 6981 6980
f 6969 6970 6982
f 6969 6982 6981
f 6970 6971 6983
f 6970 6983 6982
f 6971 6972 6984
f 6971 6984 6983
f 6972 6961 6973
f 6972 6973 6984
f 6973 6974 6986
f 6973 6986 6985
f 6974 6975 6987
f 6974 6987 6986
f 6975 6976 6988
f 6975 6988 6987
f 6976 6977 6989
f 6976 6989 6988
f 6977 6978 6990
f 6977 6990 6989
f 6978 6979 6991
f 6978 6991 6990
f 6979 6980 6992
f 6979 6992 6991
f 6980 6981 6993
f 6980 6993 6992
f 6981 6982 6994
f 6981 6994 6993
f 6982 6983 6995
f 6982 6995 6994
f 6983 6984 6996
f 6983 6996 6995
f 6984 6973 6985
f 6984 6985 6996
f 6985 6986 6998
f 6985 6998 6997
f 6986 6987 6999
f 6986 6999 6998
f 6987 6988 7000
f 6987 7000 6999
f 6988 6989 7001
f 6988 7001 7000
f 6989 6990 7002
f 6989 7002 7001
f 6990 6991 7003
f 6990 7003 7002
f 6991 6992 7004
f 6991 7004 7003
f 6992 6993 7005
f 6992 7005 7004
f 6993 6994 7006
f 6993 7006 7005
f 6994 6995 7007
f 6994 7007 7006
f 6995 6996 7008
f 6995 7008 7007
f 6996 6985 6997
f 6996 6997 7008
f 6997 6998 7010
f 6997 7010 7009
f 6998 6999 7011
f 6998 7011 7010
f 6999 7000 7012
f 6999 7012 7011
f 7000 7001 7013
f 7000 7013 7012
f 7001 7002 7014
f 7001 7014 7013
f 7002 7003 7015
f 7002 7015 7014
f 7003 7004 7016
f 7003 7016 7015
f 7004 7005 7017
f 7004 7017 7016
f 7005 7006 7018
f 7005 7018 7017
f 7006 7007 7019
f 7006 7019 7018
f 7007 7008 7020
f 7007 7020 7019
f 7008 6997 7009
f 7008 7009 7020
f 7009 7010 7022
f 7009 7022 7021
f 7010 7011 7023
f 7010 7023 7022
f 7011 7012 7024
f 7011 7024 7023
f 7012 7013 7025
f 7012 7025 7024
f 7013 7014 7026
f 7013 7026 7025
f 7014 7015 7027
f 7014 7027 7026
f 7015 7016 7028
f 7015 7028 7027
f 7016 7017 7029
f 7016 7029 7028
f 7017 7018 7030
f 7017 7030 7029
f 7018 7019 7031
f 7018 7031 7030
f 7019 7020 7032
f 7019 7032 7031
f 7020 7009 7021
f 7020 7021 7032
f 7021 7022 7034
f 7021 7034 7033
f 7022 7023 7035
f 7022 7035 7034
f 7023 7024 7036
f 7023 7036 7035
f 7024 7025 7037
f 7024 7037 7036
f 7025 7026 7038
f 7025 7038 7037
f 7026 7027 7039
f 7026 7039 7038
f 7027 7028 7040
f 7027 7040 7039
f 7028 7029 7041
f 7028 7041 7040
f 7029 7030 7042
f 7029 7042 7041
f 7030 7031 7043
f 7030 7043 7042
f 7031 7032 7044
f 7031 7044 7043
f 7032 7021 7033
f 7032 7033 7044
f 7033 7034 7046
f 7033 7046 7045
f 7034 7035 7047
f 7034 7047 7046
f 7035 7036 7048
f 7035 7048 7047
f 7036 7037 7049
f 7036 7049 7048
f 7037 7038 7050
f 7037 7050 7049
f 7038 7039 7051
f 7038 7051 7050
f 7039 7040 7052
f 7039 7052 7051
f 7040 7041 7053
f 7040 7053 7052
f 7041 7042 7054
f 7041 7054 7053
f 7042 7043 7055
f 7042 7055 7054
f 7043 7044 7056
f 7043 7056 7055
f 7044 7033 7045
f 7044 7045 7056
f 7045 7046 7058
f 7045 7058 7057
f 7046 7047 7059
f 7046 7059 7058
f 7047 7048 7060
f 7047 7060 7059
f 7048 7049 7061
f 7048 7061 7060
f 7049 7050 7062
f 7049 7062 7061
f 7050 7051 7063
f 7050 7063 7062
f 7051 7052 7064
f 7051 7064 7063
f 7052 7053 7065
f 7052 7065 7064
f 7053 7054 7066
f 7053 7066 7065
f 7054 7055 7067
f 7054 7067 7066
f 7055 7056 7068
f 7055 7068 7067
f 7056 7045 7057
f 7056 7057 7068
f 7057 7058 7070
f 7057 7070 7069
f 7058 7059 7071
f 7058 7071 7070
f 7059 7060 7072
f 7059 7072 7071
f 7060 7061 7073
f 7060 7073 7072
f 7061 7062 7074
f 7061 7074 7073
f 7062 7063 7075
f 7062 7075 7074
f 7063 7064 7076
f 7063 7076 7075
f 7064 7065 7077
f 7064 7077 7076
f 7065 7066 7078
f 7065 7078 7077
f 7066 7067 7079
f 7066 7079 7078
f 7067 7068 7080
f 7067 7080 7079
f 7068 7057 7069
f 7068 7069 7080
f 7069 7070 7082
f 7069 7082 7081
f 7070 7071 7083
f 7070 7083 7082
f 7071 7072 7084
f 7071 7084 7083
f 7072 7073 7085
f 7072 7085 7084
f 7073 7074 7086
f 7073 7086 7085
f 7074 7075 7087
f 7074 7087 7086
f 7075 7076 7088
f 7075 7088 7087
f 7076 7077 7089
f 7076 7089 7088
f 7077 7078 7090
f 7077 7090 7089
f 7078 7079 7091
f 7078 7091 7090
f 7079 7080 7092
f 7079 7092 7091
f 7080 7069 7081
f 7080 7081 7092
f 7081 7082 7094
f 7081 7094 7093
f 7082 7083 7095
f 7082 7095 7094
f 7083 7084 7096
f 7083 7096 7095
f 7084 7085 7097
f 7084 7097 7096
f 7085 7086 7098
f 7085 7098 7097
f 7086 7087 7099
f 7086 7099 7098
f 7087 7088 7100
f 7087 7100 7099
f 7088 7089 7101
f 7088 7101 7100
f 7089 7090 7102
f 7089 7102 7101
f 7090 7091 7103
f 7090 7103 7102
f 7091 7092 7104
f 7091 7104 7103
f 7092 7081 7093
f 7092 7093 7104
f 7093 7094 7106
f 7093 7106 7105
f 7094 7095 7107
f 7094 7107 7106
f 7095 7096 7108
f 7095 7108 7107
f 7096 7097 7109
f 7096 7109 7108
f 7097 7098 7110
f 7097 7110 7109
f 7098 7099 7111
f 7098 7111 7110
f 7099 7100 7112
f 7099 7112 7111
f 7100 7101 7113
f 7100 7113 7112
f 7101 7102 7114
f 7101 7114 7113
f 7102 7103 7115
f 7102 7115 7114
f 7103 7104 7116
f 7103 7116 7115
f 7104 7093 7105
f 7104 7105 7116
f 7105 7106 7118
f 7105 7118 7117
f 7106 7107 7119
f 7106 7119 7118
f 7107 7108 7120
f 7107 7120 7119
f 7108 7109 7121
f 7108 7121 7120
f 7109 7110 7122
f 7109 7122 7121
f 7110 7111 7123
f 7110 7123 7122
f 7111 7112 7124
f 7111 7124 7123
f 7112 7113 7125
f 7112 7125 7124
f 7113 7114 7126
f 7113 7126 7125
f 7114 7115 7127
f 7114 7127 7126
f 7115 7116 7128
f 7115 7128 7127
f 7116 7105 7117
f 7116 7117 7128
f 7117 7118 7130
f 7117 7130 7129
f 7118 7119 7131
f 7118 7131 7130
f 7119 7120 7132
f 7119 7132 7131
f 7120 7121 7133
f 7120 7133 7132
f 7121 7122 7134
f 7121 7134 7133
f 7122 7123 7135
f 7122 7135 7134
f 7123 7124 7136
f 7123 7136 7135
f 7124 7125 7137
f 7124 7137 7136
f 7125 7126 7138
f 7125 7138 7137
f 7126 7127 7139
f 7126 7139 7138
f 7127 7128 7140
f 7127 7140 7139
f 7128 7117 7129
f 7128 7129 7140
f 7129 7130 7142
f 7129 7142 7141
f 7130 7131 7143
f 7130 7143 7142
f 7131 7132 7144
f 7131 7144 7143
f 7132 7133 7145
f 7132 7145 7144
f 7133 7134 7146
f 7133 7146 7145
f 7134 7135 7147
f 7134 7147 7146
f 7135 7136 7148
f 7135 7148 7147
f 7136 7137 7149
f 7136 7149 7148
f 7137 7138 7150
f 7137 7150 7149
f 7138 7139 7151
f 7138 7151 7150
f 7139 7140 7152
f 7139 7152 7151
f 7140 7129 7141
f 7140 7141 7152
f 7141 7142 7154
f 7141 7154 7153
f 7142 7143 7155
f 7142 7155 7154
f 7143 7144 7156
f 7143 7156 7155
f 7144 7145 7157
f 7144 7157 7156
f 7145 7146 7158
f 7145 7158 7157
f 7146 7147 7159
f 7146 7159 7158
f 7147 7148 7160
f 7147 7160 7159
f 7148 7149 7161
f 7148 7161 7160
f 7149 7150 7162
f 7149 7162 7161
f 7150 7151 7163
f 7150 7163 7162
f 7151 7152 7164
f 7151 7164 7163
f 7152 7141 7153
f 7152 7153 7164
f 7153 7154 7166
f 7153 7166 7165
f 7154 7155 7167
f 7154 7167 7166
f 7155 7156 7168
f 7155 7168 7167
f 7156 7157 7169
f 7156 7169 7168
f 7157 7158 7170
f 7157 7170 7169
f 7158 7159 7171
f 7158 7171 7170
f 7159 7160 7172
f 7159 7172 7171
f 7160 7161 7173
f 7160 7173 7172
f 7161 7162 7174
f 7161 7174 7173
f 7162 7163 7175
f 7162 7175 7174
f 7163 7164 7176
f 7163 7176 7175
f 7164 7153 7165
f 7164 7165 7176
f 7165 7166 7178
f 7165 7178 7177
f 7166 7167 7179
f 7166 7179 7178
f 7167 7168 7180
f 7167 7180 7179
f 7168 7169 7181
f 7168 7181 7180
f 7169 7170 7182
f 7169 7182 7181
f 7170 7171 7183
f 7170 7183 7182
f 7171 7172 7184
f 7171 7184 7183
f 7172 7173 7185
f 7172 7185 7184
f 7173 7174 7186
f 7173 7186 7185
f 7174 7175 7187
f 7174 7187 7186
f 7175 7176 7188
f 7175 7188 7187
f 7176 7165 7177
f 7176 7177 7188
f 7177 7178 7190
f 7177 7190 7189
f 7178 7179 7191
f 7178 7191 7190
f 7179 7180 7192
f 7179 7192 7191
f 7180 7181 7193
f 7180 7193 7192
f 7181 7182 7194
f 7181 7194 7193
f 7182 7183 7195
f 7182 7195 7194
f 7183 7184 7196
f 7183 7196 7195
f 7184 7185 7197
f 7184 7197 7196
f 7185 7186 7198
f 7185 7198 7197
f 7186 7187 7199
f 7186 7199 7198
f 7187 7188 7200
f 7187 7200 7199
f 7188 7177 7189
f 7188 7189 7200
f 7189 7190 7202
f 7189 7202 7201
f 7190 7191 7203
f 7190 7203 7202
f 7191 7192 7204
f 7191 7204 7203
f 7192 7193 7205
f 7192 7205 7204
f 7193 7194 7206
f 7193 7206 7205
f 7194 7195 7207
f 7194 7207 7206
f 7195 7196 7208
f 7195 7208 7207
f 7196 7197 7209
f 7196 7209 7208
f 7197 7198 7210
f 7197 7210 7209
f 7198 7199 7211
f 7198 7211 7210
f 7199 7200 7212
f 7199 7212 7211
f 7200 7189 7201
f 7200 7201 7212
f 7201 7202 7214
f 7201 7214 7213
f 7202 7203 7215
f 7202 7215 7214
f 7203 7204 7216
f 7203 7216 7215
f 7204 7205 7217
f 7204 7217 7216
f 7205 7206 7218
f 7205 7218 7217
f 7206 7207 7219
f 7206 7219 7218
f 7207 7208 7220
f 7207 7220 7219
f 7208 7209 7221
f 7208 7221 7220
f 7209 7210 7222
f 7209 7222 7221
f 7210 7211 7223
f 7210 7223 7222
f 7211 7212 7224
f 7211 7224 7223
f 7212 7201 7213
f 7212 7213 7224
f 7213 7214 7226
f 7213 7226 7225
f 7214 7215 7227
f 7214 7227 7226
f 7215 7216 7228
f 7215 7228 7227
f 7216 7217 7229
f 7216 7229 7228
f 7217 7218 7230
f 7217 7230 7229
f 7218 7219 7231
f 7218 7231 7230
f 7219 7220 7232
f 7219 7232 7231
f 7220 7221 7233
f 7220 7233 7232
f 7221 7222 7234
f 7221 7234 7233
f 7222 7223 7235
f 7222 7235 7234
f 7223 7224 7236
f 7223 7236 7235
f 7224 7213 7225
f 7224 7225 7236
f 7225 7226 7238
f 7225 7238 7237
f 7226 7227 7239
f 7226 7239 7238
f 7227 7228 7240
f 7227 7240 7239
f 7228 7229 7241
f 7228 7241 7240
f 7229 7230 7242
f 7229 7242 7241
f 7230 7231 7243
f 7230 7243 7242
f 7231 7232 7244
f 7231 7244 7243
f 7232 7233 7245
f 7232 7245 7244
f 7233 7234 7246
f 7233 7246 7245
f 7234 7235 7247
f 7234 7247 7246
f 7235 7236 7248
f 7235 7248 7247
f 7236 7225 7237
f 7236 7237 7248
f 7237 7238 7250
f 7237 7250 7249
f 7238 7239 7251
f 7238 7251 7250
f 7239 7240 7252
f 7239 7252 7251
f 7240 7241 7253
f 7240 7253 7252
f 7241 7242 7254
f 7241 7254 7253
f 7242 7243 7255
f 7242 7255 7254
f 7243 7244 7256
f 7243 7256 7255
f 7244 7245 7257
f 7244 7257 7256
f 7245 7246 7258
f 7245 7258 7257
f 7246 7247 7259
f 7246 7259 7258
f 7247 7248 7260
f 7247 7260 7259
f 7248 7237 7249
f 7248 7249 7260
f 7249 7250 7262
f 7249 7262 7261
f 7250 7251 7263
f 7250 7263 7262
f 7251 7252 7264
f 7251 7264 7263
f 7252 7253 7265
f 7252 7265 7264
f 7253 7254 7266
f 7253 7266 7265
f 7254 7255 7267
f 7254 7267 7266
f 7255 7256 7268
f 7255 7268 7267
f 7256 7257 7269
f 7256 7269 7268
f 7257 7258 7270
f 7257 7270 7269
f 7258 7259 7271
f 7258 7271 7270
f 7259 7260 7272
f 7259 7272 7271
f 7260 7249 7261
f 7260 7261 7272
f 7261 7262 7274
f 7261 7274 7273
f 7262 7263 7275
f 7262 7275 7274
f 7263 7264 7276
f 7263 7276 7275
f 7264 7265 7277
f 7264 7277 7276
f 7265 7266 7278
f 7265 7278 7277
f 7266 7267 7279
f 7266 7279 7278
f 7267 7268 7280
f 7267 7280 7279
f 7268 7269 7281
f 7268 7281 7280
f 7269 7270 7282
f 7269 7282 7281
f 7270 7271 7283
f 7270 7283 7282
f 7271 7272 7284
f 7271 7284 7283
f 7272 7261 7273
f 7272 7273 7284
f 7273 7274 7286
f 7273 7286 7285
f 7274 7275 7287
f 7274 7287 7286
f 7275 7276 7288
f 7275 7288 7287
f 7276 7277 7289
f 7276 7289 7288
f 7277 7278 7290
f 7277 7290 7289
f 7278 7279 7291
f 7278 7291 7290
f 7279 7280 7292
f 7279 7292 7291
f 7280 7281 7293
f 7280 7293 7292
f 7281 7282 7294
f 7281 7294 7293
f 7282 7283 7295
f 7282 7295 7294
f 7283 7284 7296
f 7283 7296 7295
f 7284 7273 7285
f 7284 7285 7296
f 7285 7286 7298
f 7285 7298 7297
f 7286 7287 7299
f 7286 7299 7298
f 7287 7288 7300
f 7287 7300 7299
f 7288 7289 7301
f 7288 7301 7300
f 7289 7290 7302
f 7289 7302 7301
f 7290 7291 7303
f 7290 7303 7302
f 7291 7292 7304
f 7291 7304 7303
f 7292 7293 7305
f 7292 7305 7304
f 7293 7294 7306
f 7293 7306 7305
f 7294 7295 7307
f 7294 7307 7306
f 7295 7296 7308
f 7295 7308 7307
f 7296 7285 7297
f 7296 7297 7308
f 7297 7298 7310
f 7297 7310 7309
f 7298 7299 7311
f 7298 7311 7310
f 7299 7300 7312
f 7299 7312 7311
f 7300 7301 7313
f 7300 7313 7312
f 7301 7302 7314
f 7301 7314 7313
f 7302 7303 7315
f 7302 7315 7314
f 7303 7304 7316
f 7303 7316 7315
f 7304 7305 7317
f 7304 7317 7316
f 7305 7306 7318
f 7305 7318 7317
f 7306 7307 7319
f 7306 7319 7318
f 7307 7308 7320
f 7307 7320 7319
f 7308 7297 7309
f 7308 7309 7320
f 7309 7310 7322
f 7309 7322 7321
f 7310 7311 7323
f 7310 7323 7322
f 7311 7312 7324
f 7311 7324 7323
f 7312 7313 7325
f 7312 7325 7324
f 7313 7314 7326
f 7313 7326 7325
f 7314 7315 7327
f 7314 7327 7326
f 7315 7316 7328
f 7315 7328 7327
f 7316 7317 7329
f 7316 7329 7328
f 7317 7318 7330
f 7317 7330 7329
f 7318 7319 7331
f 7318 7331 7330
f 7319 7320 7332
f 7319 7332 7331
f 7320 7309 7321
f 7320 7321 7332
f 7321 7322 7334
f 7321 7334 7333
f 7322 7323 7335
f 7322 7335 7334
f 7323 7324 7336
f 7323 7336 7335
f 7324 7325 7337
f 7324 7337 7336
f 7325 7326 7338
f 7325 7338 7337
f 7326 7327 7339
f 7326 7339 7338
f 7327 7328 7340
f 7327 7340 7339
f 7328 7329 7341
f 7328 7341 7340
f 7329 7330 7342
f 7329 7342 7341
f 7330 7331 7343
f 7330 7343 7342
f 7331 7332 7344
f 7331 7344 7343
f 7332 7321 7333
f 7332 7333 7344
f 7333 7334 7346
f 7333 7346 7345
f 7334 7335 7347
f 7334 7347 7346
f 7335 7336 7348
f 7335 7348 7347
f 7336 7337 7349
f 7336 7349 7348
f 7337 7338 7350
f 7337 7350 7349
f 7338 7339 7351
f 7338 7351 7350
f 7339 7340 7352
f 7339 7352 7351
f 7340 7341 7353
f 7340 7353 7352
f 7341 7342 7354
f 7341 7354 7353
f 7342 7343 7355
f 7342 7355 7354
f 7343 7344 7356
f 7343 7356 7355
f 7344 7333 7345
f 7344 7345 7356
f 7345 7346 7358
f 7345 7358 7357
f 7346 7347 7359
f 7346 7359 7358
f 7347 7348 7360
f 7347 7360 7359
f 7348 7349 7361
f 7348 7361 7360
f 7349 7350 7362
f 7349 7362 7361
f 7350 7351 7363
f 7350 7363 7362
f 7351 7352 7364
f 7351 7364 7363
f 7352 7353 7365
f 7352 7365 7364
f 7353 7354 7366
f 7353 7366 7365
f 7354 7355 7367
f 7354 7367 7366
f 7355 7356 7368
f 7355 7368 7367
f 7356 7345 7357
f 7356 7357 7368
f 7357 7358 7370
f 7357 7370 7369
f 7358 7359 7371
f 7358 7371 7370
f 7359 7360 7372
f 7359 7372 7371
f 7360 7361 7373
f 7360 7373 7372
f 7361 7362 7374
f 7361 7374 7373
f 7362 7363 7375
f 7362 7375 7374
f 7363 7364 7376
f 7363 7376 7375
f 7364 7365 7377
f 7364 7377 7376
f 7365 7366 7378
f 7365 7378 7377
f 7366 7367 7379
f 7366 7379 7378
f 7367 7368 7380
f 7367 7380 7379
f 7368 7357 7369
f 7368 7369 7380
f 7369 7370 7382
f 7369 7382 7381
f 7370 7371 7383
f 7370 7383 7382
f 7371 7372 7384
f 7371 7384 7383
f 7372 7373 7385
f 7372 7385 7384
f 7373 7374 7386
f 7373 7386 7385
f 7374 7375 7387
f 7374 7387 7386
f 7375 7376 7388
f 7375 7388 7387
f 7376 7377 7389
f 7376 7389 7388
f 7377 7378 7390
f 7377 7390 7389
f 7378 7379 7391
f 7378 7391 7390
f 7379 7380 7392
f 7379 7392 7391
f 7380 7369 7381
f 7380 7381 7392
f 7381 7382 7394
f 7381 7394 7393
f 7382 7383 7395
f 7382 7395 7394
f 7383 7384 7396
f 7383 7396 7395
f 7384 7385 7397
f 7384 7397 7396
f 7385 7386 7398
f 7385 7398 7397
f 7386 7387 7399
f 7386 7399 7398
f 7387 7388 7400
f 7387 7400 7399
f 7388 7389 7401
f 7388 7401 7400
f 7389 7390 7402
f 7389 7402 7401
f 7390 7391 7403
f 7390 7403 7402
f 7391 7392 7404
f 7391 7404 7403
f 7392 7381 7393
f 7392 7393 7404
f 7393 7394 7406
f 7393 7406 7405
f 7394 7395 7407
f 7394 7407 7406
f 7395 7396 7408
f 7395 7408 7407
f 7396 7397 7409
f 7396 7409 7408
f 7397 7398 7410
f 7397 7410 7409
f 7398 7399 7411
f 7398 7411 7410
f 7399 7400 7412
f 7399 7412 7411
f 7400 7401 7413
f 7400 7413 7412
f 7401 7402 7414
f 7401 7414 7413
f 7402 7403 7415
f 7402 7415 7414
f 7403 7404 7416
f 7403 7416 7415
f 7404 7393 7405
f 7404 7405 7416
f 7405 7406 7418
f 7405 7418 7417
f 7406 7407 7419
f 7406 7419 7418
f 7407 7408 7420
f 7407 7420 7419
f 7408 7409 7421
f 7408 7421 7420
f 7409 7410 7422
f 7409 7422 7421
f 7410 7411 7423
f 7410 7423 7422
f 7411 7412 7424
f 7411 7424 7423
f 7412 7413 7425
f 7412 7425 7424
f 7413 7414 7426
f 7413 7426 7425
f 7414 7415 7427
f 7414 7427 7426
f 7415 7416 7428
f 7415 7428 7427
f 7416 7405 7417
f 7416 7417 7428
f 7417 7418 7430
f 7417 7430 7429
f 7418 7419 7431
f 7418 7431 7430
f 7419 7420 7432
f 7419 7432 7431
f 7420 7421 7433
f 7420 7433 7432
f 7421 7422 7434
f 7421 7434 7433
f 7422 7423 7435
f 7422 7435 7434
f 7423 7424 7436
f 7423 7436 7435
f 7424 7425 7437
f 7424 7437 7436
f 7425 7426 7438
f 7425 7438 7437
f 7426 7427 7439
f 7426 7439 7438
f 7427 7428 7440
f 7427 7440 7439
f 7428 7417 7429
f 7428 7429 7440
f 7429 7430 7442
f 7429 7442 7441
f 7430 7431 7443
f 7430 7443 7442
f 7431 7432 7444
f 7431 7444 7443
f 7432 7433 7445
f 7432 7445 7444
f 7433 7434 7446
f 7433 7446 7445
f 7434 7435 7447
f 7434 7447 7446
f 7435 7436 7448
f 7435 7448 7447
f 7436 7437 7449
f 7436 7449 7448
f 7437 7438 7450
f 7437 7450 7449
f 7438 7439 7451
f 7438 7451 7450
f 7439 7440 7452
f 7439 7452 7451
f 7440 7429 7441
f 7440 7441 7452
f 7441 7442 7454
f 7441 7454 7453
f 7442 7443 7455
f 7442 7455 7454
f 7443 7444 7456
f 7443 7456 7455
f 7444 7445 7457
f 7444 7457 7456
f 7445 7446 7458
f 7445 7458 7457
f 7446 7447 7459
f 7446 7459 7458
f 7447 7448 7460
f 7447 7460 7459
f 7448 7449 7461
f 7448 7461 7460
f 7449 7450 7462
f 7449 7462 7461
f 7450 7451 7463
f 7450 7463 7462
f 7451 7452 7464
f 7451 7464 7463
f 7452 7441 7453
f 7452 7453 7464
f 7453 7454 7466
f 7453 7466 7465
f 7454 7455 7467
f 7454 7467 7466
f 7455 7456 7468
f 7455 7468 7467
f 7456 7457 7469
f 7456 7469 7468
f 7457 7458 7470
f 7457 7470 7469
f 7458 7459 7471
f 7458 7471 7470
f 7459 7460 7472
f 7459 7472 7471
f 7460 7461 7473
f 7460 7473 7472
f 7461 7462 7474
f 7461 7474 7473
f 7462 7463 7475
f 7462 7475 7474
f 7463 7464 7476
f 7463 7476 7475
f 7464 7453 7465
f 7464 7465 7476
f 7465 7466 7478
f 7465 7478 7477
f 7466 7467 7479
f 7466 7479 7478
f 7467 7468 7480
f 7467 7480 7479
f 7468 7469 7481
f 7468 7481 7480
f 7469 7470 7482
f 7469 7482 7481
f 7470 7471 7483
f 7470 7483 7482
f 7471 7472 7484
f 7471 7484 7483
f 7472 7473 7485
f 7472 7485 7484
f 7473 7474 7486
f 7473 7486 7485
f 7474 7475 7487
f 7474 7487 7486
f 7475 7476 7488
f 7475 7488 7487
f 7476 7465 7477
f 7476 7477 7488
f 7477 7478 7490
f 7477 7490 7489
f 7478 7479 7491
f 7478 7491 7490
f 7479 7480 7492
f 7479 7492 7491
f 7480 7481 7493
f 7480 7493 7492
f 7481 7482 7494
f 7481 7494 7493
f 7482 7483 7495
f 7482 7495 7494
f 7483 7484 7496
f 7483 7496 7495
f 7484 7485 7497
f 7484 7497 7496
f 7485 7486 7498
f 7485 7498 7497
f 7486 7487 7499
f 7486 7499 7498
f 7487 7488 7500
f 7487 7500 7499
f 7488 7477 7489
f 7488 7489 7500
f 7489 7490 7502
f 7489 7502 7501
f 7490 7491 7503
f 7490 7503 7502
f 7491 7492 7504
f 7491 7504 7503
f 7492 7493 7505
f 7492 7505 7504
f 7493 7494 7506
f 7493 7506 7505
f 7494 7495 7507
f 7494 7507 7506
f 7495 7496 7508
f 7495 7508 7507
f 7496 7497 7509
f 7496 7509 7508
f 7497 7498 7510
f 7497 7510 7509
f 7498 7499 7511
f 7498 7511 7510
f 7499 7500 7512
f 7499 7512 7511
f 7500 7489 7501
f 7500 7501 7512
f 7501 7502 7514
f 7501 7514 7513
f 7502 7503 7515
f 7502 7515 7514
f 7503 7504 7516
f 7503 7516 7515
f 7504 7505 7517
f 7504 7517 7516
f 7505 7506 7518
f 7505 7518 7517
f 7506 7507 7519
f 7506 7519 7518
f 7507 7508 7520
f 7507 7520 7519
f 7508 7509 7521
f 7508 7521 7520
f 7509 7510 7522
f 7509 7522 7521
f 7510 7511 7523
f 7510 7523 7522
f 7511 7512 7524
f 7511 7524 7523
f 7512 7501 7513
f 7512 7513 7524
f 7513 7514 7526
f 7513 7526 7525
f 7514 7515 7527
f 7514 7527 7526
f 7515 7516 7528
f 7515 7528 7527
f 7516 7517 7529
f 7516 7529 7528
f 7517 7518 7530
f 7517 7530 7529
f 7518 7519 7531
f 7518 7531 7530
f 7519 7520 7532
f 7519 7532 7531
f 7520 7521 7533
f 7520 7533 7532
f 7521 7522 7534
f 7521 7534 7533
f 7522 7523 7535
f 7522 7535 7534
f 7523 7524 7536
f 7523 7536 7535
f 7524 7513 7525
f 7524 7525 7536
f 7525 7526 7538
f 7525 7538 7537
f 7526 7527 7539
f 7526 7539 7538
f 7527 7528 7540
f 7527 7540 7539
f 7528 7529 7541
f 7528 7541 7540
f 7529 7530 7542
f 7529 7542 7541
f 7530 7531 7543
f 7530 7543 7542
f 7531 7532 7544
f 7531 7544 7543
f 7532 7533 7545
f 7532 7545 7544
f 7533 7534 7546
f 7533 7546 7545
f 7534 7535 7547
f 7534 7547 7546
f 7535 7536 7548
f 7535 7548 7547
f 7536 7525 7537
f 7536 7537 7548
f 7537 7538 7550
f 7537 7550 7549
f 7538 7539 7551
f 7538 7551 7550
f 7539 7540 7552
f 7539 7552 7551
f 7540 7541 7553
f 7540 7553 7552
f 7541 7542 7554
f 7541 7554 7553
f 7542 7543 7555
f 7542 7555 7554
f 7543 7544 7556
f 7543 7556 7555
f 7544 7545 7557
f 7544 7557 7556
f 7545 7546 7558
f 7545 7558 7557
f 7546 7547 7559
f 7546 7559 7558
f 7547 7548 7560
f 7547 7560 7559
f 7548 7537 7549
f 7548 7549 7560
f 7549 7550 7562
f 7549 7562 7561
f 7550 7551 7563
f 7550 7563 7562
f 7551 7552 7564
f 7551 7564 7563
f 7552 7553 7565
f 7552 7565 7564
f 7553 7554 7566
f 7553 7566 7565
f 7554 7555 7567
f 7554 7567 7566
f 7555 7556 7568
f 7555 7568 7567
f 7556 7557 7569
f 7556 7569 7568
f 7557 7558 7570
f 7557 7570 7569
f 7558 7559 7571
f 7558 7571 7570
f 7559 7560 7572
f 7559 7572 7571
f 7560 7549 7561
f 7560 7561 7572
f 7561 7562 7574
f 7561 7574 7573
f 7562 7563 7575
f 7562 7575 7574
f 7563 7564 7576
f 7563 7576 7575
f 7564 7565 7577
f 7564 7577 7576
f 7565 7566 7578
f 7565 7578 7577
f 7566 7567 7579
f 7566 7579 7578
f 7567 7568 7580
f 7567 7580 7579
f 7568 7569 7581
f 7568 7581 7580
f 7569 7570 7582
f 7569 7582 7581
f 7570 7571 7583
f 7570 7583 7582
f 7571 7572 7584
f 7571 7584 7583
f 7572 7561 7573
f 7572 7573 7584
f 7573 7574 7586
f 7573 7586 7585
f 7574 7575 7587
f 7574 7587 7586
f 7575 7576 7588
f 7575 7588 7587
f 7576 7577 7589
f 7576 7589 7588
f 7577 7578 7590
f 7577 7590 7589
f 7578 7579 7591
f 7578 7591 7590
f 7579 7580 7592
f 7579 7592 7591
f 7580 7581 7593
f 7580 7593 7592
f 7581 7582 7594
f 7581 7594 7593
f 7582 7583 7595
f 7582 7595 7594
f 7583 7584 7596
f 7583 7596 7595
f 7584 7573 7585
f 7584 7585 7596
f 7585 7586 7598
f 7585 7598 7597
f 7586 7587 7599
f 7586 7599 7598
f 7587 7588 7600
f 7587 7600 7599
f 7588 7589 7601
f 7588 7601 7600
f 7589 7590 7602
f 7589 7602 7601
f 7590 7591 7603
f 7590 7603 7602
f 7591 7592 7604
f 7591 7604 7603
f 7592 7593 7605
f 7592 7605 7604
f 7593 7594 7606
f 7593 7606 7605
f 7594 7595 7607
f 7594 7607 7606
f 7595 7596 7608
f 7595 7608 7607
f 7596 7585 7597
f 7596 7597 7608
f 7597 7598 7610
f 7597 7610 7609
f 7598 7599 7611
f 7598 7611 7610
f 7599 7600 7612
f 7599 7612 7611
f 7600 7601 7613
f 7600 7613 7612
f 7601 7602 7614
f 7601 7614 7613
f 7602 7603 7615
f 7602 7615 7614
f 7603 7604 7616
f 7603 7616 7615
f 7604 7605 7617
f 7604 7617 7616
f 7605 7606 7618
f 7605 7618 7617
f 7606 7607 7619
f 7606 7619 7618
f 7607 7608 7620
f 7607 7620 7619
f 7608 7597 7609
f 7608 7609 7620
f 7609 7610 7622
f 7609 7622 7621
f 7610 7611 7623
f 7610 7623 7622
f 7611 7612 7624
f 7611 7624 7623
f 7612 7613 7625
f 7612 7625 7624
f 7613 7614 7626
f 7613 7626 7625
f 7614 7615 7627
f 7614 7627 7626
f 7615 7616 7628
f 7615 7628 7627
f 7616 7617 7629
f 7616 7629 7628
f 7617 7618 7630
f 7617 7630 7629
f 7618 7619 7631
f 7618 7631 7630
f 7619 7620 7632
f 7619 7632 7631
f 7620 7609 7621
f 7620 7621 7632
f 7621 7622 7634
f 7621 7634 7633
f 7622 7623 7635
f 7622 7635 7634
f 7623 7624 7636
f 7623 7636 7635
f 7624 7625 7637
f 7624 7637 7636
f 7625 7626 7638
f 7625 7638 7637
f 7626 7627 7639
f 7626 7639 7638
f 7627 7628 7640
f 7627 7640 7639
f 7628 7629 7641
f 7628 7641 7640
f 7629 7630 7642
f 7629 7642 7641
f 7630 7631 7643
f 7630 7643 7642
f 7631 7632 7644
f 7631 7644 7643
f 7632 7621 7633
f 7632 7633 7644
f 7633 7634 7646
f 7633 7646 7645
f 7634 7635 7647
f 7634 7647 7646
f 7635 7636 7648
f 7635 7648 7647
f 7636 7637 7649
f 7636 7649 7648
f 7637 7638 7650
f 7637 7650 7649
f 7638 7639 7651
f 7638 7651 7650
f 7639 7640 7652
f 7639 7652 7651
f 7640 7641 7653
f 7640 7653 7652
f 7641 7642 7654
f 7641 7654 7653
f 7642 7643 7655
f 7642 7655 7654
f 7643 7644 7656
f 7643 7656 7655
f 7644 7633 7645
f 7644 7645 7656
f 7645 7646 7658
f 7645 7658 7657
f 7646 7647 7659
f 7646 7659 7658
f 7647 7648 7660
f 7647 7660 7659
f 7648 7649 7661
f 7648 7661 7660
f 7649 7650 7662
f 7649 7662 7661
f 7650 7651 7663
f 7650 7663 7662
f 7651 7652 7664
f 7651 7664 7663
f 7652 7653 7665
f 7652 7665 7664
f 7653 7654 7666
f 7653 7666 7665
f 7654 7655 7667
f 7654 7667 7666
f 7655 7656 7668
f 7655 7668 7667
f 7656 7645 7657
f 7656 7657 7668
f 7657 7658 7670
f 7657 7670 7669
f 7658 7659 7671
f 7658 7671 7670
f 7659 7660 7672
f 7659 7672 7671
f 7660 7661 7673
f 7660 7673 7672
f 7661 7662 7674
f 7661 7674 7673
f 7662 7663 7675
f 7662 7675 7674
f 7663 7664 7676
f 7663 7676 7675
f 7664 7665 7677
f 7664 7677 7676
f 7665 7666 7678
f 7665 7678 7677
f 7666 7667 7679
f 7666 7679 7678
f 7667 7668 7680
f 7667 7680 7679
f 7668 7657 7669
f 7668 7669 7680
f 7669 7670 7682
f 7669 7682 7681
f 7670 7671 7683
f 7670 7683 7682
f 7671 7672 7684
f 7671 7684 7683
f 7672 7673 7685
f 7672 7685 7684
f 7673 7674 7686
f 7673 7686 7685
f 7674 7675 7687
f 7674 7687 7686
f 7675 7676 7688
f 7675 7688 7687
f 7676 7677 7689
f 7676 7689 7688
f 7677 7678 7690
f 7677 7690 7689
f 7678 7679 7691
f 7678 7691 7690
f 7679 7680 7692
f 7679 7692 7691
f 7680 7669 7681
f 7680 7681 7692
f 7681 7682 7694
f 7681 7694 7693
f 7682 7683 7695
f 7682 7695 7694
f 7683 7684 7696
f 7683 7696 7695
f 7684 7685 7697
f 7684 7697 7696
f 7685 7686 7698
f 7685 7698 7697
f 7686 7687 7699
f 7686 7699 7698
f 7687 7688 7700
f 7687 7700 7699
f 7688 7689 7701
f 7688 7701 7700
f 7689 7690 7702
f 7689 7702 7701
f 7690 7691 7703
f 7690 7703 7702
f 7691 7692 7704
f 7691 7704 7703
f 7692 7681 7693
f 7692 7693 7704
f 7693 7694 7706
f 7693 7706 7705
f 7694 7695 7707
f 7694 7707 7706
f 7695 7696 7708
f 7695 7708 7707
f 7696 7697 7709
f 7696 7709 7708
f 7697 7698 7710
f 7697 7710 7709
f 7698 7699 7711
f 7698 7711 7710
f 7699 7700 7712
f 7699 7712 7711
f 7700 7701 7713
f 7700 7713 7712
f 7701 7702 7714
f 7701 7714 7713
f 7702 7703 7715
f 7702 7715 7714
f 7703 7704 7716
f 7703 7716 7715
f 7704 7693 7705
f 7704 7705 7716
f 7705 7706 7718
f 7705 7718 7717
f 7706 7707 7719
f 7706 7719 7718
f 7707 7708 7720
f 7707 7720 7719
f 7708 7709 7721
f 7708 7721 7720
f 7709 7710 7722
f 7709 7722 7721
f 7710 7711 7723
f 7710 7723 7722
f 7711 7712 7724
f 7711 7724 7723
f 7712 7713 7725
f 7712 7725 7724
f 7713 7714 7726
f 7713 7726 7725
f 7714 7715 7727
f 7714 7727 7726
f 7715 7716 7728
f 7715 7728 7727
f 7716 7705 7717
f 7716 7717 7728
f 7717 7718 7730
f 7717 7730 7729
f 7718 7719 7731
f 7718 7731 7730
f 7719 7720 7732
f 7719 7732 7731
f 7720 7721 7733
f 7720 7733 7732
f 7721 7722 7734
f 7721 7734 7733
f 7722 7723 7735
f 7722 7735 7734
f 7723 7724 7736
f 7723 7736 7735
f 7724 7725 7737
f 7724 7737 7736
f 7725 7726 7738
f 7725 7738 7737
f 7726 7727 7739
f 7726 7739 7738
f 7727 7728 7740
f 7727 7740 7739
f 7728 7717 7729
f 7728 7729 7740
f 7729 7730 7742
f 7729 7742 7741
f 7730 7731 7743
f 7730 7743 7742
f 7731 7732 7744
f 7731 7744 7743
f 7732 7733 7745
f 7732 7745 7744
f 7733 7734 7746
f 7733 7746 7745
f 7734 7735 7747
f 7734 7747 7746
f 7735 7736 7748
f 7735 7748 7747
f 7736 7737 7749
f 7736 7749 7748
f 7737 7738 7750
f 7737 7750 7749
f 7738 7739 7751
f 7738 7751 7750
f 7739 7740 7752
f 7739 7752 7751
f 7740 7729 7741
f 7740 7741 7752
f 7741 7742 7754
f 7741 7754 7753
f 7742 7743 7755
f 7742 7755 7754
f 7743 7744 7756
f 7743 7756 7755
f 7744 7745 7757
f 7744 7757 7756
f 7745 7746 7758
f 7745 7758 7757
f 7746 7747 7759
f 7746 7759 7758
f 7747 7748 7760
f 7747 7760 7759
f 7748 7749 7761
f 7748 7761 7760
f 7749 7750 7762
f 7749 7762 7761
f 7750 7751 7763
f 7750 7763 7762
f 7751 7752 7764
f 7751 7764 7763
f 7752 7741 7753
f 7752 7753 7764
f 7753 7754 7766
f 7753 7766 7765
f 7754 7755 7767
f 7754 7767 7766
f 7755 7756 7768
f 7755 7768 7767
f 7756 7757 7769
f 7756 7769 7768
f 7757 7758 7770
f 7757 7770 7769
f 7758 7759 7771
f 7758 7771 7770
f 7759 7760 7772
f 7759 7772 7771
f 7760 7761 7773
f 7760 7773 7772
f 7761 7762 7774
f 7761 7774 7773
f 7762 7763 7775
f 7762 7775 7774
f 7763 7764 7776
f 7763 7776 7775
f 7764 7753 7765
f 7764 7765 7776
f 7765 7766 7778
f 7765 7778 7777
f 7766 7767 7779
f 7766 7779 7778
f 7767 7768 7780
f 7767 7780 7779
f 7768 7769 7781
f 7768 7781 7780
f 7769 7770 7782
f 7769 7782 7781
f 7770 7771 7783
f 7770 7783 7782
f 7771 7772 7784
f 7771 7784 7783
f 7772 7773 7785
f 7772 7785 7784
f 7773 7774 7786
f 7773 7786 7785
f 7774 7775 7787
f 7774 7787 7786
f 7775 7776 7788
f 7775 7788 7787
f 7776 7765 7777
f 7776 7777 7788
f 7777 7778 7790
f 7777 7790 7789
f 7778 7779 7791
f 7778 7791 7790
f 7779 7780 7792
f 7779 7792 7791
f 7780 7781 7793
f 7780 7793 7792
f 7781 7782 7794
f 7781 7794 7793
f 7782 7783 7795
f 7782 7795 7794
f 7783 7784 7796
f 7783 7796 7795
f 7784 7785 7797
f 7784 7797 7796
f 7785 7786 7798
f 7785 7798 7797
f 7786 7787 7799
f 7786 7799 7798
f 7787 7788 7800
f 7787 7800 7799
f 7788 7777 7789
f 7788 7789 7800
f 7789 7790 7802
f 7789 7802 7801
f 7790 7791 7803
f 7790 7803 7802
f 7791 7792 7804
f 7791 7804 7803
f 7792 7793 7805
f 7792 7805 7804
f 7793 7794 7806
f 7793 7806 7805
f 7794 7795 7807
f 7794 7807 7806
f 7795 7796 7808
f 7795 7808 7807
f 7796 7797 7809
f 7796 7809 7808
f 7797 7798 7810
f 7797 7810 7809
f 7798 7799 7811
f 7798 7811 7810
f 7799 7800 7812
f 7799 7812 7811
f 7800 7789 7801
f 7800 7801 7812
f 7801 7802 7814
f 7801 7814 7813
f 7802 7803 7815
f 7802 7815 7814
f 7803 7804 7816
f 7803 7816 7815
f 7804 7805 7817
f 7804 7817 7816
f 7805 7806 7818
f 7805 7818 7817
f 7806 7807 7819
f 7806 7819 7818
f 7807 7808 7820
f 7807 7820 7819
f 7808 7809 7821
f 7808 7821 7820
f 7809 7810 7822
f 7809 7822 7821
f 7810 7811 7823
f 7810 7823 7822
f 7811 7812 7824
f 7811 7824 7823
f 7812 7801 7813
f 7812 7813 7824
f 7813 7814 7826
f 7813 7826 7825
f 7814 7815 7827
f 7814 7827 7826
f 7815 7816 7828
f 7815 7828 7827
f 7816 7817 7829
f 7816 7829 7828
f 7817 7818 7830
f 7817 7830 7829
f 7818 7819 7831
f 7818 7831 7830
f 7819 7820 7832
f 7819 7832 7831
f 7820 7821 7833
f 7820 7833 7832
f 7821 7822 7834
f 7821 7834 7833
f 7822 7823 7835
f 7822 7835 7834
f 7823 7824 7836
f 7823 7836 7835
f 7824 7813 7825
f 7824 7825 7836
f 7825 7826 7838
f 7825 7838 7837
f 7826 7827 7839
f 7826 7839 7838
f 7827 7828 7840
f 7827 7840 7839
f 7828 7829 7841
f 7828 7841 7840
f 7829 7830 7842
f 7829 7842 7841
f 7830 7831 7843
f 7830 7843 7842
f 7831 7832 7844
f 7831 7844 7843
f 7832 7833 7845
f 7832 7845 7844
f 7833 7834 7846
f 7833 7846 7845
f 7834 7835 7847
f 7834 7847 7846
f 7835 7836 7848
f 7835 7848 7847
f 7836 7825 7837
f 7836 7837 7848
f 7837 7838 7850
f 7837 7850 7849
f 7838 7839 7851
f 7838 7851 7850
f 7839 7840 7852
f 7839 7852 7851
f 7840 7841 7853
f 7840 7853 7852
f 7841 7842 7854
f 7841 7854 7853
f 7842 7843 7855
f 7842 7855 7854
f 7843 7844 7856
f 7843 7856 7855
f 7844 7845 7857
f 7844 7857 7856
f 7845 7846 7858
f 7845 7858 7857
f 7846 7847 7859
f 7846 7859 7858
f 7847 7848 7860
f 7847 7860 7859
f 7848 7837 7849
f 7848 7849 7860
f 7849 7850 7862
f 7849 7862 7861
f 7850 7851 7863
f 7850 7863 7862
f 7851 7852 7864
f 7851 7864 7863
f 7852 7853 7865
f 7852 7865 7864
f 7853 7854 7866
f 7853 7866 7865
f 7854 7855 7867
f 7854 7867 7866
f 7855 7856 7868
f 7855 7868 7867
f 7856 7857 7869
f 7856 7869 7868
f 7857 7858 7870
f 7857 7870 7869
f 7858 7859 7871
f 7858 7871 7870
f 7859 7860 7872
f 7859 7872 7871
f 7860 7849 7861
f 7860 7861 7872
f 7861 7862 7874
f 7861 7874 7873
f 7862 7863 7875
f 7862 7875 7874
f 7863 7864 7876
f 7863 7876 7875
f 7864 7865 7877
f 7864 7877 7876
f 7865 7866 7878
f 7865 7878 7877
f 7866 7867 7879
f 7866 7879 7878
f 7867 7868 7880
f 7867 7880 7879
f 7868 7869 7881
f 7868 7881 7880
f 7869 7870 7882
f 7869 7882 7881
f 7870 7871 7883
f 7870 7883 7882
f 7871 7872 7884
f 7871 7884 7883
f 7872 7861 7873
f 7872 7873 7884
f 7873 7874 7886
f 7873 7886 7885
f 7874 7875 7887
f 7874 7887 7886
f 7875 7876 7888
f 7875 7888 7887
f 7876 7877 7889
f 7876 7889 7888
f 7877 7878 7890
f 7877 7890 7889
f 7878 7879 7891
f 7878 7891 7890
f 7879 7880 7892
f 7879 7892 7891
f 7880 7881 7893
f 7880 7893 7892
f 7881 7882 7894
f 7881 7894 7893
f 7882 7883 7895
f 7882 7895 7894
f 7883 7884 7896
f 7883 7896 7895
f 7884 7873 7885
f 7884 7885 7896
f 7885 7886 7898
f 7885 7898 7897
f 7886 7887 7899
f 7886 7899 7898
f 7887 7888 7900
f 7887 7900 7899
f 7888 7889 7901
f 7888 7901 7900
f 7889 7890 7902
f 7889 7902 7901
f 7890 7891 7903
f 7890 7903 7902
f 7891 7892 7904
f 7891 7904 7903
f 7892 7893 7905
f 7892 7905 7904
f 7893 7894 7906
f 7893 7906 7905
f 7894 7895 7907
f 7894 7907 7906
f 7895 7896 7908
f 7895 7908 7907
f 7896 7885 7897
f 7896 7897 7908
f 7897 7898 7910
f 7897 7910 7909
f 7898 7899 7911
f 7898 7911 7910
f 7899 7900 7912
f 7899 7912 7911
f 7900 7901 7913
f 7900 7913 7912
f 7901 7902 7914
f 7901 7914 7913
f 7902 7903 7915
f 7902 7915 7914
f 7903 7904 7916
f 7903 7916 7915
f 7904 7905 7917
f 7904 7917 7916
f 7905 7906 7918
f 7905 7918 7917
f 7906 7907 7919
f 7906 7919 7918
f 7907 7908 7920
f 7907 7920 7919
f 7908 7897 7909
f 7908 7909 7920
f 7909 7910 7922
f 7909 7922 7921
f 7910 7911 7923
f 7910 7923 7922
f 7911 7912 7924
f 7911 7924 7923
f 7912 7913 7925
f 7912 7925 7924
f 7913 7914 7926
f 7913 7926 7925
f 7914 7915 7927
f 7914 7927 7926
f 7915 7916 7928
f 7915 7928 7927
f 7916 7917 7929
f 7916 7929 7928
f 7917 7918 7930
f 7917 7930 7929
f 7918 7919 7931
f 7918 7931 7930
f 7919 7920 7932
f 7919 7932 7931
f 7920 7909 7921
f 7920 7921 7932
f 7921 7922 7934
f 7921 7934 7933
f 7922 7923 7935
f 7922 7935 7934
f 7923 7924 7936
f 7923 7936 7935
f 7924 7925 7937
f 7924 7937 7936
f 7925 7926 7938
f 7925 7938 7937
f 7926 7927 7939
f 7926 7939 7938
f 7927 7928 7940
f 7927 7940 7939
f 7928 7929 7941
f 7928 7941 7940
f 7929 7930 7942
f 7929 7942 7941
f 7930 7931 7943
f 7930 7943 7942
f 7931 7932 7944
f 7931 7944 7943
f 7932 7921 7933
f 7932 7933 7944
f 7933 7934 7946
f 7933 7946 7945
f 7934 7935 7947
f 7934 7947 7946
f 7935 7936 7948
f 7935 7948 7947
f 7936 7937 7949
f 7936 7949 7948
f 7937 7938 7950
f 7937 7950 7949
f 7938 7939 7951
f 7938 7951 7950
f 7939 7940 7952
f 7939 7952 7951
f 7940 7941 7953
f 7940 7953 7952
f 7941 7942 7954
f 7941 7954 7953
f 7942 7943 7955
f 7942 7955 7954
f 7943 7944 7956
f 7943 7956 7955
f 7944 7933 7945
f 7944 7945 7956
f 7945 7946 7958
f 7945 7958 7957
f 7946 7947 7959
f 7946 7959 7958
f 7947 7948 7960
f 7947 7960 7959
f 7948 7949 7961
f 7948 7961 7960
f 7949 7950 7962
f 7949 7962 7961
f 7950 7951 7963
f 7950 7963 7962
f 7951 7952 7964
f 7951 7964 7963
f 7952 7953 7965
f 7952 7965 7964
f 7953 7954 7966
f 7953 7966 7965
f 7954 7955 7967
f 7954 7967 7966
f 7955 7956 7968
f 7955 7968 7967
f 7956 7945 7957
f 7956 7957 7968
f 7957 7958 7970
f 7957 7970 7969
f 7958 7959 7971
f 7958 7971 7970
f 7959 7960 7972
f 7959 7972 7971
f 7960 7961 7973
f 7960 7973 7972
f 7961 7962 7974
f 7961 7974 7973
f 7962 7963 7975
f 7962 7975 7974
f 7963 7964 7976
f 7963 7976 7975
f 7964 7965 7977
f 7964 7977 7976
f 7965 7966 7978
f 7965 7978 7977
f 7966 7967 7979
f 7966 7979 7978
f 7967 7968 7980
f 7967 7980 7979
f 7968 7957 7969
f 7968 7969 7980
f 7969 7970 7982
f 7969 7982 7981
f 7970 7971 7983
f 7970 7983 7982
f 7971 7972 7984
f 7971 7984 7983
f 7972 7973 7985
f 7972 7985 7984
f 7973 7974 7986
f 7973 7986 7985
f 7974 7975 7987
f 7974 7987 7986
f 7975 7976 7988
f 7975 7988 7987
f 7976 7977 7989
f 7976 7989 7988
f 7977 7978 7990
f 7977 7990 7989
f 7978 7979 7991
f 7978 7991 7990
f 7979 7980 7992
f 7979 7992 7991
f 7980 7969 7981
f 7980 7981 7992
f 7981 7982 7994
f 7981 7994 7993
f 7982 7983 7995
f 7982 7995 7994
f 7983 7984 7996
f 7983 7996 7995
f 7984 7985 7997
f 7984 7997 7996
f 7985 7986 7998
f 7985 7998 7997
f 7986 7987 7999
f 7986 7999 7998
f 7987 7988 8000
f 7987 8000 7999
f 7988 7989 8001
f 7988 8001 8000
f 7989 7990 8002
f 7989 8002 8001
f 7990 7991 8003
f 7990 8003 8002
f 7991 7992 8004
f 7991 8004 8003
f 7992 7981 7993
f 7992 7993 8004
f 7993 7994 8006
f 7993 8006 8005
f 7994 7995 8007
f 7994 8007 8006
f 7995 7996 8008
f 7995 8008 8007
f 7996 7997 8009
f 7996 8009 8008
f 7997 7998 8010
f 7997 8010 8009
f 7998 7999 8011
f 7998 8011 8010
f 7999 8000 8012
f 7999 8012 8011
f 8000 8001 8013
f 8000 8013 8012
f 8001 8002 8014
f 8001 8014 8013
f 8002 8003 8015
f 8002 8015 8014
f 8003 8004 8016
f 8003 8016 8015
f 8004 7993 8005
f 8004 8005 8016
f 8005 8006 8018
f 8005 8018 8017
f 8006 8007 8019
f 8006 8019 8018
f 8007 8008 8020
f 8007 8020 8019
f 8008 8009 8021
f 8008 8021 8020
f 8009 8010 8022
f 8009 8022 8021
f 8010 8011 8023
f 8010 8023 8022
f 8011 8012 8024
f 8011 8024 8023
f 8012 8013 8025
f 8012 8025 8024
f 8013 8014 8026
f 8013 8026 8025
f 8014 8015 8027
f 8014 8027 8026
f 8015 8016 8028
f 8015 8028 8027
f 8016 8005 8017
f 8016 8017 8028
f 8017 8018 8030
f 8017 8030 8029
f 8018 8019 8031
f 8018 8031 8030
f 8019 8020 8032
f 8019 8032 8031
f 8020 8021 8033
f 8020 8033 8032
f 8021 8022 8034
f 8021 8034 8033
f 8022 8023 8035
f 8022 8035 8034
f 8023 8024 8036
f 8023 8036 8035
f 8024 8025 8037
f 8024 8037 8036
f 8025 8026 8038
f 8025 8038 8037
f 8026 8027 8039
f 8026 8039 8038
f 8027 8028 8040
f 8027 8040 8039
f 8028 8017 8029
f 8028 8029 8040
f 8029 8030 8042
f 8029 8042 8041
f 8030 8031 8043
f 8030 8043 8042
f 8031 8032 8044
f 8031 8044 8043
f 8032 8033 8045
f 8032 8045 8044
f 8033 8034 8046
f 8033 8046 8045
f 8034 8035 8047
f 8034 8047 8046
f 8035 8036 8048
f 8035 8048 8047
f 8036 8037 8049
f 8036 8049 8048
f 8037 8038 8050
f 8037 8050 8049
f 8038 8039 8051
f 8038 8051 8050
f 8039 8040 8052
f 8039 8052 8051
f 8040 8029 8041
f 8040 8041 8052
f 8041 8042 8054
f 8041 8054 8053
f 8042 8043 8055
f 8042 8055 8054
f 8043 8044 8056
f 8043 8056 8055
f 8044 8045 8057
f 8044 8057 8056
f 8045 8046 8058
f 8045 8058 8057
f 8046 8047 8059
f 8046 8059 8058
f 8047 8048 8060
f 8047 8060 8059
f 8048 8049 8061
f 8048 8061 8060
f 8049 8050 8062
f 8049 8062 8061
f 8050 8051 8063
f 8050 8063 8062
f 8051 8052 8064
f 8051 8064 8063
f 8052 8041 8053
f 8052 8053 8064
f 8053 8054 8066
f 8053 8066 8065
f 8054 8055 8067
f 8054 8067 8066
f 8055 8056 8068
f 8055 8068 8067
f 8056 8057 8069
f 8056 8069 8068
f 8057 8058 8070
f 8057 8070 8069
f 8058 8059 8071
f 8058 8071 8070
f 8059 8060 8072
f 8059 8072 8071
f 8060 8061 8073
f 8060 8073 8072
f 8061 8062 8074
f 8061 8074 8073
f 8062 8063 8075
f 8062 8075 8074
f 8063 8064 8076
f 8063 8076 8075
f 8064 8053 8065
f 8064 8065 8076
f 8065 8066 8078
f 8065 8078 8077
f 8066 8067 8079
f 8066 8079 8078
f 8067 8068 8080
f 8067 8080 8079
f 8068 8069 8081
f 8068 8081 8080
f 8069 8070 8082
f 8069 8082 8081
f 8070 8071 8083
f 8070 8083 8082
f 8071 8072 8084
f 8071 8084 8083
f 8072 8073 8085
f 8072 8085 8084
f 8073 8074 8086
f 8073 8086 8085
f 8074 8075 8087
f 8074 8087 8086
f 8075 8076 8088
f 8075 8088 8087
f 8076 8065 8077
f 8076 8077 8088
f 8077 8078 8090
f 8077 8090 8089
f 8078 8079 8091
f 8078 8091 8090
f 8079 8080 8092
f 8079 8092 8091
f 8080 8081 8093
f 8080 8093 8092
f 8081 8082 8094
f 8081 8094 8093
f 8082 8083 8095
f 8082 8095 8094
f 8083 8084 8096
f 8083 8096 8095
f 8084 8085 8097
f 8084 8097 8096
f 8085 8086 8098
f 8085 8098 8097
f 8086 8087 8099
f 8086 8099 8098
f 8087 8088 8100
f 8087 8100 8099
f 8088 8077 8089
f 8088 8089 8100
f 8089 8090 8102
f 8089 8102 8101
f 8090 8091 8103
f 8090 8103 8102
f 8091 8092 8104
f 8091 8104 8103
f 8092 8093 8105
f 8092 8105 8104
f 8093 8094 8106
f 8093 8106 8105
f 8094 8095 8107
f 8094 8107 8106
f 8095 8096 8108
f 8095 8108 8107
f 8096 8097 8109
f 8096 8109 8108
f 8097 8098 8110
f 8097 8110 8109
f 8098 8099 8111
f 8098 8111 8110
f 8099 8100 8112
f 8099 8112 8111
f 8100 8089 8101
f 8100 8101 8112
f 8101 8102 8114
f 8101 8114 8113
f 8102 8103 8115
f 8102 8115 8114
f 8103 8104 8116
f 8103 8116 8115
f 8104 8105 8117
f 8104 8117 8116
f 8105 8106 8118
f 8105 8118 8117
f 8106 8107 8119
f 8106 8119 8118
f 8107 8108 8120
f 8107 8120 8119
f 8108 8109 8121
f 8108 8121 8120
f 8109 8110 8122
f 8109 8122 8121
f 8110 8111 8123
f 8110 8123 8122
f 8111 8112 8124
f 8111 8124 8123
f 8112 8101 8113
f 8112 8113 8124
f 8113 8114 8126
f 8113 8126 8125
f 8114 8115 8127
f 8114 8127 8126
f 8115 8116 8128
f 8115 8128 8127
f 8116 8117 8129
f 8116 8129 8128
f 8117 8118 8130
f 8117 8130 8129
f 8118 8119 8131
f 8118 8131 8130
f 8119 8120 8132
f 8119 8132 8131
f 8120 8121 8133
f 8120 8133 8132
f 8121 8122 8134
f 8121 8134 8133
f 8122 8123 8135
f 8122 8135 8134
f 8123 8124 8136
f 8123 8136 8135
f 8124 8113 8125
f 8124 8125 8136
f 8125 8126 8138
f 8125 8138 8137
f 8126 8127 8139
f 8126 8139 8138
f 8127 8128 8140
f 8127 8140 8139
f 8128 8129 8141
f 8128 8141 8140
f 8129 8130 8142
f 8129 8142 8141
f 8130 8131 8143
f 8130 8143 8142
f 8131 8132 8144
f 8131 8144 8143
f 8132 8133 8145
f 8132 8145 8144
f 8133 8134 8146
f 8133 8146 8145
f 8134 8135 8147
f 8134 8147 8146
f 8135 8136 8148
f 8135 8148 8147
f 8136 8125 8137
f 8136 8137 8148
f 8137 8138 8150
f 8137 8150 8149
f 8138 8139 8151
f 8138 8151 8150
f 8139 8140 8152
f 8139 8152 8151
f 8140 8141 8153
f 8140 8153 8152
f 8141 8142 8154
f 8141 8154 8153
f 8142 8143 8155
f 8142 8155 8154
f 8143 8144 8156
f 8143 8156 8155
f 8144 8145 8157
f 8144 8157 8156
f 8145 8146 8158
f 8145 8158 8157
f 8146 8147 8159
f 8146 8159 8158
f 8147 8148 8160
f 8147 8160 8159
f 8148 8137 8149
f 8148 8149 8160
f 8149 8150 8162
f 8149 8162 8161
f 8150 8151 8163
f 8150 8163 8162
f 8151 8152 8164
f 8151 8164 8163
f 8152 8153 8165
f 8152 8165 8164
f 8153 8154 8166
f 8153 8166 8165
f 8154 8155 8167
f 8154 8167 8166
f 8155 8156 8168
f 8155 8168 8167
f 8156 8157 8169
f 8156 8169 8168
f 8157 8158 8170
f 8157 8170 8169
f 8158 8159 8171
f 8158 8171 8170
f 8159 8160 8172
f 8159 8172 8171
f 8160 8149 8161
f 8160 8161 8172
f 8161 8162 8174
f 8161 8174 8173
f 8162 8163 8175
f 8162 8175 8174
f 8163 8164 8176
f 8163 8176 8175
f 8164 8165 8177
f 8164 8177 8176
f 8165 8166 8178
f 8165 8178 8177
f 8166 8167 8179
f 8166 8179 8178
f 8167 8168 8180
f 8167 8180 8179
f 8168 8169 8181
f 8168 8181 8180
f 8169 8170 8182
f 8169 8182 8181
f 8170 8171 8183
f 8170 8183 8182
f 8171 8172 8184
f 8171 8184 8183
f 8172 8161 8173
f 8172 8173 8184
f 8173 8174 8186
f 8173 8186 8185
f 8174 8175 8187
f 8174 8187 8186
f 8175 8176 8188
f 8175 8188 8187
f 8176 8177 8189
f 8176 8189 8188
f 8177 8178 8190
f 8177 8190 8189
f 8178 8179 8191
f 8178 8191 8190
f 8179 8180 8192
f 8179 8192 8191
f 8180 8181 8193
f 8180 8193 8192
f 8181 8182 8194
f 8181 8194 8193
f 8182 8183 8195
f 8182 8195 8194
f 8183 8184 8196
f 8183 8196 8195
f 8184 8173 8185
f 8184 8185 8196
f 8185 8186 8198
f 8185 8198 8197
f 8186 8187 8199
f 8186 8199 8198
f 8187 8188 8200
f 8187 8200 8199
f 8188 8189 8201
f 8188 8201 8200
f 8189 8190 8202
f 8189 8202 8201
f 8190 8191 8203
f 8190 8203 8202
f 8191 8192 8204
f 8191 8204 8203
f 8192 8193 8205
f 8192 8205 8204
f 8193 8194 8206
f 8193 8206 8205
f 8194 8195 8207
f 8194 8207 8206
f 8195 8196 8208
f 8195 8208 8207
f 8196 8185 8197
f 8196 8197 8208
f 8197 8198 8210
f 8197 8210 8209
f 8198 8199 8211
f 8198 8211 8210
f 8199 8200 8212
f 8199 8212 8211
f 8200 8201 8213
f 8200 8213 8212
f 8201 8202 8214
f 8201 8214 8213
f 8202 8203 8215
f 8202 8215 8214
f 8203 8204 8216
f 8203 8216 8215
f 8204 8205 8217
f 8204 8217 8216
f 8205 8206 8218
f 8205 8218 8217
f 8206 8207 8219
f 8206 8219 8218
f 8207 8208 8220
f 8207 8220 8219
f 8208 8197 8209
f 8208 8209 8220
f 8209 8210 8222
f 8209 8222 8221
f 8210 8211 8223
f 8210 8223 8222
f 8211 8212 8224
f 8211 8224 8223
f 8212 8213 8225
f 8212 8225 8224
f 8213 8214 8226
f 8213 8226 8225
f 8214 8215 8227
f 8214 8227 8226
f 8215 8216 8228
f 8215 8228 8227
f 8216 8217 8229
f 8216 8229 8228
f 8217 8218 8230
f 8217 8230 8229
f 8218 8219 8231
f 8218 8231 8230
f 8219 8220 8232
f 8219 8232 8231
f 8220 8209 8221
f 8220 8221 8232
f 8221 8222 8234
f 8221 8234 8233
f 8222 8223 8235
f 8222 8235 8234
f 8223 8224 8236
f 8223 8236 8235
f 8224 8225 8237
f 8224 8237 8236
f 8225 8226 8238
f 8225 8238 8237
f 8226 8227 8239
f 8226 8239 8238
f 8227 8228 8240
f 8227 8240 8239
f 8228 8229 8241
f 8228 8241 8240
f 8229 8230 8242
f 8229 8242 8241
f 8230 8231 8243
f 8230 8243 8242
f 8231 8232 8244
f 8231 8244 8243
f 8232 8221 8233
f 8232 8233 8244
f 8233 8234 8246
f 8233 8246 8245
f 8234 8235 8247
f 8234 8247 8246
f 8235 8236 8248
f 8235 8248 8247
f 8236 8237 8249
f 8236 8249 8248
f 8237 8238 8250
f 8237 8250 8249
f 8238 8239 8251
f 8238 8251 8250
f 8239 8240 8252
f 8239 8252 8251
f 8240 8241 8253
f 8240 8253 8252
f 8241 8242 8254
f 8241 8254 8253
f 8242 8243 8255
f 8242 8255 8254
f 8243 8244 8256
f 8243 8256 8255
f 8244 8233 8245
f 8244 8245 8256
f 8245 8246 8258
f 8245 8258 8257
f 8246 8247 8259
f 8246 8259 8258
f 8247 8248 8260
f 8247 8260 8259
f 8248 8249 8261
f 8248 8261 8260
f 8249 8250 8262
f 8249 8262 8261
f 8250 8251 8263
f 8250 8263 8262
f 8251 8252 8264
f 8251 8264 8263
f 8252 8253 8265
f 8252 8265 8264
f 8253 8254 8266
f 8253 8266 8265
f 8254 8255 8267
f 8254 8267 8266
f 8255 8256 8268
f 8255 8268 8267
f 8256 8245 8257
f 8256 8257 8268
f 8257 8258 8270
f 8257 8270 8269
f 8258 8259 8271
f 8258 8271 8270
f 8259 8260 8272
f 8259 8272 8271
f 8260 8261 8273
f 8260 8273 8272
f 8261 8262 8274
f 8261 8274 8273
f 8262 8263 8275
f 8262 8275 8274
f 8263 8264 8276
f 8263 8276 8275
f 8264 8265 8277
f 8264 8277 8276
f 8265 8266 8278
f 8265 8278 8277
f 8266 8267 8279
f 8266 8279 8278
f 8267 8268 8280
f 8267 8280 8279
f 8268 8257 8269
f 8268 8269 8280
f 8269 8270 8282
f 8269 8282 8281
f 8270 8271 8283
f 8270 8283 8282
f 8271 8272 8284
f 8271 8284 8283
f 8272 8273 8285
f 8272 8285 8284
f 8273 8274 8286
f 8273 8286 8285
f 8274 8275 8287
f 8274 8287 8286
f 8275 8276 8288
f 8275 8288 8287
f 8276 8277 8289
f 8276 8289 8288
f 8277 8278 8290
f 8277 8290 8289
f 8278 8279 8291
f 8278 8291 8290
f 8279 8280 8292
f 8279 8292 8291
f 8280 8269 8281
f 8280 8281 8292
f 8281 8282 8294
f 8281 8294 8293
f 8282 8283 8295
f 8282 8295 8294
f 8283 8284 8296
f 8283 8296 8295
f 8284 8285 8297
f 8284 8297 8296
f 8285 8286 8298
f 8285 8298 8297
f 8286 8287 8299
f 8286 8299 8298
f 8287 8288 8300
f 8287 8300 8299
f 8288 8289 8301
f 8288 8301 8300
f 8289 8290 8302
f 8289 8302 8301
f 8290 8291 8303
f 8290 8303 8302
f 8291 8292 8304
f 8291 8304 8303
f 8292 8281 8293
f 8292 8293 8304
f 8293 8294 8306
f 8293 8306 8305
f 8294 8295 8307
f 8294 8307 8306
f 8295 8296 8308
f 8295 8308 8307
f 8296 8297 8309
f 8296 8309 8308
f 8297 8298 8310
f 8297 8310 8309
f 8298 8299 8311
f 8298 8311 8310
f 8299 8300 8312
f 8299 8312 8311
f 8300 8301 8313
f 8300 8313 8312
f 8301 8302 8314
f 8301 8314 8313
f 8302 8303 8315
f 8302 8315 8314
f 8303 8304 8316
f 8303 8316 8315
f 8304 8293 8305
f 8304 8305 8316
f 8305 8306 8318
f 8305 8318 8317
f 8306 8307 8319
f 8306 8319 8318
f 8307 8308 8320
f 8307 8320 8319
f 8308 8309 8321
f 8308 8321 8320
f 8309 8310 8322
f 8309 8322 8321
f 8310 8311 8323
f 8310 8323 8322
f 8311 8312 8324
f 8311 8324 8323
f 8312 8313 8325
f 8312 8325 8324
f 8313 8314 8326
f 8313 8326 8325
f 8314 8315 8327
f 8314 8327 8326
f 8315 8316 8328
f 8315 8328 8327
f 8316 8305 8317
f 8316 8317 8328
f 8317 8318 8330
f 8317 8330 8329
f 8318 8319 8331
f 8318 8331 8330
f 8319 8320 8332
f 8319 8332 8331
f 8320 8321 8333
f 8320 8333 8332
f 8321 8322 8334
f 8321 8334 8333
f 8322 8323 8335
f 8322 8335 8334
f 8323 8324 8336
f 8323 8336 8335
f 8324 8325 8337
f 8324 8337 8336
f 8325 8326 8338
f 8325 8338 8337
f 8326 8327 8339
f 8326 8339 8338
f 8327 8328 8340
f 8327 8340 8339
f 8328 8317 8329
f 8328 8329 8340
f 8329 8330 8342
f 8329 8342 8341
f 8330 8331 8343
f 8330 8343 8342
f 8331 8332 8344
f 8331 8344 8343
f 8332 8333 8345
f 8332 8345 8344
f 8333 8334 8346
f 8333 8346 8345
f 8334 8335 8347
f 8334 8347 8346
f 8335 8336 8348
f 8335 8348 8347
f 8336 8337 8349
f 8336 8349 8348
f 8337 8338 8350
f 8337 8350 8349
f 8338 8339 8351
f 8338 8351 8350
f 8339 8340 8352
f 8339 8352 8351
f 8340 8329 8341
f 8340 8341 8352
f 8341 8342 8354
f 8341 8354 8353
f 8342 8343 8355
f 8342 8355 8354
f 8343 8344 8356
f 8343 8356 8355
f 8344 8345 8357
f 8344 8357 8356
f 8345 8346 8358
f 8345 8358 8357
f 8346 8347 8359
f 8346 8359 8358
f 8347 8348 8360
f 8347 8360 8359
f 8348 8349 8361
f 8348 8361 8360
f 8349 8350 8362
f 8349 8362 8361
f 8350 8351 8363
f 8350 8363 8362
f 8351 8352 8364
f 8351 8364 8363
f 8352 8341 8353
f 8352 8353 8364
f 8353 8354 8366
f 8353 8366 8365
f 8354 8355 8367
f 8354 8367 8366
f 8355 8356 8368
f 8355 8368 8367
f 8356 8357 8369
f 8356 8369 8368
f 8357 8358 8370
f 8357 8370 8369
f 8358 8359 8371
f 8358 8371 8370
f 8359 8360 8372
f 8359 8372 8371
f 8360 8361 8373
f 8360 8373 8372
f 8361 8362 8374
f 8361 8374 8373
f 8362 8363 8375
f 8362 8375 8374
f 8363 8364 8376
f 8363 8376 8375
f 8364 8353 8365
f 8364 8365 8376
f 8365 8366 8378
f 8365 8378 8377
f 8366 8367 8379
f 8366 8379 8378
f 8367 8368 8380
f 8367 8380 8379
f 8368 8369 8381
f 8368 8381 8380
f 8369 8370 8382
f 8369 8382 8381
f 8370 8371 8383
f 8370 8383 8382
f 8371 8372 8384
f 8371 8384 8383
f 8372 8373 8385
f 8372 8385 8384
f 8373 8374 8386
f 8373 8386 8385
f 8374 8375 8387
f 8374 8387 8386
f 8375 8376 8388
f 8375 8388 8387
f 8376 8365 8377
f 8376 8377 8388
f 8377 8378 8390
f 8377 8390 8389
f 8378 8379 8391
f 8378 8391 8390
f 8379 8380 8392
f 8379 8392 8391
f 8380 8381 8393
f 8380 8393 8392
f 8381 8382 8394
f 8381 8394 8393
f 8382 8383 8395
f 8382 8395 8394
f 8383 8384 8396
f 8383 8396 8395
f 8384 8385 8397
f 8384 8397 8396
f 8385 8386 8398
f 8385 8398 8397
f 8386 8387 8399
f 8386 8399 8398
f 8387 8388 8400
f 8387 8400 8399
f 8388 8377 8389
f 8388 8389 8400
f 8389 8390 8402
f 8389 8402 8401
f 8390 8391 8403
f 8390 8403 8402
f 8391 8392 8404
f 8391 8404 8403
f 8392 8393 8405
f 8392 8405 8404
f 8393 8394 8406
f 8393 8406 8405
f 8394 8395 8407
f 8394 8407 8406
f 8395 8396 8408
f 8395 8408 8407
f 8396 8397 8409
f 8396 8409 8408
f 8397 8398 8410
f 8397 8410 8409
f 8398 8399 8411
f 8398 8411 8410
f 8399 8400 8412
f 8399 8412 8411
f 8400 8389 8401
f 8400 8401 8412
f 8401 8402 8414
f 8401 8414 8413
f 8402 8403 8415
f 8402 8415 8414
f 8403 8404 8416
f 8403 8416 8415
f 8404 8405 8417
f 8404 8417 8416
f 8405 8406 8418
f 8405 8418 8417
f 8406 8407 8419
f 8406 8419 8418
f 8407 8408 8420
f 8407 8420 8419
f 8408 8409 8421
f 8408 8421 8420
f 8409 8410 8422
f 8409 8422 8421
f 8410 8411 8423
f 8410 8423 8422
f 8411 8412 8424
f 8411 8424 8423
f 8412 8401 8413
f 8412 8413 8424
f 8413 8414 8426
f 8413 8426 8425
f 8414 8415 8427
f 8414 8427 8426
f 8415 8416 8428
f 8415 8428 8427
f 8416 8417 8429
f 8416 8429 8428
f 8417 8418 8430
f 8417 8430 8429
f 8418 8419 8431
f 8418 8431 8430
f 8419 8420 8432
f 8419 8432 8431
f 8420 8421 8433
f 8420 8433 8432
f 8421 8422 8434
f 8421 8434 8433
f 8422 8423 8435
f 8422 8435 8434
f 8423 8424 8436
f 8423 8436 8435
f 8424 8413 8425
f 8424 8425 8436
f 8425 8426 8438
f 8425 8438 8437
f 8426 8427 8439
f 8426 8439 8438
f 8427 8428 8440
f 8427 8440 8439
f 8428 8429 8441
f 8428 8441 8440
f 8429 8430 8442
f 8429 8442 8441
f 8430 8431 8443
f 8430 8443 8442
f 8431 8432 8444
f 8431 8444 8443
f 8432 8433 8445
f 8432 8445 8444
f 8433 8434 8446
f 8433 8446 8445
f 8434 8435 8447
f 8434 8447 8446
f 8435 8436 8448
f 8435 8448 8447
f 8436 8425 8437
f 8436 8437 8448
f 8437 8438 8450
f 8437 8450 8449
f 8438 8439 8451
f 8438 8451 8450
f 8439 8440 8452
f 8439 8452 8451
f 8440 8441 8453
f 8440 8453 8452
f 8441 8442 8454
f 8441 8454 8453
f 8442 8443 8455
f 8442 8455 8454
f 8443 8444 8456
f 8443 8456 8455
f 8444 8445 8457
f 8444 8457 8456
f 8445 8446 8458
f 8445 8458 8457
f 8446 8447 8459
f 8446 8459 8458
f 8447 8448 8460
f 8447 8460 8459
f 8448 8437 8449
f 8448 8449 8460
f 8449 8450 8462
f 8449 8462 8461
f 8450 8451 8463
f 8450 8463 8462
f 8451 8452 8464
f 8451 8464 8463
f 8452 8453 8465
f 8452 8465 8464
f 8453 8454 8466
f 8453 8466 8465
f 8454 8455 8467
f 8454 8467 8466
f 8455 8456 8468
f 8455 8468 8467
f 8456 8457 8469
f 8456 8469 8468
f 8457 8458 8470
f 8457 8470 8469
f 8458 8459 8471
f 8458 8471 8470
f 8459 8460 8472
f 8459 8472 8471
f 8460 8449 8461
f 8460 8461 8472
f 8461 8462 8474
f 8461 8474 8473
f 8462 8463 8475
f 8462 8475 8474
f 8463 8464 8476
f 8463 8476 8475
f 8464 8465 8477
f 8464 8477 8476
f 8465 8466 8478
f 8465 8478 8477
f 8466 8467 8479
f 8466 8479 8478
f 8467 8468 8480
f 8467 8480 8479
f 8468 8469 8481
f 8468 8481 8480
f 8469 8470 8482
f 8469 8482 8481
f 8470 8471 8483
f 8470 8483 8482
f 8471 8472 8484
f 8471 8484 8483
f 8472 8461 8473
f 8472 8473 8484
f 8473 8474 8486
f 8473 8486 8485
f 8474 8475 8487
f 8474 8487 8486
f 8475 8476 8488
f 8475 8488 8487
f 8476 8477 8489
f 8476 8489 8488
f 8477 8478 8490
f 8477 8490 8489
f 8478 8479 8491
f 8478 8491 8490
f 8479 8480 8492
f 8479 8492 8491
f 8480 8481 8493
f 8480 8493 8492
f 8481 8482 8494
f 8481 8494 8493
f 8482 8483 8495
f 8482 8495 8494
f 8483 8484 8496
f 8483 8496 8495
f 8484 8473 8485
f 8484 8485 8496
f 8485 8486 8498
f 8485 8498 8497
f 8486 8487 8499
f 8486 8499 8498
f 8487 8488 8500
f 8487 8500 8499
f 8488 8489 8501
f 8488 8501 8500
f 8489 8490 8502
f 8489 8502 8501
f 8490 8491 8503
f 8490 8503 8502
f 8491 8492 8504
f 8491 8504 8503
f 8492 8493 8505
f 8492 8505 8504
f 8493 8494 8506
f 8493 8506 8505
f 8494 8495 8507
f 8494 8507 8506
f 8495 8496 8508
f 8495 8508 8507
f 8496 8485 8497
f 8496 8497 8508
f 8497 8498 8510
f 8497 8510 8509
f 8498 8499 8511
f 8498 8511 8510
f 8499 8500 8512
f 8499 8512 8511
f 8500 8501 8513
f 8500 8513 8512
f 8501 8502 8514
f 8501 8514 8513
f 8502 8503 8515
f 8502 8515 8514
f 8503 8504 8516
f 8503 8516 8515
f 8504 8505 8517
f 8504 8517 8516
f 8505 8506 8518
f 8505 8518 8517
f 8506 8507 8519
f 8506 8519 8518
f 8507 8508 8520
f 8507 8520 8519
f 8508 8497 8509
f 8508 8509 8520
f 8509 8510 8522
f 8509 8522 8521
f 8510 8511 8523
f 8510 8523 8522
f 8511 8512 8524
f 8511 8524 8523
f 8512 8513 8525
f 8512 8525 8524
f 8513 8514 8526
f 8513 8526 8525
f 8514 8515 8527
f 8514 8527 8526
f 8515 8516 8528
f 8515 8528 8527
f 8516 8517 8529
f 8516 8529 8528
f 8517 8518 8530
f 8517 8530 8529
f 8518 8519 8531
f 8518 8531 8530
f 8519 8520 8532
f 8519 8532 8531
f 8520 8509 8521
f 8520 8521 8532
f 8521 8522 8534
f 8521 8534 8533
f 8522 8523 8535
f 8522 8535 8534
f 8523 8524 8536
f 8523 8536 8535
f 8524 8525 8537
f 8524 8537 8536
f 8525 8526 8538
f 8525 8538 8537
f 8526 8527 8539
f 8526 8539 8538
f 8527 8528 8540
f 8527 8540 8539
f 8528 8529 8541
f 8528 8541 8540
f 8529 8530 8542
f 8529 8542 8541
f 8530 8531 8543
f 8530 8543 8542
f 8531 8532 8544
f 8531 8544 8543
f 8532 8521 8533
f 8532 8533 8544
f 8533 8534 8546
f 8533 8546 8545
f 8534 8535 8547
f 8534 8547 8546
f 8535 8536 8548
f 8535 8548 8547
f 8536 8537 8549
f 8536 8549 8548
f 8537 8538 8550
f 8537 8550 8549
f 8538 8539 8551
f 8538 8551 8550
f 8539 8540 8552
f 8539 8552 8551
f 8540 8541 8553
f 8540 8553 8552
f 8541 8542 8554
f 8541 8554 8553
f 8542 8543 8555
f 8542 8555 8554
f 8543 8544 8556
f 8543 8556 8555
f 8544 8533 8545
f 8544 8545 8556
f 8545 8546 8558
f 8545 8558 8557
f 8546 8547 8559
f 8546 8559 8558
f 8547 8548 8560
f 8547 8560 8559
f 8548 8549 8561
f 8548 8561 8560
f 8549 8550 8562
f 8549 8562 8561
f 8550 8551 8563
f 8550 8563 8562
f 8551 8552 8564
f 8551 8564 8563
f 8552 8553 8565
f 8552 8565 8564
f 8553 8554 8566
f 8553 8566 8565
f 8554 8555 8567
f 8554 8567 8566
f 8555 8556 8568
f 8555 8568 8567
f 8556 8545 8557
f 8556 8557 8568
f 8557 8558 8570
f 8557 8570 8569
f 8558 8559 8571
f 8558 8571 8570
f 8559 8560 8572
f 8559 8572 8571
f 8560 8561 8573
f 8560 8573 8572
f 8561 8562 8574
f 8561 8574 8573
f 8562 8563 8575
f 8562 8575 8574
f 8563 8564 8576
f 8563 8576 8575
f 8564 8565 8577
f 8564 8577 8576
f 8565 8566 8578
f 8565 8578 8577
f 8566 8567 8579
f 8566 8579 8578
f 8567 8568 8580
f 8567 8580 8579
f 8568 8557 8569
f 8568 8569 8580
f 8569 8570 8582
f 8569 8582 8581
f 8570 8571 8583
f 8570 8583 8582
f 8571 8572 8584
f 8571 8584 8583
f 8572 8573 8585
f 8572 8585 8584
f 8573 8574 8586
f 8573 8586 8585
f 8574 8575 8587
f 8574 8587 8586
f 8575 8576 8588
f 8575 8588 8587
f 8576 8577 8589
f 8576 8589 8588
f 8577 8578 8590
f 8577 8590 8589
f 8578 8579 8591
f 8578 8591 8590
f 8579 8580 8592
f 8579 8592 8591
f 8580 8569 8581
f 8580 8581 8592
f 8581 8582 8594
f 8581 8594 8593
f 8582 8583 8595
f 8582 8595 8594
f 8583 8584 8596
f 8583 8596 8595
f 8584 8585 8597
f 8584 8597 8596
f 8585 8586 8598
f 8585 8598 8597
f 8586 8587 8599
f 8586 8599 8598
f 8587 8588 8600
f 8587 8600 8599
f 8588 8589 8601
f 8588 8601 8600
f 8589 8590 8602
f 8589 8602 8601
f 8590 8591 8603
f 8590 8603 8602
f 8591 8592 8604
f 8591 8604 8603
f 8592 8581 8593
f 8592 8593 8604
f 8593 8594 8606
f 8593 8606 8605
f 8594 8595 8607
f 8594 8607 8606
f 8595 8596 8608
f 8595 8608 8607
f 8596 8597 8609
f 8596 8609 8608
f 8597 8598 8610
f 8597 8610 8609
f 8598 8599 8611
f 8598 8611 8610
f 8599 8600 8612
f 8599 8612 8611
f 8600 8601 8613
f 8600 8613 8612
f 8601 8602 8614
f 8601 8614 8613
f 8602 8603 8615
f 8602 8615 8614
f 8603 8604 8616
f 8603 8616 8615
f 8604 8593 8605
f 8604 8605 8616
f 8605 8606 8618
f 8605 8618 8617
f 8606 8607 8619
f 8606 8619 8618
f 8607 8608 8620
f 8607 8620 8619
f 8608 8609 8621
f 8608 8621 8620
f 8609 8610 8622
f 8609 8622 8621
f 8610 8611 8623
f 8610 8623 8622
f 8611 8612 8624
f 8611 8624 8623
f 8612 8613 8625
f 8612 8625 8624
f 8613 8614 8626
f 8613 8626 8625
f 8614 8615 8627
f 8614 8627 8626
f 8615 8616 8628
f 8615 8628 8627
f 8616 8605 8617
f 8616 8617 8628
f 8617 8618 8630
f 8617 8630 8629
f 8618 8619 8631
f 8618 8631 8630
f 8619 8620 8632
f 8619 8632 8631
f 8620 8621 8633
f 8620 8633 8632
f 8621 8622 8634
f 8621 8634 8633
f 8622 8623 8635
f 8622 8635 8634
f 8623 8624 8636
f 8623 8636 8635
f 8624 8625 8637
f 8624 8637 8636
f 8625 8626 8638
f 8625 8638 8637
f 8626 8627 8639
f 8626 8639 8638
f 8627 8628 8640
f 8627 8640 8639
f 8628 8617 8629
f 8628 8629 8640
f 8629 8630 2
f 8629 2 1
f 8630 8631 3
f 8630 3 2
f 8631 8632 4
f 8631 4 3
f 8632 8633 5
f 8632 5 4
f 8633 8634 6
f 8633 6 5
f 8634 8635 7
f 8634 7 6
f 8635 8636 8
f 8635 8 7
f 8636 8637 9
f 8636 9 8
f 8637 8638 10
f 8637 10 9
f 8638 8639 11
f 8638 11 10
f 8639 8640 12
f 8639 12 11
f 8640 8629 1
f 8640 1 12
